lap_time_s,driver,year,lap,gp,compound,stint,tyre_life
80.376,DEV,2023,4,Monaco,MEDIUM,1,4
99.948,OCO,2023,3,Bahrain,SOFT,1,6
83.934,STR,2022,43,Australia,HARD,4,24
116.566,NOR,2023,1,Australia,MEDIUM,1,1
96.962,VER,2023,49,Bahrain,HARD,3,13
96.113,ALO,2022,4,Saudi Arabia,MEDIUM,1,4
85.072,PIA,2023,43,Monza,MEDIUM,3,5
96.181,RUS,2024,50,Bahrain,HARD,3,19
84.471,HAM,2022,42,Monza,SOFT,2,9
83.615,BOT,2022,49,Australia,HARD,2,27
97.668,HAM,2022,39,Bahrain,MEDIUM,3,12
86.717,PIA,2023,34,Monza,HARD,2,16
80.775,LEC,2024,10,Monaco,HARD,2,9
85.288,RUS,2022,40,Monza,HARD,2,17
82.678,PER,2023,24,Australia,HARD,4,17
99.626,SAR,2023,56,Bahrain,SOFT,4,16
101.18,VER,2023,27,Singapore,HARD,1,27
88.269,GAS,2024,3,Monaco,MEDIUM,2,2
80.669,ZHO,2024,21,Monaco,HARD,2,20
101.541,OCO,2023,7,Australia,HARD,2,6
91.615,OCO,2022,20,Monaco,WET,1,20
148.721,ZHO,2023,37,Silverstone,SOFT,4,4
81.137,ALB,2024,17,Monaco,HARD,2,16
95.223,VER,2024,26,Bahrain,HARD,2,9
85.284,BOT,2022,17,Australia,MEDIUM,1,17
94.644,VER,2022,43,Saudi Arabia,HARD,2,27
78.945,RUS,2023,6,Monaco,HARD,1,6
94.122,NOR,2023,49,Saudi Arabia,MEDIUM,3,30
97.856,BOT,2023,53,Bahrain,HARD,3,24
81.896,TSU,2024,9,Monaco,HARD,2,9
174.11,VET,2022,1,Silverstone,SOFT,1,1
78.679,RUS,2024,28,Monaco,MEDIUM,2,27
96.683,ZHO,2024,40,Bahrain,HARD,3,12
80.632,VER,2023,51,Australia,HARD,2,43
127.757,STR,2023,3,Australia,MEDIUM,1,4
99.222,PER,2022,32,Bahrain,MEDIUM,2,17
124.945,PER,2022,40,Saudi Arabia,HARD,2,25
79.627,TSU,2023,12,Monaco,MEDIUM,1,12
99.089,DEV,2023,50,Bahrain,HARD,3,23
92.474,VER,2022,35,Saudi Arabia,HARD,2,19
82.998,HAM,2023,15,Australia,HARD,2,7
97.521,GAS,2024,16,Bahrain,HARD,2,4
107.368,ZHO,2023,35,Silverstone,SOFT,3,2
98.264,SAI,2022,25,Bahrain,SOFT,2,11
79.027,PER,2022,36,Monaco,MEDIUM,4,6
76.082,LEC,2024,68,Monaco,HARD,2,67
78.197,TSU,2024,66,Monaco,HARD,2,66
100.919,ALB,2023,45,Singapore,MEDIUM,3,2
137.172,ALO,2022,41,Silverstone,SOFT,4,2
81.352,NOR,2023,52,Australia,HARD,2,44
95.717,TSU,2023,23,Saudi Arabia,HARD,2,6
146.619,HAM,2023,36,Silverstone,SOFT,2,6
79.067,DEV,2023,31,Monaco,MEDIUM,1,31
77.54,GAS,2023,25,Monaco,HARD,1,25
86.798,OCO,2022,36,Monza,HARD,2,17
82.828,HAM,2022,34,Monaco,MEDIUM,4,4
77.847,RUS,2023,43,Monaco,HARD,1,43
93.431,STR,2023,22,Silverstone,MEDIUM,1,23
101.031,LAT,2022,25,Bahrain,SOFT,2,11
100.273,HAM,2023,14,Singapore,MEDIUM,1,14
77.947,ALO,2023,22,Monaco,HARD,1,23
175.539,MAG,2022,1,Monaco,WET,1,1
86.178,RUS,2023,4,Monza,MEDIUM,1,4
97.68,VER,2023,2,Saudi Arabia,MEDIUM,1,2
88.759,TSU,2023,74,Monaco,INTERMEDIATE,2,21
79.543,SAI,2024,15,Monaco,HARD,2,14
95.574,NOR,2023,27,Saudi Arabia,MEDIUM,3,8
116.898,NOR,2024,34,Bahrain,HARD,3,1
98.559,ALO,2023,32,Silverstone,MEDIUM,1,33
78.372,OCO,2023,17,Monaco,MEDIUM,1,17
77.293,HAM,2023,39,Monaco,HARD,2,8
81.452,OCO,2023,51,Australia,HARD,3,50
99.073,LEC,2023,10,Bahrain,SOFT,1,10
82.221,HUL,2023,27,Australia,HARD,2,19
83.719,HUL,2023,13,Australia,HARD,2,5
103.122,HAM,2024,1,Bahrain,SOFT,1,4
87.711,RIC,2022,15,Monza,MEDIUM,1,15
79.986,PER,2023,29,Monaco,HARD,2,28
91.341,HAM,2023,53,Monaco,HARD,2,22
82.979,NOR,2022,46,Australia,HARD,2,26
88.416,DEV,2022,2,Monza,SOFT,1,2
80.386,TSU,2024,24,Monaco,HARD,2,24
81.62,GAS,2022,37,Monaco,HARD,4,15
93.979,BOT,2022,31,Saudi Arabia,HARD,2,15
101.156,ZHO,2023,6,Bahrain,SOFT,1,6
99.736,NOR,2023,30,Singapore,HARD,2,10
78.652,NOR,2023,7,Monaco,MEDIUM,1,7
97.375,OCO,2022,4,Saudi Arabia,MEDIUM,1,4
93.788,STR,2022,36,Silverstone,HARD,3,22
78.122,NOR,2022,39,Monaco,HARD,4,17
89.68,HAM,2023,70,Monaco,INTERMEDIATE,3,16
99.165,RUS,2022,25,Bahrain,HARD,2,11
95.14,STR,2023,7,Saudi Arabia,MEDIUM,1,7
82.541,ZHO,2022,55,Australia,HARD,2,34
87.36,BOT,2023,7,Monza,HARD,1,10
80.549,LEC,2023,2,Monaco,HARD,1,2
103.755,MAG,2023,59,Monaco,WET,2,3
104.0,PER,2022,43,Monza,SOFT,3,1
95.7,LEC,2023,22,Saudi Arabia,HARD,2,6
80.702,SAR,2023,13,Monaco,MEDIUM,1,13
95.161,HAM,2023,32,Silverstone,MEDIUM,1,32
97.015,VER,2023,45,Bahrain,HARD,3,9
82.901,TSU,2023,40,Australia,HARD,2,32
95.739,PIA,2024,53,Bahrain,HARD,3,19
78.141,SAI,2024,47,Monaco,HARD,2,46
80.286,ALO,2024,43,Monaco,MEDIUM,2,43
124.565,GAS,2024,13,Bahrain,HARD,2,1
96.814,OCO,2024,38,Bahrain,HARD,3,8
77.279,STR,2024,56,Monaco,SOFT,4,8
79.153,TSU,2024,34,Monaco,HARD,2,34
101.352,PIA,2023,11,Bahrain,SOFT,1,11
102.204,PIA,2023,35,Singapore,HARD,2,15
97.861,ALB,2023,52,Bahrain,SOFT,4,12
106.101,ALB,2023,58,Monaco,INTERMEDIATE,3,6
87.153,ZHO,2023,24,Monza,HARD,2,16
91.56,NOR,2023,50,Silverstone,HARD,2,17
78.31,GAS,2023,10,Monaco,HARD,1,10
79.045,NOR,2023,6,Monaco,MEDIUM,1,6
96.297,PER,2023,68,Monaco,WET,5,11
77.296,NOR,2024,78,Monaco,HARD,2,78
79.865,GAS,2024,48,Monaco,MEDIUM,2,47
77.161,VER,2023,40,Monaco,MEDIUM,1,40
78.23,HUL,2023,25,Monaco,HARD,2,24
87.909,STR,2023,17,Monza,MEDIUM,1,17
77.273,VER,2023,37,Monaco,MEDIUM,1,37
93.933,NOR,2022,29,Silverstone,MEDIUM,2,29
79.211,ZHO,2022,57,Monaco,MEDIUM,3,28
79.88,TSU,2022,44,Monaco,MEDIUM,4,15
109.227,RIC,2022,44,Bahrain,HARD,3,11
82.986,NOR,2023,17,Australia,HARD,2,9
96.008,SAI,2024,22,Bahrain,HARD,2,8
82.341,NOR,2023,49,Australia,HARD,2,41
93.821,LEC,2022,10,Silverstone,MEDIUM,2,9
101.818,RIC,2022,5,Bahrain,MEDIUM,1,5
100.395,STR,2022,57,Bahrain,SOFT,4,12
97.57,PIA,2024,31,Bahrain,HARD,2,19
94.418,ZHO,2023,14,Silverstone,MEDIUM,1,14
98.418,PER,2023,25,Bahrain,SOFT,2,10
97.387,PER,2023,27,Bahrain,SOFT,2,12
76.458,HAM,2024,53,Monaco,HARD,3,3
78.574,VER,2024,30,Monaco,MEDIUM,2,29
94.056,TSU,2023,42,Saudi Arabia,HARD,2,25
93.07,PIA,2023,1,Monaco,HARD,1,1
94.53,HUL,2023,3,Silverstone,HARD,1,3
98.972,HUL,2023,15,Bahrain,HARD,2,4
100.016,MAG,2023,63,Monaco,WET,2,7
93.367,HAM,2023,48,Saudi Arabia,MEDIUM,2,30
104.45,HUL,2022,17,Bahrain,SOFT,1,17
79.428,GAS,2024,38,Monaco,MEDIUM,2,37
82.155,SAI,2023,30,Australia,HARD,3,23
77.894,SAR,2023,25,Monaco,SOFT,3,2
97.957,ZHO,2023,36,Bahrain,SOFT,3,7
94.429,PIA,2023,40,Saudi Arabia,HARD,2,39
91.4,VER,2023,48,Silverstone,SOFT,2,18
92.377,ALO,2023,21,Monza,MEDIUM,1,21
88.386,VER,2023,73,Monaco,INTERMEDIATE,2,18
74.72,TSU,2024,77,Monaco,HARD,2,77
87.085,STR,2023,28,Monza,HARD,2,12
87.055,RUS,2023,17,Monza,MEDIUM,1,17
93.255,GAS,2023,28,Silverstone,MEDIUM,1,28
97.722,PER,2024,4,Bahrain,SOFT,1,7
81.854,SAI,2023,31,Australia,HARD,3,24
98.64,OCO,2024,5,Bahrain,SOFT,1,5
82.339,RIC,2022,35,Monaco,HARD,3,16
96.518,ZHO,2024,34,Bahrain,HARD,3,6
80.03,RUS,2023,4,Monaco,HARD,1,4
81.881,SAR,2023,43,Australia,HARD,5,14
96.454,PER,2024,17,Bahrain,HARD,2,5
91.752,ALB,2023,43,Silverstone,SOFT,2,15
144.892,SAR,2023,36,Silverstone,SOFT,2,7
95.849,OCO,2023,5,Saudi Arabia,MEDIUM,1,5
96.635,RUS,2024,2,Bahrain,SOFT,1,5
94.609,LEC,2023,14,Saudi Arabia,SOFT,1,14
77.172,RIC,2024,46,Monaco,HARD,2,46
109.364,NOR,2022,17,Monaco,WET,1,17
94.572,MAG,2022,30,Saudi Arabia,HARD,1,32
95.44,SAI,2024,49,Bahrain,HARD,3,14
88.232,MAG,2022,15,Monza,MEDIUM,1,15
79.37,ALB,2024,70,Monaco,HARD,2,69
92.904,SAI,2022,32,Saudi Arabia,HARD,2,16
79.099,ZHO,2023,37,Monaco,HARD,2,36
91.36,LEC,2023,47,Silverstone,MEDIUM,3,15
95.911,ALB,2023,11,Saudi Arabia,MEDIUM,1,11
95.528,GAS,2022,16,Silverstone,SOFT,2,15
76.581,RUS,2024,63,Monaco,MEDIUM,2,62
97.984,ALB,2023,35,Bahrain,HARD,3,9
97.947,ZHO,2024,21,Bahrain,HARD,2,12
97.428,ALB,2023,64,Monaco,INTERMEDIATE,3,12
80.862,RIC,2024,17,Monaco,HARD,2,17
83.224,TSU,2024,6,Monaco,HARD,2,6
97.642,ALO,2022,56,Bahrain,SOFT,4,14
96.695,TSU,2024,49,Bahrain,HARD,3,15
138.447,LEC,2023,44,Singapore,HARD,2,24
79.989,STR,2023,2,Monaco,HARD,1,3
122.845,BOT,2023,3,Australia,HARD,2,2
84.956,RIC,2022,12,Australia,MEDIUM,1,12
87.536,MAG,2023,24,Monza,MEDIUM,2,12
86.945,LAT,2022,35,Monza,HARD,2,20
97.257,STR,2023,47,Bahrain,HARD,3,17
105.603,VER,2022,3,Monaco,WET,1,3
87.642,OCO,2022,7,Monza,SOFT,1,7
79.704,GAS,2024,56,Monaco,MEDIUM,2,55
95.632,STR,2024,30,Bahrain,HARD,3,3
134.508,LEC,2022,49,Monza,SOFT,4,4
85.615,PIA,2023,76,Monaco,INTERMEDIATE,2,22
81.894,VER,2023,34,Australia,HARD,2,26
96.668,NOR,2024,22,Bahrain,HARD,2,9
86.837,NOR,2022,27,Monza,MEDIUM,1,27
94.957,HUL,2023,36,Saudi Arabia,HARD,2,25
90.547,VER,2023,40,Silverstone,SOFT,2,10
87.303,SAI,2023,46,Monza,HARD,2,27
97.968,ALB,2024,30,Bahrain,HARD,2,15
82.269,VER,2023,22,Australia,HARD,2,14
86.912,ALO,2023,47,Monza,HARD,2,29
89.667,HAM,2023,71,Monaco,INTERMEDIATE,3,17
88.512,NOR,2023,70,Monaco,INTERMEDIATE,3,16
103.104,TSU,2023,64,Monaco,INTERMEDIATE,2,11
97.221,HAM,2023,55,Singapore,MEDIUM,3,11
77.483,LEC,2023,38,Monaco,HARD,1,38
85.593,PIA,2023,50,Monza,MEDIUM,3,12
82.869,VER,2023,14,Australia,HARD,2,6
99.61,VER,2023,63,Monaco,INTERMEDIATE,2,8
75.7,TSU,2022,63,Monaco,SOFT,5,7
101.216,NOR,2023,59,Monaco,INTERMEDIATE,3,5
148.352,HUL,2022,45,Bahrain,SOFT,4,1
89.218,RUS,2023,10,Australia,HARD,3,3
96.788,TSU,2023,6,Saudi Arabia,MEDIUM,1,6
95.805,VET,2022,16,Monaco,INTERMEDIATE,2,10
99.956,BOT,2023,2,Bahrain,SOFT,1,2
102.263,GAS,2023,61,Monaco,INTERMEDIATE,3,7
100.218,HAM,2023,12,Singapore,MEDIUM,1,12
100.326,VER,2023,30,Singapore,HARD,1,30
100.364,VER,2022,50,Monza,SOFT,3,2
87.142,NOR,2023,5,Monza,MEDIUM,1,5
97.031,LEC,2024,31,Bahrain,HARD,2,20
95.136,RUS,2024,42,Bahrain,HARD,3,11
81.74,OCO,2022,37,Monaco,MEDIUM,3,7
99.351,ZHO,2022,22,Bahrain,MEDIUM,2,7
82.65,NOR,2023,23,Australia,HARD,2,15
85.993,MSC,2022,44,Monza,SOFT,2,11
78.189,TSU,2023,42,Monaco,MEDIUM,1,42
97.559,GAS,2023,55,Bahrain,SOFT,4,15
82.981,VER,2022,31,Australia,HARD,2,13
94.03,HUL,2023,38,Saudi Arabia,HARD,2,27
97.178,HAM,2024,14,Bahrain,HARD,2,2
117.79,MAG,2023,7,Australia,MEDIUM,1,7
96.815,RUS,2024,27,Bahrain,HARD,2,16
94.945,VER,2022,41,Saudi Arabia,HARD,2,25
97.088,HUL,2024,40,Bahrain,HARD,3,20
101.505,ALB,2022,29,Bahrain,MEDIUM,2,16
85.431,RUS,2022,42,Monza,HARD,2,19
78.606,HUL,2023,41,Monaco,HARD,2,40
102.986,PIA,2023,39,Singapore,HARD,2,19
95.376,PIA,2024,47,Bahrain,HARD,3,13
81.795,LEC,2024,5,Monaco,HARD,2,4
86.968,STR,2022,8,Australia,HARD,3,4
78.259,PIA,2023,33,Monaco,HARD,1,33
98.35,HAM,2024,5,Bahrain,SOFT,1,8
87.419,PIA,2023,22,Monza,MEDIUM,1,22
78.084,HAM,2023,13,Monaco,MEDIUM,1,13
87.061,MAG,2022,40,Monza,HARD,2,16
99.019,VER,2023,1,Bahrain,SOFT,1,4
78.161,OCO,2023,21,Monaco,MEDIUM,1,21
76.732,SAI,2023,47,Monaco,MEDIUM,2,14
78.906,NOR,2024,44,Monaco,HARD,2,44
78.634,ALO,2023,35,Monaco,HARD,1,36
84.184,DEV,2023,42,Australia,MEDIUM,2,34
93.946,OCO,2023,5,Silverstone,SOFT,1,5
100.661,LEC,2023,4,Singapore,SOFT,1,7
87.137,SAR,2023,73,Monaco,INTERMEDIATE,4,21
96.287,STR,2022,25,Saudi Arabia,HARD,2,13
81.53,RIC,2024,11,Monaco,HARD,2,11
76.997,GAS,2023,46,Monaco,HARD,1,46
86.389,ALB,2023,33,Monza,HARD,2,21
100.837,ALB,2023,38,Singapore,HARD,2,18
98.914,PER,2023,9,Bahrain,SOFT,1,12
83.073,RUS,2023,14,Australia,HARD,3,7
87.383,GAS,2023,29,Monza,HARD,2,22
95.98,ZHO,2023,16,Saudi Arabia,HARD,2,5
137.388,ALB,2022,20,Saudi Arabia,HARD,2,7
94.595,ALO,2023,17,Saudi Arabia,MEDIUM,1,17
94.671,ALO,2022,34,Saudi Arabia,HARD,2,18
93.929,GAS,2023,39,Saudi Arabia,HARD,2,25
86.093,HAM,2023,51,Monza,MEDIUM,2,24
78.71,LEC,2024,28,Monaco,HARD,2,27
82.575,MAG,2023,51,Australia,HARD,3,44
77.646,DEV,2023,44,Monaco,MEDIUM,1,44
94.168,HUL,2023,44,Saudi Arabia,HARD,2,33
95.578,RIC,2024,40,Bahrain,SOFT,3,5
95.239,RIC,2022,19,Silverstone,MEDIUM,2,19
86.394,MAG,2023,38,Monza,MEDIUM,3,5
92.215,VER,2023,28,Silverstone,MEDIUM,1,28
78.531,BOT,2024,64,Monaco,HARD,3,50
125.614,SAR,2023,41,Bahrain,SOFT,4,1
80.521,GAS,2024,27,Monaco,MEDIUM,2,26
76.971,LEC,2023,48,Monaco,MEDIUM,2,4
89.897,PIA,2023,52,Monaco,HARD,1,52
78.003,ALB,2024,66,Monaco,HARD,2,65
97.221,RUS,2023,33,Bahrain,HARD,3,2
79.018,VER,2022,36,Monaco,MEDIUM,4,6
116.521,PER,2022,44,Bahrain,SOFT,4,4
99.954,ZHO,2022,35,Bahrain,MEDIUM,2,20
87.856,GAS,2023,74,Monaco,INTERMEDIATE,3,20
100.874,GAS,2022,31,Bahrain,MEDIUM,2,17
94.183,DEV,2023,47,Saudi Arabia,HARD,2,30
83.425,MAG,2023,21,Australia,HARD,3,14
94.139,MSC,2022,32,Silverstone,HARD,3,13
144.07,SAI,2022,2,Monaco,WET,1,2
93.151,PER,2022,32,Saudi Arabia,HARD,2,17
99.286,RUS,2022,24,Bahrain,HARD,2,10
81.317,STR,2023,45,Australia,HARD,2,37
100.94,LAW,2023,17,Singapore,MEDIUM,1,17
80.292,SAR,2024,50,Monaco,HARD,2,50
76.905,SAI,2024,75,Monaco,HARD,2,74
97.727,ALB,2023,51,Bahrain,SOFT,4,11
100.877,HUL,2023,18,Singapore,MEDIUM,1,18
81.944,ZHO,2024,10,Monaco,HARD,2,9
138.443,RUS,2022,6,Australia,MEDIUM,1,6
87.475,STR,2022,38,Monza,HARD,2,21
95.082,PER,2024,50,Bahrain,SOFT,3,14
95.516,BOT,2022,27,Saudi Arabia,HARD,2,11
80.19,TSU,2024,31,Monaco,HARD,2,31
85.509,RUS,2022,43,Monza,HARD,2,20
97.88,VER,2022,2,Bahrain,SOFT,1,5
92.494,TSU,2023,45,Silverstone,SOFT,3,13
95.136,ZHO,2023,32,Saudi Arabia,MEDIUM,3,14
78.528,ALB,2023,47,Monaco,HARD,2,29
95.512,STR,2023,11,Saudi Arabia,MEDIUM,1,11
79.053,NOR,2023,10,Monaco,MEDIUM,1,10
80.239,BOT,2024,50,Monaco,HARD,3,36
78.602,HUL,2023,38,Monaco,HARD,2,37
79.396,PIA,2024,30,Monaco,HARD,2,30
102.096,ZHO,2023,32,Bahrain,HARD,2,20
97.766,TSU,2024,20,Bahrain,HARD,2,6
81.406,HUL,2023,45,Australia,HARD,2,37
78.481,TSU,2023,14,Monaco,MEDIUM,1,14
95.071,LEC,2023,15,Saudi Arabia,SOFT,1,15
79.885,ALB,2023,13,Monaco,MEDIUM,1,13
81.694,ALO,2023,40,Australia,HARD,2,32
96.922,ALB,2024,56,Bahrain,HARD,3,20
93.758,RUS,2023,34,Saudi Arabia,HARD,2,16
136.625,PER,2023,38,Silverstone,SOFT,2,10
93.836,GAS,2023,11,Silverstone,MEDIUM,1,11
94.822,HUL,2023,45,Saudi Arabia,HARD,2,34
80.64,RIC,2022,39,Monaco,HARD,3,20
84.385,STR,2023,4,Australia,MEDIUM,1,5
97.17,LEC,2023,37,Bahrain,HARD,3,4
95.746,PER,2024,57,Bahrain,SOFT,3,21
95.924,OCO,2023,9,Saudi Arabia,MEDIUM,1,9
82.153,ZHO,2024,54,Monaco,HARD,2,53
96.037,RIC,2022,10,Saudi Arabia,HARD,2,2
77.14,OCO,2023,37,Monaco,HARD,2,5
78.647,HAM,2022,46,Monaco,MEDIUM,4,16
80.752,BOT,2024,31,Monaco,HARD,3,17
96.64,STR,2024,53,Bahrain,HARD,3,26
102.749,ZHO,2023,23,Singapore,MEDIUM,3,3
81.089,VER,2023,44,Australia,HARD,2,36
80.593,SAI,2023,2,Monaco,HARD,1,2
114.067,TSU,2022,39,Australia,HARD,2,21
78.828,PIA,2023,8,Monaco,HARD,1,8
94.341,LEC,2023,35,Saudi Arabia,HARD,2,19
101.666,DEV,2023,10,Bahrain,SOFT,1,10
84.652,SAI,2022,40,Monza,SOFT,2,10
86.454,PER,2023,10,Monza,MEDIUM,1,10
98.76,RIC,2024,3,Bahrain,SOFT,1,6
95.612,HAM,2024,50,Bahrain,HARD,3,17
98.831,BOT,2023,8,Saudi Arabia,MEDIUM,1,8
99.102,HUL,2022,56,Bahrain,SOFT,4,12
94.567,NOR,2022,10,Silverstone,MEDIUM,2,10
79.92,GAS,2024,14,Monaco,MEDIUM,2,13
82.205,HAM,2023,30,Australia,HARD,2,22
97.63,PER,2024,10,Bahrain,SOFT,1,13
79.166,ALO,2024,60,Monaco,MEDIUM,2,60
77.465,SAI,2023,31,Monaco,HARD,1,31
87.668,ALO,2022,21,Monza,MEDIUM,1,21
96.694,HAM,2024,19,Bahrain,HARD,2,7
89.916,GAS,2023,72,Monaco,INTERMEDIATE,3,18
98.287,SAI,2023,18,Bahrain,HARD,2,5
78.882,NOR,2023,22,Monaco,MEDIUM,1,22
92.072,SAI,2022,38,Silverstone,HARD,3,18
96.297,BOT,2024,46,Bahrain,HARD,3,16
84.831,VER,2022,35,Monza,MEDIUM,2,10
79.497,STR,2024,35,Monaco,MEDIUM,2,35
86.14,RUS,2023,29,Monza,HARD,2,13
98.288,SAR,2024,27,Bahrain,HARD,2,17
126.545,DEV,2023,34,Silverstone,SOFT,3,2
83.801,STR,2022,55,Australia,HARD,4,36
77.464,SAI,2023,25,Monaco,HARD,1,25
92.068,TSU,2022,19,Monza,MEDIUM,1,19
79.016,STR,2024,21,Monaco,MEDIUM,2,21
78.999,BOT,2024,59,Monaco,HARD,3,45
83.275,VER,2024,4,Monaco,MEDIUM,2,3
87.229,HUL,2023,25,Monza,HARD,2,16
93.996,HUL,2022,46,Saudi Arabia,MEDIUM,2,10
96.847,DEV,2023,4,Saudi Arabia,MEDIUM,1,4
97.222,STR,2023,45,Bahrain,HARD,3,15
95.334,VER,2024,54,Bahrain,SOFT,3,17
95.203,HUL,2022,48,Saudi Arabia,MEDIUM,2,12
93.609,DEV,2023,49,Saudi Arabia,HARD,2,32
78.151,BOT,2023,48,Monaco,HARD,1,48
94.837,ALO,2023,14,Saudi Arabia,MEDIUM,1,14
78.046,TSU,2023,43,Monaco,MEDIUM,1,43
79.975,GAS,2024,37,Monaco,MEDIUM,2,36
76.866,SAR,2024,70,Monaco,MEDIUM,3,13
98.185,OCO,2024,20,Bahrain,HARD,2,10
169.987,OCO,2022,1,Monaco,WET,1,1
96.659,ZHO,2022,15,Saudi Arabia,MEDIUM,1,15
93.169,VET,2022,51,Silverstone,MEDIUM,4,14
94.946,RUS,2023,15,Saudi Arabia,MEDIUM,1,15
98.135,HAM,2023,34,Bahrain,HARD,3,4
94.532,NOR,2023,46,Saudi Arabia,MEDIUM,3,27
95.717,NOR,2024,48,Bahrain,HARD,3,15
82.731,STR,2023,22,Australia,HARD,2,14
78.449,ZHO,2023,10,Monaco,HARD,2,9
97.076,NOR,2022,14,Saudi Arabia,MEDIUM,1,14
97.702,GAS,2024,19,Bahrain,HARD,2,7
92.24,ALO,2023,50,Saudi Arabia,HARD,2,33
78.31,SAI,2024,39,Monaco,HARD,2,38
85.575,VET,2022,15,Australia,HARD,1,16
94.616,ALB,2023,1,Monaco,MEDIUM,1,1
93.349,GAS,2023,4,Silverstone,MEDIUM,1,4
119.682,MAG,2024,12,Bahrain,HARD,2,1
78.065,PIA,2023,42,Monaco,HARD,1,42
78.052,BOT,2024,68,Monaco,HARD,3,54
99.314,RUS,2023,61,Singapore,MEDIUM,3,17
81.877,SAI,2023,34,Australia,HARD,3,27
93.942,LEC,2023,49,Saudi Arabia,HARD,2,33
98.096,PIA,2024,9,Bahrain,SOFT,1,12
87.67,LEC,2023,17,Monza,MEDIUM,1,17
80.476,ALO,2023,53,Australia,HARD,2,45
98.073,PIA,2024,10,Bahrain,SOFT,1,13
94.011,DEV,2023,67,Monaco,INTERMEDIATE,2,14
98.221,GAS,2022,38,Bahrain,HARD,3,6
78.472,LEC,2024,21,Monaco,HARD,2,20
88.138,TSU,2023,73,Monaco,INTERMEDIATE,2,20
84.202,LAT,2022,55,Australia,HARD,3,32
96.186,RUS,2024,52,Bahrain,HARD,3,21
97.137,MSC,2022,1,Monza,MEDIUM,1,1
81.695,SAI,2023,36,Australia,HARD,3,29
81.412,HUL,2023,29,Monaco,HARD,2,28
95.76,HUL,2024,43,Bahrain,SOFT,4,3
94.287,DEV,2023,10,Australia,MEDIUM,2,2
81.496,NOR,2023,42,Australia,HARD,2,34
77.146,SAI,2023,45,Monaco,MEDIUM,2,12
89.336,ZHO,2023,71,Monaco,INTERMEDIATE,3,19
87.183,HAM,2022,26,Monza,MEDIUM,1,26
89.773,ALB,2022,31,Monaco,MEDIUM,4,9
77.967,STR,2022,59,Monaco,None,5,36
101.803,RIC,2022,4,Bahrain,MEDIUM,1,4
94.0,NOR,2022,30,Silverstone,MEDIUM,2,30
97.134,ZHO,2023,8,Saudi Arabia,MEDIUM,1,8
98.601,SAI,2023,30,Bahrain,HARD,2,17
100.79,LEC,2023,10,Singapore,SOFT,1,13
77.842,PIA,2023,37,Monaco,HARD,1,37
95.309,SAI,2024,54,Bahrain,HARD,3,19
83.759,GAS,2022,43,Australia,HARD,2,22
99.424,SAI,2022,9,Bahrain,SOFT,1,12
145.19,HAM,2023,37,Silverstone,SOFT,2,7
92.325,HUL,2023,43,Silverstone,SOFT,3,11
94.119,ALO,2023,26,Saudi Arabia,HARD,2,9
80.771,PER,2023,30,Monaco,HARD,2,29
99.365,PER,2024,36,Bahrain,HARD,2,24
97.099,OCO,2022,22,Saudi Arabia,HARD,2,6
101.737,LEC,2024,11,Bahrain,SOFT,1,14
113.776,TSU,2023,1,Australia,MEDIUM,1,1
96.359,ZHO,2023,4,Saudi Arabia,MEDIUM,1,4
80.545,STR,2023,16,Monaco,HARD,1,17
100.052,OCO,2023,23,Bahrain,HARD,3,11
94.216,MAG,2023,17,Silverstone,MEDIUM,1,17
120.488,NOR,2023,19,Saudi Arabia,HARD,2,17
97.869,ALB,2024,23,Bahrain,HARD,2,8
83.766,SAR,2023,20,Australia,MEDIUM,4,12
94.679,ZHO,2023,3,Silverstone,MEDIUM,1,3
176.549,STR,2022,1,Silverstone,MEDIUM,1,3
100.096,BOT,2023,61,Monaco,INTERMEDIATE,2,10
98.933,SAI,2023,2,Bahrain,SOFT,1,5
86.744,GAS,2022,46,Monza,HARD,2,29
80.387,ZHO,2022,60,Monaco,MEDIUM,3,31
81.019,PER,2023,50,Australia,HARD,4,43
79.511,SAR,2024,44,Monaco,HARD,2,44
80.053,RUS,2024,20,Monaco,MEDIUM,2,19
92.32,STR,2023,40,Silverstone,SOFT,2,12
76.91,RUS,2024,57,Monaco,MEDIUM,2,56
99.1,ALO,2023,3,Bahrain,SOFT,1,6
97.056,GAS,2023,2,Saudi Arabia,MEDIUM,1,2
88.015,ZHO,2022,2,Australia,MEDIUM,1,2
87.545,SAR,2023,29,Monza,HARD,2,18
98.01,NOR,2024,2,Bahrain,SOFT,1,5
80.897,SAR,2024,22,Monaco,HARD,2,22
125.3,MAG,2022,40,Silverstone,MEDIUM,3,18
99.027,MAG,2023,23,Bahrain,HARD,2,8
96.453,BOT,2022,12,Saudi Arabia,MEDIUM,1,12
87.59,GAS,2023,26,Monza,HARD,2,19
98.11,OCO,2022,33,Bahrain,HARD,3,3
94.021,STR,2023,3,Silverstone,MEDIUM,1,4
97.352,PER,2023,24,Bahrain,SOFT,2,9
92.259,LEC,2022,45,Saudi Arabia,HARD,2,29
95.158,NOR,2023,36,Saudi Arabia,MEDIUM,3,17
94.263,ZHO,2023,16,Silverstone,MEDIUM,1,16
96.466,RUS,2022,2,Saudi Arabia,MEDIUM,1,2
103.79,HUL,2023,56,Monaco,INTERMEDIATE,3,2
82.774,MAG,2023,41,Australia,HARD,3,34
99.919,GAS,2022,27,Bahrain,MEDIUM,2,13
97.616,ALB,2024,50,Bahrain,HARD,3,14
97.037,ZHO,2023,34,Bahrain,SOFT,3,5
78.957,ALB,2024,71,Monaco,HARD,2,70
87.156,MAG,2022,36,Monza,HARD,2,12
94.75,RIC,2022,42,Silverstone,SOFT,5,4
98.946,VER,2023,54,Monaco,MEDIUM,1,54
83.235,MAG,2023,26,Australia,HARD,3,19
75.414,HAM,2024,62,Monaco,HARD,3,12
92.343,VER,2023,43,Saudi Arabia,HARD,2,25
96.631,GAS,2024,42,Bahrain,HARD,3,11
85.101,MAG,2022,15,Australia,HARD,1,15
78.052,BOT,2024,68,Monaco,HARD,3,54
94.467,PIA,2023,46,Saudi Arabia,HARD,2,45
113.986,GAS,2022,22,Monaco,INTERMEDIATE,2,21
77.17,ALO,2023,16,Monaco,HARD,1,17
112.958,GAS,2022,3,Australia,MEDIUM,1,3
140.423,RUS,2022,2,Monaco,WET,1,2
79.484,RUS,2024,24,Monaco,MEDIUM,2,23
97.527,RUS,2022,36,Bahrain,MEDIUM,3,3
81.203,OCO,2023,44,Australia,HARD,3,43
78.92,HUL,2023,30,Monaco,HARD,2,29
100.363,STR,2022,34,Bahrain,SOFT,2,16
93.459,RUS,2023,40,Saudi Arabia,HARD,2,22
96.066,OCO,2023,3,Saudi Arabia,MEDIUM,1,3
78.094,SAI,2024,52,Monaco,HARD,2,51
106.29,NOR,2022,3,Monaco,WET,1,3
102.396,HAM,2023,61,Monaco,INTERMEDIATE,3,7
95.891,HUL,2023,25,Saudi Arabia,HARD,2,14
118.699,HUL,2024,21,Bahrain,HARD,3,1
98.422,ZHO,2023,38,Bahrain,SOFT,3,9
91.427,HAM,2023,39,Silverstone,SOFT,2,9
79.134,PIA,2023,15,Monaco,HARD,1,15
97.575,STR,2022,4,Saudi Arabia,MEDIUM,1,5
77.182,ALO,2023,25,Monaco,HARD,1,26
97.275,ZHO,2022,6,Saudi Arabia,MEDIUM,1,6
99.472,HAM,2023,40,Singapore,HARD,2,20
97.286,OCO,2023,19,Australia,HARD,3,18
81.583,STR,2023,42,Australia,HARD,2,34
97.274,STR,2023,38,Bahrain,HARD,3,8
96.62,NOR,2024,21,Bahrain,HARD,2,8
83.029,ALB,2022,48,Australia,HARD,1,48
100.083,HUL,2024,38,Bahrain,HARD,3,18
91.681,GAS,2022,1,Monza,MEDIUM,1,1
81.098,GAS,2023,53,Australia,HARD,2,45
82.008,HAM,2023,28,Australia,HARD,2,20
93.447,LEC,2023,43,Saudi Arabia,HARD,2,27
79.074,NOR,2023,21,Monaco,MEDIUM,1,21
101.501,NOR,2023,17,Bahrain,HARD,2,7
95.167,HUL,2024,50,Bahrain,SOFT,4,10
101.364,ALB,2023,1,Silverstone,MEDIUM,1,1
129.958,SAI,2023,3,Australia,MEDIUM,1,3
83.034,HUL,2023,44,Australia,HARD,2,36
96.437,PER,2024,29,Bahrain,HARD,2,17
87.15,LAT,2022,29,Monza,HARD,2,14
96.446,NOR,2023,16,Saudi Arabia,HARD,2,14
83.982,PER,2023,12,Australia,HARD,4,5
78.26,BOT,2023,22,Monaco,HARD,1,22
99.996,LAW,2023,53,Singapore,HARD,2,33
89.743,BOT,2024,3,Monaco,MEDIUM,2,2
84.945,TSU,2022,45,Australia,HARD,2,27
95.355,ALO,2023,7,Australia,MEDIUM,1,8
78.906,NOR,2023,29,Monaco,MEDIUM,1,29
93.026,ALO,2023,23,Silverstone,MEDIUM,1,24
80.014,PIA,2024,14,Monaco,HARD,2,14
83.333,GAS,2022,58,Australia,HARD,2,37
98.073,LEC,2023,35,Bahrain,HARD,3,2
99.635,RUS,2023,38,Singapore,HARD,2,18
79.829,PIA,2024,16,Monaco,HARD,2,16
93.803,SAI,2023,37,Saudi Arabia,HARD,2,22
98.75,LEC,2023,2,Bahrain,SOFT,1,2
97.845,GAS,2023,56,Bahrain,SOFT,4,16
100.23,LEC,2023,1,Bahrain,SOFT,1,1
144.979,LEC,2022,2,Monaco,WET,1,2
101.162,BOT,2023,32,Singapore,HARD,1,32
96.628,VET,2022,11,Monaco,INTERMEDIATE,2,5
86.197,BOT,2022,42,Monza,SOFT,2,7
108.27,MAG,2023,17,Saudi Arabia,HARD,2,9
93.156,OCO,2022,44,Saudi Arabia,HARD,2,28
86.964,ZHO,2022,12,Australia,MEDIUM,1,12
99.235,SAI,2023,33,Singapore,HARD,2,13
84.103,TSU,2022,41,Australia,HARD,2,23
92.79,TSU,2023,50,Silverstone,SOFT,3,18
94.325,VET,2022,31,Silverstone,MEDIUM,3,27
95.325,SAR,2023,33,Saudi Arabia,MEDIUM,2,15
95.348,BOT,2023,39,Saudi Arabia,SOFT,4,4
93.152,ALO,2023,26,Silverstone,MEDIUM,1,27
101.082,PER,2023,60,Monaco,WET,5,3
138.79,PIA,2023,22,Singapore,HARD,2,2
85.108,PER,2023,4,Australia,HARD,3,2
93.951,ALB,2023,14,Silverstone,MEDIUM,1,14
95.501,BOT,2023,49,Saudi Arabia,SOFT,4,14
80.282,GAS,2023,3,Monaco,HARD,1,3
103.431,PIA,2023,57,Monaco,INTERMEDIATE,2,3
98.038,STR,2023,20,Bahrain,HARD,2,5
94.517,RIC,2022,35,Silverstone,SOFT,4,3
106.415,BOT,2023,24,Singapore,HARD,1,24
83.581,ZHO,2023,14,Australia,HARD,3,13
97.179,ALO,2024,25,Bahrain,HARD,2,10
82.229,RIC,2022,36,Monaco,HARD,3,17
98.427,RUS,2023,18,Bahrain,HARD,2,5
76.117,HAM,2024,67,Monaco,HARD,3,17
81.965,HAM,2022,44,Australia,HARD,2,22
97.048,HAM,2023,44,Bahrain,HARD,3,14
98.529,MAG,2024,6,Bahrain,SOFT,1,6
94.679,ZHO,2023,68,Monaco,INTERMEDIATE,3,16
78.951,PIA,2024,40,Monaco,HARD,2,40
87.087,MAG,2022,34,Monza,HARD,2,10
78.003,ALB,2024,66,Monaco,HARD,2,65
92.589,LEC,2022,22,Monaco,HARD,3,1
99.294,TSU,2022,21,Bahrain,MEDIUM,2,6
86.762,HAM,2022,17,Monza,MEDIUM,1,17
86.304,HAM,2023,74,Monaco,INTERMEDIATE,3,20
99.382,OCO,2023,24,Bahrain,HARD,3,12
96.928,RUS,2024,25,Bahrain,HARD,2,14
81.328,BOT,2024,12,Monaco,MEDIUM,2,11
100.356,SAI,2023,13,Singapore,MEDIUM,1,13
85.367,VET,2022,18,Australia,HARD,1,19
79.396,PIA,2024,30,Monaco,HARD,2,30
78.983,VER,2024,32,Monaco,MEDIUM,2,31
102.479,TSU,2023,56,Monaco,INTERMEDIATE,2,3
97.062,STR,2024,42,Monaco,MEDIUM,2,42
99.932,TSU,2023,63,Monaco,INTERMEDIATE,2,10
121.397,GAS,2022,15,Bahrain,MEDIUM,2,1
76.962,ALB,2023,26,Monaco,HARD,2,8
118.294,VER,2023,20,Singapore,HARD,1,20
92.877,VER,2023,30,Saudi Arabia,HARD,2,12
97.871,ALO,2023,32,Bahrain,HARD,2,18
92.985,NOR,2023,17,Silverstone,MEDIUM,1,17
94.488,RUS,2023,17,Australia,HARD,3,10
79.397,RUS,2024,23,Monaco,MEDIUM,2,22
78.811,RUS,2024,30,Monaco,MEDIUM,2,29
99.291,NOR,2023,32,Singapore,HARD,2,12
98.2,ALO,2023,22,Bahrain,HARD,2,8
79.704,PER,2023,2,Monaco,HARD,2,1
82.438,SAI,2023,26,Australia,HARD,3,19
91.829,ALO,2023,42,Silverstone,SOFT,2,12
87.223,OCO,2022,25,Monza,HARD,2,6
92.901,RUS,2023,47,Saudi Arabia,HARD,2,29
101.114,HAM,2022,6,Monaco,WET,1,6
109.586,BOT,2023,51,Monaco,HARD,1,51
102.298,LAT,2022,2,Bahrain,SOFT,1,2
78.751,HUL,2023,45,Monaco,HARD,2,44
84.01,DEV,2023,17,Australia,MEDIUM,2,9
97.398,HUL,2023,29,Bahrain,HARD,3,3
96.878,ALB,2023,14,Saudi Arabia,MEDIUM,1,14
102.015,ZHO,2022,7,Monaco,WET,1,7
83.136,LEC,2022,25,Monaco,HARD,3,4
80.808,PIA,2024,7,Monaco,HARD,2,7
98.61,RIC,2024,4,Bahrain,SOFT,1,7
78.354,MAG,2023,20,Monaco,HARD,1,20
83.996,SAR,2023,32,Australia,MEDIUM,4,24
100.595,RIC,2024,35,Bahrain,HARD,2,22
95.833,TSU,2024,37,Bahrain,HARD,3,3
96.628,HAM,2023,3,Saudi Arabia,HARD,1,3
87.069,NOR,2023,4,Monza,MEDIUM,1,4
90.275,VER,2023,42,Silverstone,SOFT,2,12
96.416,BOT,2022,7,Saudi Arabia,MEDIUM,1,7
86.742,STR,2023,22,Monza,HARD,2,6
87.146,PIA,2023,38,Monza,HARD,2,20
86.94,PIA,2023,7,Monza,MEDIUM,1,7
81.148,VER,2023,42,Australia,HARD,2,34
85.943,ALO,2022,8,Australia,HARD,1,8
100.085,OCO,2023,11,Singapore,MEDIUM,1,11
96.5,NOR,2023,53,Bahrain,SOFT,6,10
83.632,OCO,2023,25,Australia,HARD,3,24
98.13,TSU,2023,34,Bahrain,HARD,3,8
117.918,SAR,2023,52,Monaco,SOFT,3,29
113.555,HUL,2024,1,Bahrain,SOFT,1,1
99.093,RUS,2023,3,Bahrain,SOFT,1,6
97.949,GAS,2024,17,Bahrain,HARD,2,5
84.468,ZHO,2023,31,Australia,HARD,3,30
79.024,BOT,2024,63,Monaco,HARD,3,49
98.076,HAM,2023,54,Bahrain,HARD,3,24
97.521,GAS,2024,16,Bahrain,HARD,2,4
85.313,SAI,2022,34,Monza,SOFT,2,4
94.981,SAI,2024,48,Bahrain,HARD,3,13
98.38,HAM,2023,29,Bahrain,HARD,2,17
80.246,SAR,2023,4,Monaco,MEDIUM,1,4
85.683,LEC,2022,28,Monza,MEDIUM,2,16
94.531,VER,2024,44,Bahrain,SOFT,3,7
93.403,LEC,2023,7,Silverstone,MEDIUM,1,7
113.593,PIA,2023,42,Monza,MEDIUM,3,4
95.663,STR,2022,33,Saudi Arabia,HARD,2,21
2502.648,STR,2024,1,Monaco,HARD,1,2
98.293,MAG,2024,23,Bahrain,HARD,2,12
94.718,STR,2022,24,Silverstone,HARD,3,10
85.078,BOT,2022,34,Australia,HARD,2,12
85.542,STR,2022,17,Australia,HARD,3,13
78.985,NOR,2023,20,Monaco,MEDIUM,1,20
77.643,HAM,2023,25,Monaco,MEDIUM,1,25
96.7,BOT,2023,41,Saudi Arabia,SOFT,4,6
76.771,PIA,2024,61,Monaco,HARD,2,61
78.371,HAM,2024,30,Monaco,MEDIUM,2,29
85.012,VER,2022,27,Monza,MEDIUM,2,2
82.234,NOR,2023,29,Australia,HARD,2,21
87.718,NOR,2023,21,Monza,MEDIUM,1,21
99.872,SAR,2023,24,Bahrain,SOFT,2,12
120.7,LEC,2022,32,Monaco,HARD,4,11
77.847,RUS,2023,43,Monaco,HARD,1,43
93.127,ALO,2023,41,Saudi Arabia,HARD,2,24
85.333,NOR,2022,16,Australia,MEDIUM,1,16
102.123,BOT,2022,1,Saudi Arabia,MEDIUM,1,1
98.453,SAI,2023,22,Bahrain,HARD,2,9
80.417,BOT,2024,46,Monaco,HARD,3,32
121.756,ZHO,2022,45,Bahrain,MEDIUM,3,8
82.98,OCO,2022,51,Australia,HARD,2,34
91.906,VER,2023,50,Saudi Arabia,HARD,2,32
100.225,SAI,2023,29,Singapore,HARD,2,9
94.09,LEC,2024,36,Bahrain,HARD,3,2
78.594,OCO,2023,9,Monaco,MEDIUM,1,9
100.229,HAM,2023,1,Australia,MEDIUM,1,1
97.29,SAR,2023,50,Bahrain,SOFT,4,10
95.452,ZHO,2023,24,Saudi Arabia,MEDIUM,3,6
83.268,ZHO,2023,21,Australia,HARD,3,20
95.162,RUS,2024,44,Bahrain,HARD,3,13
86.605,VER,2023,9,Monza,MEDIUM,1,9
119.03,VER,2022,24,Silverstone,HARD,4,1
98.466,LAT,2022,52,Bahrain,SOFT,4,10
81.707,PIA,2023,45,Australia,HARD,2,37
80.792,ZHO,2024,23,Monaco,HARD,2,22
96.725,HUL,2024,23,Bahrain,HARD,3,3
93.026,PER,2023,22,Silverstone,MEDIUM,1,22
101.063,BOT,2023,12,Singapore,HARD,1,12
83.057,TSU,2023,38,Australia,HARD,2,30
77.334,OCO,2023,30,Monaco,MEDIUM,1,30
77.464,SAI,2023,25,Monaco,HARD,1,25
92.272,SAI,2022,42,Saudi Arabia,HARD,2,26
97.861,ALB,2023,52,Bahrain,SOFT,4,12
79.023,MAG,2023,26,Monaco,HARD,1,26
99.493,RUS,2023,6,Bahrain,SOFT,1,9
81.744,HUL,2023,33,Australia,HARD,2,25
123.496,HAM,2023,33,Silverstone,MEDIUM,1,33
97.427,TSU,2023,66,Monaco,INTERMEDIATE,2,13
90.922,NOR,2023,42,Silverstone,HARD,2,9
96.913,ALB,2023,4,Saudi Arabia,MEDIUM,1,4
77.451,OCO,2023,25,Monaco,MEDIUM,1,25
96.534,SAI,2024,28,Bahrain,HARD,2,14
78.074,TSU,2023,41,Monaco,MEDIUM,1,41
87.834,ALB,2024,3,Monaco,HARD,2,2
87.078,HUL,2023,20,Monza,HARD,2,11
118.5,MSC,2022,36,Bahrain,SOFT,3,3
81.24,GAS,2023,46,Australia,HARD,2,38
79.152,ALB,2023,31,Monaco,HARD,2,13
98.913,MAG,2023,22,Bahrain,HARD,2,7
100.918,ALB,2023,8,Bahrain,SOFT,1,8
82.843,VER,2023,6,Australia,MEDIUM,1,6
87.185,ZHO,2023,7,Monza,MEDIUM,1,7
95.634,PIA,2023,3,Saudi Arabia,HARD,2,2
79.533,ALB,2024,60,Monaco,HARD,2,59
103.773,HUL,2022,9,Bahrain,SOFT,1,9
84.159,MAG,2023,35,Australia,HARD,3,28
87.372,RIC,2022,21,Monza,HARD,2,2
88.214,STR,2023,44,Monza,HARD,2,28
98.847,HUL,2023,14,Bahrain,HARD,2,3
83.496,PIA,2023,13,Australia,HARD,2,5
99.021,TSU,2023,17,Bahrain,HARD,2,7
86.359,HUL,2023,48,Monza,MEDIUM,3,12
99.274,RUS,2022,29,Bahrain,HARD,2,15
87.587,PIA,2023,21,Monza,MEDIUM,1,21
95.437,SAR,2023,37,Saudi Arabia,MEDIUM,2,19
87.51,MSC,2022,32,Monza,MEDIUM,1,32
81.593,HUL,2023,40,Australia,HARD,2,32
100.228,PER,2022,43,Bahrain,SOFT,3,13
86.432,RUS,2022,3,Monza,SOFT,1,3
100.63,MAG,2023,8,Singapore,MEDIUM,1,8
100.285,NOR,2023,5,Singapore,MEDIUM,1,5
96.321,STR,2023,53,Monaco,INTERMEDIATE,2,2
97.532,PER,2022,20,Bahrain,MEDIUM,2,5
78.104,BOT,2024,71,Monaco,HARD,3,57
82.895,RUS,2022,34,Australia,HARD,2,11
98.447,LEC,2023,29,Bahrain,HARD,2,16
135.212,GAS,2023,18,Saudi Arabia,HARD,2,4
92.211,NOR,2022,44,Silverstone,SOFT,4,4
96.389,PER,2022,51,Bahrain,SOFT,4,11
98.615,GAS,2024,28,Bahrain,HARD,2,16
92.356,NOR,2022,1,Monza,MEDIUM,1,1
81.852,SAI,2023,39,Australia,HARD,3,32
100.694,PER,2023,9,Singapore,HARD,1,9
85.842,LAW,2023,44,Monza,MEDIUM,3,14
93.096,RUS,2023,3,Silverstone,SOFT,1,6
82.459,NOR,2022,50,Australia,HARD,2,30
96.432,LEC,2024,13,Bahrain,HARD,2,2
96.537,SAI,2024,31,Bahrain,HARD,2,17
82.772,OCO,2023,36,Australia,HARD,3,35
85.69,PIA,2023,44,Monza,MEDIUM,3,6
76.276,VER,2024,67,Monaco,HARD,3,16
85.997,RUS,2023,37,Monza,HARD,2,21
92.433,RUS,2023,50,Saudi Arabia,HARD,2,32
95.631,HUL,2023,6,Silverstone,HARD,1,6
98.952,ALB,2024,10,Bahrain,SOFT,1,10
81.843,VER,2023,24,Australia,HARD,2,16
94.677,ZHO,2023,15,Silverstone,MEDIUM,1,15
97.931,ALO,2023,45,Bahrain,HARD,3,11
85.901,VER,2022,22,Monza,SOFT,1,22
85.77,TSU,2024,54,Monaco,HARD,2,54
94.626,GAS,2022,32,Saudi Arabia,HARD,2,17
79.229,ALO,2024,58,Monaco,MEDIUM,2,58
96.425,TSU,2023,24,Saudi Arabia,HARD,2,7
82.523,SAI,2023,23,Australia,HARD,3,16
98.649,ALB,2023,63,Monaco,INTERMEDIATE,3,11
97.955,HAM,2023,55,Bahrain,HARD,3,25
89.419,ALO,2023,72,Monaco,INTERMEDIATE,3,17
124.186,RUS,2022,40,Saudi Arabia,HARD,2,24
121.097,GAS,2023,54,Monaco,MEDIUM,2,7
94.626,GAS,2023,32,Saudi Arabia,HARD,2,18
79.043,NOR,2024,20,Monaco,HARD,2,20
78.208,RIC,2022,50,Monaco,HARD,3,31
97.297,ALO,2024,38,Bahrain,HARD,2,23
78.447,RUS,2024,50,Monaco,MEDIUM,2,49
101.426,VER,2022,4,Monaco,WET,1,4
103.254,OCO,2023,23,Singapore,HARD,2,3
86.612,ZHO,2023,75,Monaco,INTERMEDIATE,3,23
87.185,PER,2022,21,Monza,HARD,2,14
99.896,VER,2024,17,Bahrain,SOFT,1,20
89.108,LEC,2023,1,Monaco,HARD,1,1
92.958,RUS,2023,26,Silverstone,SOFT,1,29
77.122,NOR,2024,59,Monaco,HARD,2,59
83.217,VER,2022,20,Australia,HARD,2,2
85.46,VER,2023,77,Monaco,INTERMEDIATE,2,22
95.327,SAI,2024,57,Bahrain,HARD,3,22
127.464,ZHO,2022,38,Saudi Arabia,HARD,3,22
97.22,DEV,2023,8,Saudi Arabia,MEDIUM,1,8
83.127,ALB,2022,50,Australia,HARD,1,50
79.502,NOR,2023,5,Monaco,MEDIUM,1,5
86.411,PIA,2023,25,Monza,HARD,2,7
78.23,VET,2022,64,Monaco,HARD,4,42
93.569,LEC,2023,40,Saudi Arabia,HARD,2,24
84.584,VER,2022,24,Monaco,HARD,3,2
97.335,STR,2024,57,Bahrain,HARD,3,30
109.902,BOT,2023,18,Australia,HARD,3,17
79.342,HAM,2024,25,Monaco,MEDIUM,2,24
98.649,MAG,2023,21,Saudi Arabia,HARD,2,13
86.499,GAS,2023,37,Monza,MEDIUM,3,6
78.803,PER,2023,22,Monaco,HARD,2,21
98.399,MAG,2024,3,Bahrain,SOFT,1,3
78.782,OCO,2023,7,Monaco,MEDIUM,1,7
76.157,RUS,2024,67,Monaco,MEDIUM,2,66
153.538,SAI,2022,1,Monaco,WET,1,1
99.873,DEV,2023,42,Bahrain,HARD,3,15
78.645,LEC,2023,7,Monaco,HARD,1,7
99.518,LEC,2023,34,Singapore,HARD,2,14
79.704,GAS,2024,56,Monaco,MEDIUM,2,55
100.28,SAR,2023,40,Singapore,HARD,2,21
103.133,ALB,2023,59,Monaco,INTERMEDIATE,3,7
80.719,SAI,2023,52,Australia,HARD,3,45
79.48,SAI,2024,14,Monaco,HARD,2,13
97.49,SAI,2023,52,Bahrain,HARD,3,21
96.454,PER,2024,17,Bahrain,HARD,2,5
97.947,MSC,2022,40,Bahrain,SOFT,3,7
78.896,SAI,2022,59,Monaco,HARD,3,38
97.718,BOT,2024,16,Bahrain,HARD,2,4
95.876,HAM,2022,24,Saudi Arabia,HARD,1,25
98.92,ZHO,2024,2,Bahrain,SOFT,1,2
90.906,MSC,2022,2,Monza,MEDIUM,1,2
83.229,PIA,2023,17,Australia,HARD,2,9
100.224,VER,2023,37,Singapore,HARD,1,37
108.214,PIA,2023,1,Bahrain,SOFT,1,1
99.287,GAS,2024,8,Bahrain,SOFT,1,8
94.469,MSC,2022,21,Silverstone,HARD,3,2
95.686,DEV,2023,25,Saudi Arabia,HARD,2,8
95.232,OCO,2022,25,Saudi Arabia,HARD,2,9
93.34,ALO,2023,1,Monza,MEDIUM,1,1
82.994,SAI,2023,25,Australia,HARD,3,18
81.422,HAM,2023,45,Australia,HARD,2,37
80.549,LEC,2023,2,Monaco,HARD,1,2
79.973,DEV,2023,28,Monaco,MEDIUM,1,28
98.098,NOR,2022,50,Bahrain,SOFT,4,8
97.246,RUS,2023,57,Singapore,MEDIUM,3,13
85.026,TSU,2022,30,Australia,HARD,2,12
81.789,TSU,2023,52,Australia,HARD,2,44
77.846,PIA,2023,45,Monaco,HARD,1,45
78.202,BOT,2023,45,Monaco,HARD,1,45
81.244,VER,2024,10,Monaco,MEDIUM,2,9
85.711,TSU,2022,31,Australia,HARD,2,13
82.003,PIA,2023,40,Australia,HARD,2,32
77.333,HUL,2023,7,Monaco,HARD,2,6
97.923,RUS,2023,54,Bahrain,HARD,3,23
100.529,OCO,2022,8,Monaco,WET,1,8
96.359,STR,2022,10,Monaco,INTERMEDIATE,3,8
101.278,MAG,2023,9,Bahrain,HARD,1,9
97.778,MAG,2023,66,Monaco,WET,2,10
78.098,TSU,2023,48,Monaco,MEDIUM,1,48
79.191,ALO,2024,54,Monaco,MEDIUM,2,54
97.006,TSU,2023,4,Saudi Arabia,MEDIUM,1,4
80.942,MAG,2023,36,Monaco,HARD,1,36
95.389,GAS,2024,53,Bahrain,SOFT,4,10
131.741,HAM,2022,45,Bahrain,SOFT,4,4
93.77,RUS,2022,51,Monza,SOFT,3,7
97.761,HUL,2023,33,Bahrain,HARD,3,7
82.206,PER,2022,25,Monaco,HARD,3,3
101.119,LAW,2023,18,Singapore,MEDIUM,1,18
78.367,GAS,2023,11,Monaco,HARD,1,11
122.87,DEV,2022,53,Monza,MEDIUM,2,34
94.671,VER,2024,56,Bahrain,SOFT,3,19
94.983,PIA,2024,39,Bahrain,HARD,3,5
101.004,HUL,2023,4,Bahrain,SOFT,1,7
81.452,RUS,2024,11,Monaco,MEDIUM,2,10
79.788,RUS,2024,21,Monaco,MEDIUM,2,20
86.328,MAG,2023,41,Monza,MEDIUM,3,8
79.23,RIC,2024,60,Monaco,HARD,2,60
83.592,STR,2022,48,Australia,HARD,4,29
124.976,VET,2022,6,Monaco,WET,1,6
89.385,SAR,2023,43,Monza,HARD,2,32
79.321,ALB,2024,48,Monaco,HARD,2,47
79.576,GAS,2024,36,Monaco,MEDIUM,2,35
99.311,BOT,2023,23,Bahrain,HARD,2,12
99.779,SAI,2023,8,Bahrain,SOFT,1,11
93.322,VER,2022,43,Silverstone,SOFT,5,4
117.964,ALB,2023,58,Singapore,MEDIUM,3,15
95.948,STR,2022,17,Silverstone,HARD,3,3
96.373,VER,2023,57,Bahrain,HARD,3,21
77.474,RUS,2023,32,Monaco,HARD,1,32
80.771,PER,2023,30,Monaco,HARD,2,29
96.89,VER,2023,43,Bahrain,HARD,3,7
97.346,LEC,2022,43,Bahrain,MEDIUM,3,12
85.115,LAT,2022,31,Australia,HARD,3,8
123.458,TSU,2023,54,Australia,HARD,2,46
81.048,GAS,2024,43,Monaco,MEDIUM,2,42
85.804,SAR,2023,4,Australia,HARD,3,3
84.637,BOT,2023,76,Monaco,INTERMEDIATE,2,25
78.453,GAS,2023,18,Monaco,HARD,1,18
78.096,STR,2022,61,Monaco,None,5,38
87.076,GAS,2023,17,Monza,HARD,2,10
81.573,ALO,2023,37,Australia,HARD,2,29
82.812,OCO,2022,34,Monaco,MEDIUM,3,4
98.513,TSU,2024,8,Bahrain,SOFT,1,8
98.654,BOT,2024,7,Bahrain,SOFT,1,7
98.187,VER,2022,24,Bahrain,SOFT,2,10
96.311,PER,2024,18,Bahrain,HARD,2,6
83.59,GAS,2022,49,Australia,HARD,2,28
78.32,TSU,2023,49,Monaco,MEDIUM,1,49
98.308,BOT,2024,26,Bahrain,HARD,2,14
78.327,HUL,2023,35,Monaco,HARD,2,34
78.534,HAM,2022,47,Monaco,MEDIUM,4,17
84.833,HUL,2023,4,Australia,MEDIUM,1,4
86.995,HAM,2023,10,Monza,HARD,1,13
81.972,MAG,2023,48,Australia,HARD,3,41
82.828,NOR,2023,21,Australia,HARD,2,13
94.4,PER,2024,41,Bahrain,SOFT,3,5
104.874,LAT,2022,10,Monaco,HARD,3,8
94.287,DEV,2023,10,Australia,MEDIUM,2,2
97.141,ZHO,2024,53,Bahrain,HARD,3,25
101.101,ALO,2024,15,Bahrain,SOFT,1,18
100.676,BOT,2023,10,Bahrain,SOFT,1,10
96.566,HAM,2022,55,Bahrain,SOFT,4,14
77.711,HAM,2023,37,Monaco,HARD,2,6
84.152,MSC,2022,51,Australia,HARD,2,37
96.378,SAI,2023,9,Saudi Arabia,MEDIUM,1,9
97.868,GAS,2024,22,Bahrain,HARD,2,10
78.724,VER,2024,53,Monaco,HARD,3,2
83.579,TSU,2022,54,Australia,HARD,2,36
76.847,SAI,2024,67,Monaco,HARD,2,66
81.901,ALO,2023,28,Australia,HARD,2,20
96.337,MAG,2023,2,Silverstone,MEDIUM,1,2
82.647,MAG,2023,38,Australia,HARD,3,31
79.015,PIA,2023,10,Monaco,HARD,1,10
83.049,BOT,2023,35,Australia,HARD,3,34
96.346,ZHO,2023,23,Saudi Arabia,MEDIUM,3,5
98.885,DEV,2023,54,Bahrain,HARD,3,27
107.644,ZHO,2023,18,Australia,HARD,3,17
88.819,STR,2022,17,Monza,MEDIUM,1,18
93.702,STR,2023,29,Silverstone,MEDIUM,1,30
79.58,VER,2024,18,Monaco,MEDIUM,2,17
86.237,HAM,2023,52,Monaco,HARD,2,21
114.357,ZHO,2023,43,Singapore,MEDIUM,3,23
98.084,BOT,2022,21,Saudi Arabia,HARD,2,5
90.929,RUS,2023,70,Monaco,INTERMEDIATE,2,16
77.141,ALO,2023,38,Monaco,HARD,1,39
131.086,MAG,2023,19,Saudi Arabia,HARD,2,11
77.383,SAR,2023,37,Monaco,SOFT,3,14
87.55,TSU,2022,7,Monza,MEDIUM,1,7
101.915,SAI,2022,33,Bahrain,SOFT,2,19
97.852,RUS,2022,10,Monaco,WET,1,10
100.556,NOR,2022,57,Bahrain,SOFT,4,15
76.314,NOR,2024,69,Monaco,HARD,2,69
102.794,NOR,2022,14,Bahrain,MEDIUM,1,14
76.83,RUS,2022,42,Monaco,MEDIUM,3,12
99.543,OCO,2023,4,Bahrain,SOFT,1,7
97.66,SAI,2023,53,Bahrain,HARD,3,22
87.716,NOR,2023,20,Monza,MEDIUM,1,20
80.124,SAR,2024,46,Monaco,HARD,2,46
95.741,RUS,2022,12,Saudi Arabia,MEDIUM,1,12
83.54,NOR,2023,13,Australia,HARD,2,5
82.219,NOR,2023,43,Australia,HARD,2,35
103.38,NOR,2023,55,Monaco,INTERMEDIATE,3,1
79.455,RIC,2022,46,Monaco,HARD,3,27
95.532,HAM,2024,51,Bahrain,HARD,3,18
78.298,GAS,2023,16,Monaco,HARD,1,16
98.061,ALO,2024,40,Bahrain,HARD,2,25
80.653,ZHO,2023,14,Monaco,HARD,2,13
96.379,STR,2024,46,Bahrain,HARD,3,19
97.257,PER,2023,46,Bahrain,HARD,3,12
75.848,RUS,2024,66,Monaco,MEDIUM,2,65
93.276,PER,2023,19,Silverstone,MEDIUM,1,19
97.363,OCO,2024,13,Bahrain,HARD,2,3
97.085,HAM,2022,33,Bahrain,MEDIUM,3,6
80.562,BOT,2024,48,Monaco,HARD,3,34
80.516,ALO,2023,52,Australia,HARD,2,44
87.682,ALO,2022,17,Monza,MEDIUM,1,17
85.554,VET,2022,16,Australia,HARD,1,17
81.034,ALO,2024,30,Monaco,MEDIUM,2,30
80.135,PIA,2024,12,Monaco,HARD,2,12
88.511,MAG,2023,10,Monza,HARD,1,14
95.364,LEC,2023,9,Saudi Arabia,SOFT,1,9
93.846,HAM,2023,31,Saudi Arabia,MEDIUM,2,13
98.83,PER,2023,3,Bahrain,SOFT,1,6
78.201,ALB,2024,59,Monaco,HARD,2,58
99.877,OCO,2022,29,Bahrain,MEDIUM,2,15
83.246,TSU,2023,32,Australia,HARD,2,24
78.659,STR,2023,9,Monaco,HARD,1,10
96.91,BOT,2024,50,Bahrain,HARD,3,20
94.885,PER,2024,48,Bahrain,SOFT,3,12
95.886,VER,2024,32,Bahrain,HARD,2,15
79.496,ALB,2024,43,Monaco,HARD,2,42
79.268,ALB,2024,50,Monaco,HARD,2,49
100.05,MAG,2022,9,Monaco,WET,1,9
86.234,RUS,2022,17,Monza,SOFT,1,17
81.748,ALB,2024,45,Monaco,HARD,2,44
92.982,RUS,2023,46,Saudi Arabia,HARD,2,28
126.713,ALO,2023,41,Bahrain,HARD,3,7
78.259,RUS,2022,54,Monaco,MEDIUM,3,24
81.322,ALO,2022,55,Australia,MEDIUM,3,2
103.477,GAS,2023,59,Monaco,INTERMEDIATE,3,5
101.124,NOR,2023,3,Singapore,MEDIUM,1,3
136.259,VER,2022,51,Monza,SOFT,3,3
95.549,MAG,2022,6,Silverstone,MEDIUM,2,7
81.496,NOR,2023,42,Australia,HARD,2,34
98.03,SAI,2024,9,Bahrain,SOFT,1,12
100.775,ALB,2023,14,Singapore,MEDIUM,1,14
81.01,ALO,2024,32,Monaco,MEDIUM,2,32
98.093,MAG,2024,26,Bahrain,HARD,2,15
94.976,BOT,2023,38,Saudi Arabia,SOFT,4,3
87.631,MAG,2022,26,Monza,HARD,2,2
83.317,STR,2023,17,Australia,HARD,2,9
87.026,GAS,2022,24,Monza,HARD,2,7
85.607,GAS,2023,77,Monaco,INTERMEDIATE,3,23
79.52,PIA,2023,23,Monaco,HARD,1,23
116.899,ALO,2024,42,Bahrain,HARD,3,1
91.011,PIA,2023,43,Silverstone,HARD,2,14
95.874,ZHO,2022,23,Saudi Arabia,HARD,2,7
100.425,ZHO,2023,42,Singapore,MEDIUM,3,22
98.784,SAR,2023,46,Singapore,MEDIUM,3,3
98.972,HUL,2023,15,Bahrain,HARD,2,4
98.941,ZHO,2022,57,Bahrain,SOFT,4,15
80.571,STR,2024,54,Monaco,SOFT,4,6
93.419,LEC,2023,46,Saudi Arabia,HARD,2,30
97.4,PER,2023,30,Bahrain,SOFT,2,15
80.335,TSU,2024,17,Monaco,HARD,2,17
86.597,LEC,2023,43,Monza,HARD,2,23
96.001,STR,2022,12,Silverstone,MEDIUM,2,13
77.666,SAR,2023,34,Monaco,SOFT,3,11
79.772,BOT,2024,44,Monaco,HARD,3,30
99.08,NOR,2023,49,Bahrain,SOFT,6,6
95.093,RUS,2024,41,Bahrain,HARD,3,10
78.733,STR,2023,8,Monaco,HARD,1,9
93.787,BOT,2023,23,Silverstone,HARD,1,23
98.12,OCO,2024,18,Bahrain,HARD,2,8
91.408,SAI,2023,50,Silverstone,HARD,2,24
102.447,MSC,2022,6,Bahrain,SOFT,1,6
90.886,SAI,2022,43,Silverstone,SOFT,4,4
94.365,HUL,2023,40,Saudi Arabia,HARD,2,29
99.54,STR,2022,38,Silverstone,HARD,3,24
81.539,OCO,2023,42,Australia,HARD,3,41
85.477,TSU,2023,35,Australia,HARD,2,27
96.142,BOT,2023,32,Saudi Arabia,MEDIUM,3,15
80.395,RIC,2024,33,Monaco,HARD,2,33
95.039,SAR,2023,31,Saudi Arabia,MEDIUM,2,13
97.178,PER,2022,40,Bahrain,SOFT,3,10
121.114,PER,2023,20,Singapore,HARD,1,20
98.403,LEC,2023,47,Singapore,HARD,2,27
100.962,SAI,2023,3,Singapore,MEDIUM,1,3
96.291,GAS,2023,4,Saudi Arabia,MEDIUM,1,4
94.793,RIC,2022,32,Saudi Arabia,HARD,2,24
81.744,PER,2023,41,Australia,HARD,4,34
92.146,ALB,2023,45,Silverstone,SOFT,2,17
86.696,MAG,2023,40,Monza,MEDIUM,3,7
96.993,BOT,2023,27,Saudi Arabia,MEDIUM,3,10
94.735,GAS,2023,31,Saudi Arabia,HARD,2,17
93.137,PER,2022,24,Silverstone,MEDIUM,3,20
99.292,ALO,2024,5,Bahrain,SOFT,1,8
98.179,MSC,2022,14,Bahrain,MEDIUM,2,2
94.321,LEC,2023,29,Saudi Arabia,HARD,2,13
117.624,PER,2024,13,Bahrain,HARD,2,1
94.071,HAM,2023,32,Saudi Arabia,MEDIUM,2,14
96.048,ZHO,2024,32,Bahrain,HARD,3,4
99.07,LEC,2022,1,Bahrain,SOFT,1,1
94.306,BOT,2023,10,Silverstone,HARD,1,10
95.333,SAR,2024,45,Bahrain,SOFT,4,5
98.517,HAM,2023,47,Bahrain,HARD,3,17
96.44,RUS,2024,57,Bahrain,HARD,3,26
101.826,NOR,2023,2,Singapore,MEDIUM,1,2
87.661,RIC,2022,10,Monza,MEDIUM,1,10
96.373,LEC,2022,57,Bahrain,SOFT,4,14
79.606,ZHO,2022,62,Monaco,MEDIUM,3,33
117.854,VER,2024,18,Bahrain,HARD,2,1
81.31,PER,2023,51,Australia,HARD,4,44
80.703,RIC,2024,31,Monaco,HARD,2,31
97.234,HAM,2023,21,Saudi Arabia,MEDIUM,2,3
77.7,PER,2022,63,Monaco,MEDIUM,4,33
80.652,HAM,2023,53,Australia,HARD,2,45
103.769,BOT,2022,5,Monaco,WET,1,5
99.186,HAM,2023,32,Singapore,HARD,2,12
96.126,ALB,2023,9,Saudi Arabia,MEDIUM,1,9
99.93,OCO,2023,33,Singapore,HARD,2,13
86.621,BOT,2023,34,Monza,MEDIUM,2,12
121.815,HAM,2023,20,Singapore,MEDIUM,1,20
99.798,SAI,2023,41,Singapore,HARD,2,21
95.139,MAG,2023,30,Saudi Arabia,HARD,2,22
83.342,TSU,2022,56,Australia,HARD,2,38
75.753,RUS,2024,76,Monaco,MEDIUM,2,75
91.967,BOT,2023,71,Monaco,INTERMEDIATE,2,20
80.799,ALO,2024,17,Monaco,MEDIUM,2,17
98.16,GAS,2024,25,Bahrain,HARD,2,13
84.05,LAT,2022,47,Australia,HARD,3,24
83.963,OCO,2023,6,Australia,HARD,2,5
81.078,VER,2023,40,Australia,HARD,2,32
77.344,GAS,2022,61,Monaco,HARD,4,39
100.239,RUS,2023,59,Singapore,MEDIUM,3,15
78.476,SAI,2022,55,Monaco,HARD,3,34
95.307,NOR,2023,50,Saudi Arabia,MEDIUM,3,31
86.023,TSU,2022,8,Australia,MEDIUM,1,8
93.006,ZHO,2023,30,Silverstone,HARD,2,6
98.871,DEV,2023,46,Bahrain,HARD,3,19
99.858,PER,2023,52,Singapore,MEDIUM,2,13
95.908,GAS,2024,55,Bahrain,SOFT,4,12
92.554,LEC,2023,23,Silverstone,HARD,2,5
85.83,LAT,2022,54,Australia,HARD,3,31
94.762,SAI,2023,28,Saudi Arabia,HARD,2,13
93.273,MAG,2023,12,Monza,HARD,1,16
100.9,TSU,2022,9,Bahrain,SOFT,1,9
99.454,RUS,2022,30,Bahrain,HARD,2,16
79.234,DEV,2023,19,Monaco,MEDIUM,1,19
98.111,NOR,2023,32,Bahrain,MEDIUM,4,5
182.581,GAS,2022,1,Monaco,INTERMEDIATE,1,1
94.981,RIC,2022,51,Silverstone,SOFT,5,13
93.94,SAR,2023,9,Silverstone,MEDIUM,1,9
78.077,OCO,2022,60,Monaco,MEDIUM,3,30
87.501,VET,2022,4,Monza,MEDIUM,1,5
98.645,HAM,2024,9,Bahrain,SOFT,1,12
78.485,PIA,2023,28,Monaco,HARD,1,28
97.609,ALB,2023,49,Bahrain,SOFT,4,9
81.188,STR,2024,23,Monaco,MEDIUM,2,23
118.492,SAI,2023,32,Bahrain,HARD,3,1
82.674,SAR,2023,40,Australia,HARD,5,11
96.88,MAG,2023,22,Saudi Arabia,HARD,2,14
80.962,ZHO,2024,51,Monaco,HARD,2,50
119.876,STR,2023,16,Bahrain,HARD,2,1
100.545,LEC,2023,59,Singapore,HARD,2,39
99.694,RUS,2022,2,Bahrain,SOFT,1,5
90.346,ALO,2023,73,Monaco,INTERMEDIATE,3,18
78.624,PER,2023,24,Monaco,HARD,2,23
84.985,NOR,2022,46,Monza,SOFT,2,13
79.719,ZHO,2024,65,Monaco,HARD,2,64
120.255,SAR,2023,13,Bahrain,SOFT,2,1
84.604,LAT,2022,36,Australia,HARD,3,13
113.545,STR,2022,39,Australia,HARD,4,20
101.456,GAS,2024,12,Bahrain,SOFT,1,12
85.397,STR,2022,35,Australia,HARD,4,16
95.353,SAI,2022,41,Saudi Arabia,HARD,2,25
82.929,HAM,2022,35,Monaco,MEDIUM,4,5
92.849,SAR,2023,44,Silverstone,SOFT,2,15
98.278,VER,2023,9,Bahrain,SOFT,1,12
92.133,BOT,2023,51,Silverstone,SOFT,2,19
118.83,ALO,2022,16,Saudi Arabia,MEDIUM,1,16
95.501,MAG,2023,27,Saudi Arabia,HARD,2,19
95.942,GAS,2023,43,Bahrain,SOFT,4,3
95.968,LAT,2022,1,Monza,MEDIUM,1,1
86.806,PIA,2023,37,Monza,HARD,2,19
95.027,DEV,2023,35,Saudi Arabia,HARD,2,18
97.64,ALO,2023,65,Monaco,INTERMEDIATE,3,10
93.084,RUS,2023,4,Silverstone,SOFT,1,7
76.214,NOR,2024,66,Monaco,HARD,2,66
81.6,GAS,2024,8,Monaco,MEDIUM,2,7
94.274,STR,2022,39,Monza,HARD,2,22
85.538,LAT,2022,17,Australia,HARD,2,5
79.637,NOR,2024,16,Monaco,HARD,2,16
79.312,SAR,2023,6,Monaco,MEDIUM,1,6
86.461,ZHO,2023,45,Monza,MEDIUM,3,12
83.878,SAR,2023,21,Australia,MEDIUM,4,13
118.785,ZHO,2023,1,Monaco,SOFT,1,1
122.716,ZHO,2023,3,Singapore,HARD,2,1
95.239,STR,2023,3,Saudi Arabia,MEDIUM,1,3
95.232,LAT,2022,15,Silverstone,SOFT,2,14
95.048,BOT,2023,66,Monaco,INTERMEDIATE,2,15
98.803,MAG,2023,19,Bahrain,HARD,2,4
86.255,PER,2022,26,Monza,HARD,2,19
99.814,ZHO,2022,18,Bahrain,MEDIUM,2,3
100.756,MAG,2022,9,Bahrain,SOFT,1,9
81.131,SAR,2024,38,Monaco,HARD,2,38
80.877,ALO,2024,34,Monaco,MEDIUM,2,34
100.773,MAG,2023,4,Bahrain,HARD,1,4
108.467,ZHO,2023,1,Bahrain,SOFT,1,1
99.692,SAR,2023,23,Bahrain,SOFT,2,11
80.817,RIC,2024,21,Monaco,HARD,2,21
101.295,VER,2023,14,Bahrain,SOFT,1,17
98.977,ALB,2024,14,Bahrain,SOFT,1,14
91.563,RUS,2023,51,Silverstone,MEDIUM,2,23
84.139,BOT,2023,77,Monaco,INTERMEDIATE,2,26
81.559,ALB,2023,33,Monaco,HARD,2,15
79.859,TSU,2022,42,Monaco,MEDIUM,4,13
84.689,DEV,2023,16,Australia,MEDIUM,2,8
119.477,LEC,2023,34,Bahrain,HARD,3,1
94.199,DEV,2023,4,Silverstone,SOFT,1,4
173.571,BOT,2022,1,Monaco,WET,1,1
94.104,SAI,2023,31,Saudi Arabia,HARD,2,16
83.371,STR,2023,25,Australia,HARD,2,17
77.214,SAI,2024,71,Monaco,HARD,2,70
88.969,HUL,2023,38,Monza,HARD,2,29
96.197,TSU,2023,22,Saudi Arabia,HARD,2,5
142.362,GAS,2022,20,Saudi Arabia,HARD,2,5
81.029,HAM,2023,46,Australia,HARD,2,38
137.711,NOR,2023,18,Saudi Arabia,HARD,2,16
86.476,PER,2023,47,Monza,HARD,2,26
94.738,ALO,2023,22,Saudi Arabia,HARD,2,5
98.933,SAI,2023,2,Bahrain,SOFT,1,5
95.723,ALB,2024,40,Bahrain,HARD,3,4
81.776,GAS,2023,34,Australia,HARD,2,26
98.009,SAR,2024,21,Bahrain,HARD,2,11
81.772,VER,2023,29,Australia,HARD,2,21
87.45,ALO,2022,13,Monza,MEDIUM,1,13
102.777,RIC,2022,10,Bahrain,MEDIUM,1,10
79.929,MAG,2023,3,Monaco,HARD,1,3
82.231,STR,2023,34,Australia,HARD,2,26
110.559,PER,2023,29,Silverstone,SOFT,2,1
101.131,TSU,2023,5,Bahrain,SOFT,1,5
78.604,GAS,2023,7,Monaco,HARD,1,7
96.564,PER,2024,33,Bahrain,HARD,2,21
94.538,ZHO,2023,46,Saudi Arabia,MEDIUM,3,28
87.203,MAG,2022,33,Monza,HARD,2,9
135.332,BOT,2022,31,Monaco,HARD,3,11
78.374,STR,2023,45,Monaco,HARD,1,46
84.107,VER,2023,47,Australia,HARD,2,39
79.801,PER,2022,35,Monaco,MEDIUM,4,5
80.948,BOT,2024,38,Monaco,HARD,3,24
100.643,GAS,2023,3,Bahrain,SOFT,1,3
101.853,MAG,2023,70,Monaco,WET,2,14
94.783,LEC,2024,38,Bahrain,HARD,3,4
107.079,TSU,2023,32,Silverstone,HARD,2,18
80.979,ZHO,2024,17,Monaco,HARD,2,16
95.005,NOR,2023,37,Saudi Arabia,MEDIUM,3,18
78.209,TSU,2024,68,Monaco,HARD,2,68
99.427,BOT,2023,24,Bahrain,HARD,2,13
101.288,BOT,2023,28,Singapore,HARD,1,28
80.517,ALB,2024,24,Monaco,HARD,2,23
81.133,STR,2023,49,Australia,HARD,2,41
97.583,MAG,2024,18,Bahrain,HARD,2,7
87.449,LAT,2022,19,Monza,HARD,2,4
98.027,STR,2024,16,Bahrain,HARD,2,7
95.389,GAS,2024,53,Bahrain,SOFT,4,10
142.914,ZHO,2023,34,Silverstone,SOFT,3,1
98.696,NOR,2023,24,Bahrain,SOFT,3,10
77.876,ALO,2023,36,Monaco,HARD,1,37
80.542,ALB,2024,22,Monaco,HARD,2,21
78.797,VER,2024,27,Monaco,MEDIUM,2,26
98.419,PER,2022,25,Bahrain,MEDIUM,2,10
85.717,ZHO,2023,76,Monaco,INTERMEDIATE,3,24
97.86,ALB,2022,3,Saudi Arabia,MEDIUM,1,3
98.258,PIA,2024,3,Bahrain,SOFT,1,6
77.912,SAI,2023,24,Monaco,HARD,1,24
93.616,GAS,2022,45,Saudi Arabia,HARD,2,30
99.754,PER,2022,12,Bahrain,SOFT,1,15
82.77,OCO,2023,20,Australia,HARD,3,19
100.96,DEV,2023,25,Bahrain,HARD,2,14
95.82,HUL,2022,50,Saudi Arabia,MEDIUM,2,14
83.7,HUL,2023,17,Australia,HARD,2,9
98.985,SAI,2023,4,Bahrain,SOFT,1,7
85.651,PER,2023,35,Monza,HARD,2,14
97.862,PER,2022,22,Bahrain,MEDIUM,2,7
83.534,MAG,2023,32,Australia,HARD,3,25
96.582,STR,2024,56,Bahrain,HARD,3,29
100.097,ALO,2022,4,Bahrain,SOFT,1,7
97.82,SAR,2024,20,Bahrain,HARD,2,10
100.501,BOT,2022,7,Monaco,WET,1,7
77.04,RUS,2022,45,Monaco,MEDIUM,3,15
96.967,PER,2022,21,Saudi Arabia,HARD,2,6
80.875,TSU,2024,22,Monaco,HARD,2,22
93.558,LAT,2022,47,Silverstone,SOFT,4,9
78.748,STR,2024,66,Monaco,SOFT,4,18
77.06,ALB,2024,77,Monaco,HARD,2,76
98.617,HAM,2023,16,Bahrain,HARD,2,4
88.677,LEC,2023,72,Monaco,INTERMEDIATE,3,17
80.028,PIA,2024,17,Monaco,HARD,2,17
78.234,LEC,2023,17,Monaco,HARD,1,17
78.582,GAS,2023,12,Monaco,HARD,1,12
100.415,MAG,2023,11,Singapore,MEDIUM,1,11
79.86,STR,2023,28,Monaco,HARD,1,29
78.446,RUS,2024,38,Monaco,MEDIUM,2,37
93.81,GAS,2023,47,Saudi Arabia,HARD,2,33
76.755,PER,2023,40,Monaco,MEDIUM,3,7
82.348,ZHO,2023,43,Australia,HARD,3,42
85.512,LEC,2022,29,Monza,MEDIUM,2,17
80.396,NOR,2023,3,Monaco,MEDIUM,1,3
97.624,TSU,2023,50,Bahrain,SOFT,4,13
94.433,TSU,2023,13,Silverstone,SOFT,1,13
103.378,HAM,2023,58,Monaco,INTERMEDIATE,3,4
95.068,GAS,2023,42,Bahrain,SOFT,4,2
96.922,RUS,2024,15,Bahrain,HARD,2,4
92.309,LEC,2023,70,Monaco,INTERMEDIATE,3,15
96.616,HUL,2023,42,Bahrain,SOFT,4,5
103.165,TSU,2023,1,Silverstone,SOFT,1,1
83.591,BOT,2024,40,Monaco,HARD,3,26
78.622,LEC,2022,56,Monaco,HARD,4,35
128.682,NOR,2023,38,Bahrain,HARD,5,1
82.003,PIA,2023,40,Australia,HARD,2,32
78.733,LEC,2024,40,Monaco,HARD,2,39
145.094,PER,2023,36,Silverstone,SOFT,2,8
86.84,SAR,2023,16,Monza,HARD,2,5
102.305,LEC,2023,59,Monaco,INTERMEDIATE,3,4
98.407,OCO,2024,23,Bahrain,HARD,2,13
80.797,PER,2023,13,Monaco,HARD,2,12
92.167,BOT,2023,49,Silverstone,SOFT,2,17
97.956,BOT,2024,56,Bahrain,HARD,3,26
101.307,MAG,2023,41,Singapore,HARD,2,21
98.497,MAG,2024,4,Bahrain,SOFT,1,4
79.573,BOT,2022,44,Monaco,HARD,3,24
95.713,RIC,2022,11,Silverstone,MEDIUM,2,11
95.282,SAI,2024,51,Bahrain,HARD,3,16
97.03,VER,2024,13,Bahrain,SOFT,1,16
92.794,LEC,2023,26,Silverstone,HARD,2,8
83.993,SAR,2023,25,Australia,MEDIUM,4,17
165.811,HAM,2022,1,Monaco,WET,1,1
107.537,RUS,2023,7,Australia,MEDIUM,1,7
124.541,OCO,2022,38,Saudi Arabia,HARD,2,22
96.89,MAG,2024,13,Bahrain,HARD,2,2
98.923,HAM,2022,5,Bahrain,SOFT,1,7
97.971,ZHO,2024,33,Bahrain,HARD,3,5
102.343,STR,2022,11,Bahrain,SOFT,1,11
77.105,ALB,2023,22,Monaco,HARD,2,4
95.297,HUL,2023,69,Monaco,WET,4,10
77.959,PER,2023,41,Monaco,MEDIUM,3,8
93.829,GAS,2023,41,Saudi Arabia,HARD,2,27
115.413,ALB,2022,14,Saudi Arabia,HARD,2,1
82.241,HUL,2023,35,Australia,HARD,2,27
94.896,SAR,2023,47,Saudi Arabia,MEDIUM,2,29
81.994,VER,2023,12,Australia,HARD,2,4
101.122,NOR,2022,5,Monaco,WET,1,5
80.911,ZHO,2024,18,Monaco,HARD,2,17
100.398,SAI,2023,14,Singapore,MEDIUM,1,14
94.739,SAI,2024,40,Bahrain,HARD,3,5
79.079,ZHO,2022,54,Monaco,MEDIUM,3,25
79.917,GAS,2024,53,Monaco,MEDIUM,2,52
87.183,ALO,2023,48,Monza,HARD,2,30
77.814,DEV,2023,42,Monaco,MEDIUM,1,42
100.894,GAS,2023,4,Bahrain,SOFT,1,4
84.546,DEV,2023,51,Monaco,MEDIUM,1,51
84.71,ALB,2022,33,Australia,HARD,1,33
80.043,BOT,2024,45,Monaco,HARD,3,31
99.878,MSC,2022,18,Bahrain,MEDIUM,2,6
98.488,ZHO,2024,6,Bahrain,SOFT,1,6
92.295,VER,2023,25,Silverstone,MEDIUM,1,25
96.378,PER,2024,34,Bahrain,HARD,2,22
85.399,GAS,2022,13,Australia,MEDIUM,1,13
93.807,VER,2022,4,Silverstone,MEDIUM,2,3
78.606,BOT,2023,44,Monaco,HARD,1,44
82.53,MAG,2023,42,Australia,HARD,3,35
98.99,PER,2022,29,Bahrain,MEDIUM,2,14
80.209,NOR,2023,4,Monaco,MEDIUM,1,4
80.481,ZHO,2024,16,Monaco,HARD,2,15
85.751,VER,2023,44,Monza,HARD,2,24
134.429,LAT,2022,48,Monza,SOFT,3,1
97.306,HUL,2023,51,Bahrain,SOFT,4,14
77.314,VER,2023,50,Monaco,MEDIUM,1,50
98.705,GAS,2022,16,Bahrain,MEDIUM,2,2
98.318,ALO,2023,20,Bahrain,HARD,2,6
78.155,NOR,2024,56,Monaco,HARD,2,56
77.865,LEC,2024,43,Monaco,HARD,2,42
94.146,VER,2023,24,Saudi Arabia,HARD,2,6
81.814,PER,2023,37,Australia,HARD,4,30
76.117,HAM,2024,67,Monaco,HARD,3,17
101.192,SAI,2023,57,Monaco,INTERMEDIATE,3,2
78.081,ALO,2024,72,Monaco,MEDIUM,2,72
100.102,SAI,2023,10,Bahrain,SOFT,1,13
95.005,NOR,2023,37,Saudi Arabia,MEDIUM,3,18
80.198,PIA,2023,26,Monaco,HARD,1,26
127.757,STR,2023,3,Australia,MEDIUM,1,4
89.626,SAR,2023,50,Monza,HARD,2,39
84.26,LAT,2022,53,Australia,HARD,3,30
93.313,PER,2022,29,Saudi Arabia,HARD,2,14
97.605,NOR,2023,30,Bahrain,MEDIUM,4,3
88.568,NOR,2022,13,Monza,MEDIUM,1,13
100.817,BOT,2022,2,Bahrain,SOFT,1,5
100.222,LEC,2023,58,Singapore,HARD,2,38
86.71,RUS,2023,9,Monza,MEDIUM,1,9
95.403,MAG,2022,13,Silverstone,MEDIUM,2,14
78.234,NOR,2023,47,Monaco,MEDIUM,1,47
93.647,RUS,2023,68,Monaco,INTERMEDIATE,2,14
125.204,HUL,2023,3,Australia,MEDIUM,1,3
103.866,SAI,2023,1,Australia,MEDIUM,1,1
78.497,MAG,2023,24,Monaco,HARD,1,24
83.558,PIA,2023,16,Australia,HARD,2,8
83.974,PER,2022,50,Australia,HARD,2,30
76.896,LEC,2022,48,Monaco,HARD,4,27
78.034,VET,2022,55,Monaco,HARD,4,33
77.357,LEC,2024,54,Monaco,HARD,2,53
85.702,VER,2023,3,Monza,MEDIUM,1,3
90.343,MAG,2023,39,Monza,MEDIUM,3,6
96.042,MAG,2024,38,Bahrain,HARD,3,6
83.568,NOR,2023,15,Australia,HARD,2,7
96.963,LEC,2024,29,Bahrain,HARD,2,18
99.811,VET,2022,8,Monaco,INTERMEDIATE,2,2
99.974,GAS,2023,31,Singapore,HARD,2,11
84.46,PER,2022,12,Australia,MEDIUM,1,12
95.127,LEC,2022,53,Bahrain,SOFT,4,10
80.981,HAM,2023,44,Australia,HARD,2,36
87.262,PER,2022,23,Monza,HARD,2,16
94.355,GAS,2023,38,Saudi Arabia,HARD,2,24
147.176,RIC,2022,20,Saudi Arabia,HARD,2,12
94.892,MSC,2022,16,Silverstone,MEDIUM,2,15
96.939,LEC,2022,39,Bahrain,MEDIUM,3,8
97.614,VER,2023,18,Bahrain,SOFT,2,4
81.726,HUL,2023,53,Australia,HARD,2,45
91.848,RUS,2023,39,Silverstone,MEDIUM,2,11
98.996,DEV,2023,17,Bahrain,HARD,2,6
82.415,NOR,2023,27,Australia,HARD,2,19
82.479,RUS,2022,47,Australia,HARD,2,24
78.524,PER,2023,49,Monaco,MEDIUM,3,16
95.939,SAR,2024,46,Bahrain,SOFT,4,6
95.745,ALO,2024,54,Bahrain,HARD,3,13
86.639,OCO,2023,1,Monaco,MEDIUM,1,1
96.76,LEC,2024,25,Bahrain,HARD,2,14
78.713,ALO,2024,69,Monaco,MEDIUM,2,69
79.296,TSU,2023,5,Monaco,MEDIUM,1,5
101.735,LAT,2022,21,Bahrain,SOFT,2,7
94.552,OCO,2022,18,Monaco,WET,1,18
96.495,BOT,2023,13,Saudi Arabia,HARD,2,4
84.56,RIC,2022,31,Australia,HARD,2,10
81.023,GAS,2024,50,Monaco,MEDIUM,2,49
78.962,SAI,2022,36,Monaco,HARD,3,15
91.644,RUS,2023,47,Silverstone,MEDIUM,2,19
83.311,HAM,2022,34,Australia,HARD,2,12
92.425,NOR,2022,37,Silverstone,HARD,3,3
97.684,ALB,2023,48,Bahrain,SOFT,4,8
78.028,HUL,2023,10,Monaco,HARD,2,9
86.917,OCO,2022,27,Australia,HARD,2,10
83.593,BOT,2023,32,Australia,HARD,3,31
97.477,TSU,2024,30,Bahrain,HARD,2,16
75.468,HAM,2024,72,Monaco,HARD,3,22
93.28,HUL,2023,28,Silverstone,MEDIUM,2,21
96.652,ZHO,2024,42,Bahrain,HARD,3,14
86.102,HUL,2023,42,Monza,MEDIUM,3,6
97.375,SAI,2023,42,Bahrain,HARD,3,11
97.229,OCO,2024,36,Bahrain,HARD,3,6
98.049,OCO,2024,45,Bahrain,HARD,3,15
77.516,GAS,2024,76,Monaco,MEDIUM,2,75
82.881,TSU,2023,42,Australia,HARD,2,34
87.902,STR,2022,9,Monza,MEDIUM,1,10
101.003,BOT,2022,6,Bahrain,SOFT,1,9
79.79,DEV,2023,5,Monaco,MEDIUM,1,5
92.55,PER,2023,33,Saudi Arabia,HARD,2,15
97.587,VER,2022,17,Bahrain,SOFT,2,3
97.847,TSU,2024,32,Bahrain,HARD,2,18
79.394,LEC,2022,36,Monaco,HARD,4,15
83.02,OCO,2022,49,Australia,HARD,2,32
93.913,SAI,2023,38,Saudi Arabia,HARD,2,23
88.442,OCO,2022,16,Monza,SOFT,1,16
100.43,ALB,2023,2,Bahrain,SOFT,1,2
100.3,SAR,2023,25,Singapore,HARD,2,6
99.41,VER,2022,12,Bahrain,SOFT,1,15
93.666,SAI,2023,5,Silverstone,MEDIUM,1,5
91.776,HUL,2023,52,Silverstone,SOFT,3,20
79.275,SAI,2024,36,Monaco,HARD,2,35
93.016,ALO,2023,20,Silverstone,MEDIUM,1,21
94.364,PER,2024,40,Bahrain,SOFT,3,4
86.283,SAI,2023,78,Monaco,INTERMEDIATE,3,23
82.345,PER,2023,17,Australia,HARD,4,10
91.02,NOR,2023,49,Silverstone,HARD,2,16
96.253,ZHO,2023,10,Saudi Arabia,MEDIUM,1,10
100.838,SAR,2023,15,Singapore,MEDIUM,1,15
91.341,HAM,2023,53,Monaco,HARD,2,22
99.455,LAT,2022,36,Bahrain,MEDIUM,3,4
78.286,RUS,2023,14,Monaco,HARD,1,14
87.774,ZHO,2022,17,Monza,MEDIUM,1,17
87.534,GAS,2022,5,Monza,MEDIUM,1,5
98.635,SAI,2022,1,Saudi Arabia,MEDIUM,1,1
81.653,STR,2024,8,Monaco,MEDIUM,2,8
96.298,STR,2024,47,Bahrain,HARD,3,20
78.156,HAM,2024,45,Monaco,MEDIUM,2,44
78.042,NOR,2023,33,Monaco,MEDIUM,1,33
109.154,MAG,2023,18,Australia,HARD,3,11
78.898,STR,2023,43,Monaco,HARD,1,44
93.211,TSU,2023,30,Silverstone,HARD,2,16
102.808,VER,2023,58,Monaco,INTERMEDIATE,2,3
78.714,NOR,2024,35,Monaco,HARD,2,35
79.82,NOR,2024,13,Monaco,HARD,2,13
99.892,STR,2023,2,Bahrain,SOFT,1,5
79.589,HUL,2023,28,Monaco,HARD,2,27
93.857,ALB,2023,12,Silverstone,MEDIUM,1,12
91.711,ALO,2023,52,Silverstone,SOFT,2,22
98.71,STR,2023,29,Bahrain,HARD,2,14
79.024,BOT,2024,63,Monaco,HARD,3,49
91.8,RUS,2023,31,Silverstone,MEDIUM,2,3
75.956,LEC,2023,50,Monaco,MEDIUM,2,6
110.334,MAG,2022,48,Bahrain,SOFT,4,5
95.739,PIA,2024,53,Bahrain,HARD,3,19
100.424,ZHO,2023,17,Singapore,HARD,2,15
101.606,BOT,2022,8,Bahrain,SOFT,1,11
85.269,LAT,2022,16,Australia,HARD,2,4
94.886,LEC,2023,28,Saudi Arabia,HARD,2,12
78.399,PIA,2024,47,Monaco,HARD,2,47
79.067,NOR,2023,26,Monaco,MEDIUM,1,26
99.752,SAR,2023,37,Singapore,HARD,2,18
100.136,VET,2022,1,Australia,HARD,1,2
91.976,LEC,2022,33,Silverstone,HARD,3,8
85.744,VER,2024,3,Monaco,MEDIUM,2,2
93.433,VER,2023,2,Silverstone,MEDIUM,1,2
118.689,PIA,2024,13,Bahrain,HARD,2,1
93.456,SAI,2023,3,Silverstone,MEDIUM,1,3
87.709,OCO,2022,15,Monza,SOFT,1,15
96.797,OCO,2023,34,Bahrain,HARD,4,2
82.857,LEC,2022,29,Australia,HARD,2,7
98.104,ALB,2023,31,Bahrain,HARD,3,5
95.386,DEV,2023,24,Saudi Arabia,HARD,2,7
99.945,STR,2023,7,Bahrain,SOFT,1,10
95.199,MAG,2023,14,Saudi Arabia,HARD,2,6
97.306,MAG,2022,9,Saudi Arabia,HARD,1,11
84.847,ZHO,2023,5,Australia,HARD,2,4
97.088,PIA,2024,33,Bahrain,HARD,2,21
101.112,RUS,2023,12,Bahrain,SOFT,1,15
96.449,DEV,2023,14,Saudi Arabia,MEDIUM,1,14
82.412,SAI,2023,29,Australia,HARD,3,22
86.902,NOR,2022,25,Monza,MEDIUM,1,25
97.916,STR,2023,40,Bahrain,HARD,3,10
79.686,ZHO,2022,41,Monaco,MEDIUM,3,12
105.574,ALO,2022,48,Bahrain,SOFT,4,6
97.712,VER,2023,19,Bahrain,SOFT,2,5
95.373,TSU,2023,6,Silverstone,SOFT,1,6
97.243,ALO,2023,39,Bahrain,HARD,3,5
88.167,ZHO,2023,2,Monza,MEDIUM,1,2
96.741,LEC,2024,33,Bahrain,HARD,2,22
94.131,GAS,2023,44,Saudi Arabia,HARD,2,30
82.009,TSU,2023,47,Australia,HARD,2,39
100.853,ZHO,2023,4,Bahrain,SOFT,1,4
95.452,ZHO,2023,24,Saudi Arabia,MEDIUM,3,6
100.154,MSC,2022,24,Bahrain,MEDIUM,2,12
98.21,SAI,2023,19,Bahrain,HARD,2,6
99.626,SAR,2023,56,Bahrain,SOFT,4,16
78.636,STR,2024,67,Monaco,SOFT,4,19
78.634,MAG,2023,39,Monaco,HARD,1,39
97.838,SAI,2023,65,Monaco,INTERMEDIATE,3,10
93.202,PER,2023,20,Silverstone,MEDIUM,1,20
99.027,MAG,2023,23,Bahrain,HARD,2,8
99.172,PER,2023,8,Bahrain,SOFT,1,11
87.259,STR,2023,26,Monza,HARD,2,10
95.173,BOT,2022,32,Saudi Arabia,HARD,2,16
87.753,RIC,2022,18,Monza,MEDIUM,1,18
83.295,HAM,2023,4,Australia,MEDIUM,1,4
94.216,OCO,2023,38,Saudi Arabia,HARD,2,22
93.692,MAG,2022,44,Silverstone,MEDIUM,3,22
128.544,GAS,2023,41,Bahrain,SOFT,4,1
87.166,PIA,2023,39,Monza,HARD,2,21
76.785,SAI,2024,72,Monaco,HARD,2,71
97.7,NOR,2023,22,Saudi Arabia,MEDIUM,3,3
92.78,VER,2023,4,Silverstone,MEDIUM,1,4
100.058,MAG,2024,7,Bahrain,SOFT,1,7
101.096,TSU,2022,12,Bahrain,SOFT,1,12
97.728,SAR,2024,22,Bahrain,HARD,2,12
79.547,ZHO,2022,63,Monaco,MEDIUM,3,34
95.292,BOT,2022,24,Saudi Arabia,HARD,2,8
99.682,SAI,2022,10,Bahrain,SOFT,1,13
80.84,RIC,2024,34,Monaco,HARD,2,34
79.915,TSU,2022,41,Monaco,MEDIUM,4,12
98.758,PER,2023,4,Bahrain,SOFT,1,7
92.891,PER,2023,27,Saudi Arabia,HARD,2,9
92.608,VER,2024,39,Bahrain,SOFT,3,2
87.324,GAS,2023,6,Monza,MEDIUM,1,6
119.463,HUL,2023,59,Monaco,INTERMEDIATE,3,5
75.134,HAM,2024,73,Monaco,HARD,3,23
76.052,VER,2022,47,Monaco,MEDIUM,4,17
77.017,LEC,2023,51,Monaco,MEDIUM,2,7
95.934,NOR,2024,54,Bahrain,HARD,3,21
81.289,TSU,2024,11,Monaco,HARD,2,11
112.313,OCO,2022,47,Monza,HARD,2,28
101.088,BOT,2023,34,Singapore,HARD,1,34
84.258,HAM,2022,33,Monaco,MEDIUM,4,3
99.046,ALO,2024,3,Bahrain,SOFT,1,6
84.161,DEV,2023,20,Australia,MEDIUM,2,12
97.375,RIC,2024,55,Bahrain,SOFT,3,20
77.692,VER,2022,54,Monaco,MEDIUM,4,24
83.014,BOT,2023,29,Australia,HARD,3,28
97.841,RUS,2023,53,Bahrain,HARD,3,22
92.265,PER,2022,1,Australia,MEDIUM,1,1
92.582,VER,2023,5,Silverstone,MEDIUM,1,5
81.726,HUL,2023,53,Australia,HARD,2,45
98.422,HAM,2022,42,Bahrain,MEDIUM,3,15
104.702,ZHO,2023,57,Monaco,INTERMEDIATE,3,5
81.559,ALB,2023,33,Monaco,HARD,2,15
76.842,RUS,2024,59,Monaco,MEDIUM,2,58
98.413,SAR,2023,14,Bahrain,SOFT,2,2
78.795,ZHO,2024,58,Monaco,HARD,2,57
99.08,NOR,2023,49,Bahrain,SOFT,6,6
95.654,DEV,2023,66,Monaco,INTERMEDIATE,2,13
86.694,LEC,2023,12,Monza,MEDIUM,1,12
95.651,PER,2023,4,Saudi Arabia,MEDIUM,1,4
103.041,HAM,2023,19,Australia,HARD,2,11
94.599,TSU,2023,45,Saudi Arabia,HARD,2,28
96.273,RUS,2023,46,Singapore,MEDIUM,3,2
94.658,ALO,2023,6,Saudi Arabia,MEDIUM,1,6
85.097,ZHO,2022,31,Australia,HARD,2,10
96.527,VER,2022,32,Bahrain,MEDIUM,3,2
78.385,ALB,2024,68,Monaco,HARD,2,67
83.236,SAR,2023,17,Monaco,MEDIUM,1,17
85.279,LAT,2022,34,Australia,HARD,3,11
82.964,ALB,2022,46,Australia,HARD,1,46
120.201,LAT,2022,47,Bahrain,SOFT,4,5
99.65,BOT,2022,24,Bahrain,MEDIUM,2,10
78.081,ALO,2024,72,Monaco,MEDIUM,2,72
97.313,LEC,2023,36,Bahrain,HARD,3,3
103.887,ALB,2022,6,Monaco,WET,1,6
97.85,VER,2023,35,Bahrain,SOFT,2,21
80.286,TSU,2024,27,Monaco,HARD,2,27
101.979,MAG,2023,29,Bahrain,HARD,2,14
94.918,OCO,2023,28,Saudi Arabia,HARD,2,12
99.064,OCO,2022,42,Bahrain,HARD,3,12
81.62,GAS,2023,52,Australia,HARD,2,44
78.791,PIA,2024,28,Monaco,HARD,2,28
95.346,NOR,2024,44,Bahrain,HARD,3,11
96.7,MAG,2022,13,Saudi Arabia,HARD,1,15
96.762,SAI,2024,32,Bahrain,HARD,2,18
81.978,MAG,2023,50,Australia,HARD,3,43
77.936,ZHO,2024,59,Monaco,HARD,2,58
78.439,STR,2023,24,Monaco,HARD,1,25
85.594,ZHO,2022,15,Australia,MEDIUM,1,15
76.157,RUS,2024,67,Monaco,MEDIUM,2,66
76.077,SAR,2024,69,Monaco,MEDIUM,3,12
95.508,DEV,2023,28,Saudi Arabia,HARD,2,11
96.368,GAS,2023,48,Bahrain,SOFT,4,8
82.473,BOT,2023,49,Australia,HARD,3,48
94.532,NOR,2023,46,Saudi Arabia,MEDIUM,3,27
96.568,HAM,2023,12,Saudi Arabia,HARD,1,12
101.078,ALB,2022,25,Monaco,MEDIUM,3,3
93.238,VER,2023,47,Saudi Arabia,HARD,2,29
100.664,ALB,2022,3,Bahrain,SOFT,1,3
95.996,HAM,2022,22,Saudi Arabia,HARD,1,23
96.315,ALO,2022,12,Saudi Arabia,MEDIUM,1,12
78.201,RUS,2024,54,Monaco,MEDIUM,2,53
79.131,TSU,2023,20,Monaco,MEDIUM,1,20
80.315,ALO,2024,48,Monaco,MEDIUM,2,48
97.296,PER,2023,54,Bahrain,HARD,3,20
75.449,VER,2024,70,Monaco,HARD,3,19
93.713,LEC,2023,38,Saudi Arabia,HARD,2,22
97.798,LEC,2023,18,Bahrain,HARD,2,5
94.702,LEC,2022,7,Saudi Arabia,MEDIUM,1,7
84.459,GAS,2023,11,Australia,HARD,2,3
80.593,GAS,2024,26,Monaco,MEDIUM,2,25
78.724,LEC,2024,20,Monaco,HARD,2,19
110.848,LEC,2022,18,Monaco,WET,1,18
95.974,HAM,2024,54,Bahrain,HARD,3,21
85.008,MSC,2022,16,Australia,HARD,2,2
125.56,RUS,2022,39,Saudi Arabia,HARD,2,23
80.857,BOT,2024,29,Monaco,HARD,3,15
97.746,SAR,2024,57,Monaco,HARD,2,57
100.555,ALO,2023,10,Singapore,MEDIUM,1,10
82.807,MAG,2023,36,Australia,HARD,3,29
87.247,ZHO,2022,13,Monza,MEDIUM,1,13
95.428,SAI,2023,4,Saudi Arabia,MEDIUM,1,4
98.575,ALB,2024,6,Bahrain,SOFT,1,6
86.356,BOT,2022,41,Monza,SOFT,2,6
98.817,OCO,2023,19,Bahrain,HARD,3,7
100.941,LAW,2023,16,Singapore,MEDIUM,1,16
88.318,STR,2022,37,Monza,HARD,2,20
78.601,PIA,2024,21,Monaco,HARD,2,21
97.995,ALO,2022,27,Bahrain,HARD,3,2
85.706,BOT,2022,45,Monza,SOFT,2,10
84.105,SAR,2023,17,Australia,MEDIUM,4,9
93.429,ALO,2022,31,Monza,MEDIUM,1,31
92.637,PER,2023,41,Saudi Arabia,HARD,2,23
75.955,TSU,2024,73,Monaco,HARD,2,73
93.826,NOR,2022,51,Monza,SOFT,3,7
96.215,LEC,2023,32,Silverstone,HARD,2,14
100.452,STR,2022,35,Bahrain,SOFT,2,17
83.488,ZHO,2023,26,Australia,HARD,3,25
101.289,DEV,2023,2,Bahrain,SOFT,1,2
96.266,OCO,2023,12,Saudi Arabia,MEDIUM,1,12
97.724,LAT,2022,8,Monaco,HARD,3,6
86.601,ALB,2023,21,Monza,HARD,2,9
84.504,BOT,2023,21,Australia,HARD,3,20
93.429,PER,2023,12,Silverstone,MEDIUM,1,12
77.991,NOR,2023,44,Monaco,MEDIUM,1,44
78.32,TSU,2023,49,Monaco,MEDIUM,1,49
83.585,OCO,2023,23,Australia,HARD,3,22
100.054,STR,2022,29,Bahrain,SOFT,2,11
80.407,GAS,2024,61,Monaco,MEDIUM,2,60
100.433,NOR,2023,47,Bahrain,HARD,5,10
98.29,MAG,2024,25,Bahrain,HARD,2,14
96.34,MAG,2024,41,Bahrain,HARD,3,9
101.849,ZHO,2024,9,Bahrain,SOFT,1,9
80.9,RIC,2024,30,Monaco,HARD,2,30
93.49,SAR,2023,28,Silverstone,MEDIUM,1,28
87.637,BOT,2022,20,Monza,MEDIUM,1,20
99.137,MAG,2022,10,Monaco,WET,1,10
91.159,PIA,2023,48,Silverstone,HARD,2,19
96.026,ALB,2023,13,Saudi Arabia,MEDIUM,1,13
99.548,ALO,2023,4,Bahrain,SOFT,1,7
101.883,HUL,2023,35,Silverstone,SOFT,3,3
123.485,PER,2022,32,Monaco,MEDIUM,4,2
97.654,RIC,2022,52,Bahrain,SOFT,4,8
99.84,HUL,2022,27,Bahrain,SOFT,2,8
100.797,LAW,2023,37,Singapore,HARD,2,17
79.658,SAR,2023,2,Monaco,MEDIUM,1,2
98.581,HAM,2023,21,Bahrain,HARD,2,9
84.785,PIA,2023,77,Monaco,INTERMEDIATE,2,23
87.427,BOT,2023,15,Monza,HARD,1,18
97.566,MAG,2022,39,Bahrain,MEDIUM,3,5
101.23,DEV,2023,8,Bahrain,SOFT,1,8
98.819,HUL,2022,39,Bahrain,MEDIUM,3,2
94.355,GAS,2023,38,Saudi Arabia,HARD,2,24
86.426,RUS,2023,43,Monza,HARD,2,27
123.07,NOR,2022,40,Silverstone,HARD,3,6
96.823,PIA,2024,15,Bahrain,HARD,2,3
76.808,LEC,2024,76,Monaco,HARD,2,75
100.368,PIA,2023,37,Singapore,HARD,2,17
83.984,DEV,2023,15,Australia,MEDIUM,2,7
79.849,MAG,2023,27,Monaco,HARD,1,27
76.388,HAM,2024,54,Monaco,HARD,3,4
76.842,RUS,2024,59,Monaco,MEDIUM,2,58
77.867,HAM,2024,43,Monaco,MEDIUM,2,42
95.368,HUL,2023,32,Saudi Arabia,HARD,2,21
97.701,STR,2023,55,Bahrain,HARD,3,25
79.352,MAG,2023,6,Monaco,HARD,1,6
88.779,LEC,2022,23,Monaco,HARD,3,2
81.559,LEC,2022,43,Australia,HARD,2,21
96.221,SAI,2024,26,Bahrain,HARD,2,12
98.763,BOT,2023,2,Saudi Arabia,MEDIUM,1,2
93.271,PER,2023,9,Silverstone,MEDIUM,1,9
81.544,HUL,2023,47,Australia,HARD,2,39
84.684,HAM,2022,29,Australia,HARD,2,7
83.698,ZHO,2024,4,Monaco,HARD,2,3
81.707,PIA,2023,45,Australia,HARD,2,37
98.656,GAS,2024,11,Bahrain,SOFT,1,11
81.148,VER,2023,42,Australia,HARD,2,34
95.57,OCO,2022,11,Silverstone,SOFT,2,10
87.412,LAW,2023,16,Monza,HARD,2,6
93.826,OCO,2023,40,Saudi Arabia,HARD,2,24
97.562,STR,2023,46,Bahrain,HARD,3,16
101.719,MAG,2023,10,Bahrain,HARD,1,10
85.24,VER,2023,33,Monza,HARD,2,13
94.834,MAG,2022,34,Saudi Arabia,HARD,1,36
97.396,RUS,2023,54,Singapore,MEDIUM,3,10
97.418,BOT,2023,6,Saudi Arabia,MEDIUM,1,6
98.447,NOR,2023,25,Bahrain,SOFT,3,11
101.085,RUS,2023,11,Bahrain,SOFT,1,14
95.657,NOR,2024,50,Bahrain,HARD,3,17
95.204,RUS,2024,39,Bahrain,HARD,3,8
93.879,ZHO,2023,69,Monaco,INTERMEDIATE,3,17
95.456,OCO,2023,66,Monaco,INTERMEDIATE,3,12
97.407,SAR,2023,44,Bahrain,SOFT,4,4
95.694,BOT,2022,6,Silverstone,MEDIUM,2,5
99.832,ALB,2023,25,Bahrain,SOFT,2,14
84.824,VER,2022,45,Monza,MEDIUM,2,20
93.918,SAI,2022,7,Silverstone,MEDIUM,2,6
86.251,HUL,2023,47,Monza,MEDIUM,3,11
97.738,RUS,2024,4,Bahrain,SOFT,1,7
95.183,PER,2024,52,Bahrain,SOFT,3,16
76.547,VER,2024,63,Monaco,HARD,3,12
94.514,ZHO,2023,43,Saudi Arabia,MEDIUM,3,25
82.138,OCO,2023,29,Australia,HARD,3,28
103.866,VER,2022,41,Silverstone,SOFT,5,2
103.104,TSU,2023,64,Monaco,INTERMEDIATE,2,11
101.532,SAR,2023,11,Bahrain,SOFT,1,11
82.704,HAM,2023,21,Australia,HARD,2,13
93.866,ALB,2023,4,Silverstone,MEDIUM,1,4
94.659,PER,2022,22,Saudi Arabia,HARD,2,7
93.188,MAG,2022,41,Saudi Arabia,MEDIUM,2,6
86.853,MAG,2022,29,Monza,HARD,2,5
119.703,PIA,2024,35,Bahrain,HARD,3,1
81.47,BOT,2024,30,Monaco,HARD,3,16
105.66,VER,2023,21,Monza,HARD,2,1
78.926,STR,2023,26,Monaco,HARD,1,27
95.27,HAM,2022,4,Silverstone,MEDIUM,2,3
79.772,STR,2023,27,Monaco,HARD,1,28
80.175,MAG,2023,2,Monaco,HARD,1,2
98.652,RUS,2023,1,Saudi Arabia,MEDIUM,1,1
96.378,SAI,2023,9,Saudi Arabia,MEDIUM,1,9
97.984,PIA,2024,7,Bahrain,SOFT,1,10
85.629,LEC,2023,39,Monza,HARD,2,19
97.947,ZHO,2024,21,Bahrain,HARD,2,12
85.028,RUS,2022,12,Australia,MEDIUM,1,12
80.646,SAR,2024,16,Monaco,HARD,2,16
95.301,PIA,2023,41,Saudi Arabia,HARD,2,40
92.72,HUL,2023,1,Monza,MEDIUM,1,4
98.523,TSU,2022,35,Bahrain,SOFT,3,6
77.408,ZHO,2023,7,Monaco,HARD,2,6
77.709,LEC,2022,54,Monaco,HARD,4,33
96.899,ZHO,2022,9,Saudi Arabia,MEDIUM,1,9
96.149,SAI,2024,23,Bahrain,HARD,2,9
85.893,RUS,2022,36,Monza,HARD,2,13
79.557,HAM,2022,44,Monaco,MEDIUM,4,14
96.72,ZHO,2024,49,Bahrain,HARD,3,21
81.415,RUS,2024,7,Monaco,MEDIUM,2,6
93.697,PER,2022,25,Saudi Arabia,HARD,2,10
98.576,MAG,2024,5,Bahrain,SOFT,1,5
96.234,RUS,2024,17,Bahrain,HARD,2,6
77.237,LEC,2023,40,Monaco,HARD,1,40
76.417,SAI,2024,73,Monaco,HARD,2,72
77.22,SAI,2023,30,Monaco,HARD,1,30
86.483,LEC,2023,6,Monza,MEDIUM,1,6
80.301,OCO,2023,2,Monaco,MEDIUM,1,2
99.338,RIC,2024,9,Bahrain,SOFT,1,12
78.573,STR,2023,48,Monaco,HARD,1,49
97.879,HUL,2024,14,Bahrain,HARD,2,13
80.291,RUS,2023,3,Monaco,HARD,1,3
109.326,ZHO,2023,17,Saudi Arabia,HARD,2,6
79.069,BOT,2024,60,Monaco,HARD,3,46
86.395,HUL,2023,41,Monza,MEDIUM,3,5
143.16,HUL,2023,37,Silverstone,SOFT,3,5
78.545,SAI,2024,50,Monaco,HARD,2,49
102.288,GAS,2023,25,Bahrain,HARD,2,16
93.163,ALB,2023,24,Silverstone,MEDIUM,1,24
101.117,HUL,2023,7,Singapore,MEDIUM,1,7
79.165,LEC,2023,8,Monaco,HARD,1,8
86.923,LEC,2023,75,Monaco,INTERMEDIATE,3,20
77.156,STR,2024,58,Monaco,SOFT,4,10
101.169,MAG,2022,5,Bahrain,SOFT,1,5
118.026,MAG,2023,1,Australia,MEDIUM,1,1
94.852,MAG,2023,34,Saudi Arabia,HARD,2,26
78.092,PER,2023,18,Monaco,HARD,2,17
80.986,VER,2023,41,Australia,HARD,2,33
132.997,ALB,2022,46,Bahrain,MEDIUM,3,13
100.113,SAI,2023,6,Singapore,MEDIUM,1,6
86.563,ALO,2023,34,Monza,HARD,2,16
86.888,NOR,2023,77,Monaco,INTERMEDIATE,3,23
94.774,PIA,2024,37,Bahrain,HARD,3,3
130.812,RIC,2022,46,Bahrain,SOFT,4,2
98.108,GAS,2023,38,Bahrain,HARD,3,13
99.08,BOT,2023,45,Singapore,MEDIUM,2,5
99.119,LAT,2022,55,Bahrain,SOFT,4,13
100.964,VER,2023,36,Bahrain,SOFT,2,22
93.726,ZHO,2023,20,Silverstone,MEDIUM,1,20
102.705,MAG,2022,1,Saudi Arabia,HARD,1,3
85.891,DEV,2023,11,Australia,MEDIUM,2,3
92.829,DEV,2023,31,Silverstone,MEDIUM,2,4
94.3,HUL,2023,13,Silverstone,MEDIUM,2,6
90.785,ALB,2023,1,Monza,MEDIUM,1,4
100.843,PER,2023,13,Singapore,HARD,1,13
92.683,LEC,2022,32,Saudi Arabia,HARD,2,16
126.632,HAM,2022,53,Monza,SOFT,2,20
88.51,STR,2022,20,Monza,HARD,2,3
101.542,ALO,2023,61,Singapore,SOFT,3,19
78.914,MAG,2023,9,Monaco,HARD,1,9
98.831,BOT,2023,8,Saudi Arabia,MEDIUM,1,8
87.227,HAM,2022,16,Monza,MEDIUM,1,16
86.038,NOR,2022,7,Australia,MEDIUM,1,7
80.31,ALB,2023,12,Monaco,MEDIUM,1,12
125.385,OCO,2022,3,Silverstone,SOFT,2,2
123.446,PER,2022,50,Monza,SOFT,3,8
91.745,STR,2023,48,Silverstone,SOFT,2,20
79.382,GAS,2024,45,Monaco,MEDIUM,2,44
98.993,GAS,2023,54,Australia,HARD,2,46
95.591,DEV,2023,38,Saudi Arabia,HARD,2,21
87.429,OCO,2023,37,Monza,HARD,2,16
77.324,ALO,2023,10,Monaco,HARD,1,11
93.363,LEC,2022,18,Silverstone,MEDIUM,2,17
101.144,LEC,2023,62,Monaco,INTERMEDIATE,3,7
98.014,HAM,2023,51,Bahrain,HARD,3,21
97.966,NOR,2023,19,Bahrain,SOFT,3,5
84.515,STR,2022,31,Monaco,None,5,8
87.292,SAR,2023,37,Monza,HARD,2,26
86.195,MSC,2022,42,Monza,SOFT,2,9
96.776,NOR,2024,17,Bahrain,HARD,2,4
99.075,HAM,2022,3,Bahrain,SOFT,1,5
99.78,PIA,2023,62,Monaco,INTERMEDIATE,2,8
82.77,OCO,2023,20,Australia,HARD,3,19
96.456,RUS,2022,12,Monaco,WET,1,12
78.306,SAI,2023,9,Monaco,HARD,1,9
79.238,NOR,2024,28,Monaco,HARD,2,28
96.705,TSU,2023,5,Saudi Arabia,MEDIUM,1,5
78.863,ZHO,2023,29,Monaco,HARD,2,28
81.917,HAM,2022,50,Australia,HARD,2,28
78.074,VER,2024,42,Monaco,MEDIUM,2,41
78.518,RUS,2022,61,Monaco,MEDIUM,3,31
93.306,PER,2023,49,Saudi Arabia,HARD,2,31
87.907,VER,2023,49,Monza,HARD,2,29
81.942,HUL,2023,49,Australia,HARD,2,41
97.772,RIC,2024,23,Bahrain,HARD,2,10
87.441,OCO,2023,35,Monza,HARD,2,14
77.997,PER,2022,62,Monaco,MEDIUM,4,32
113.396,LAT,2022,48,Bahrain,SOFT,4,6
93.864,ALO,2023,69,Monaco,INTERMEDIATE,3,14
100.181,STR,2022,28,Bahrain,SOFT,2,10
78.745,MAG,2023,48,Monaco,HARD,1,48
102.32,SAI,2023,56,Monaco,INTERMEDIATE,3,1
85.298,MSC,2022,43,Monza,SOFT,2,10
118.785,PER,2023,35,Bahrain,HARD,3,1
99.811,STR,2022,23,Bahrain,SOFT,2,5
101.62,RIC,2022,7,Monaco,WET,1,7
80.398,ZHO,2023,15,Monaco,HARD,2,14
92.942,LEC,2023,27,Silverstone,HARD,2,9
81.612,RUS,2024,8,Monaco,MEDIUM,2,7
96.398,HUL,2023,7,Saudi Arabia,MEDIUM,1,7
149.507,DEV,2023,18,Saudi Arabia,HARD,2,1
77.184,PIA,2024,71,Monaco,HARD,2,71
76.968,OCO,2023,48,Monaco,HARD,2,16
98.162,LEC,2023,22,Bahrain,HARD,2,9
95.129,VER,2023,8,Saudi Arabia,MEDIUM,1,8
100.935,ALB,2023,40,Singapore,HARD,2,20
97.01,ALO,2023,52,Bahrain,HARD,3,18
81.612,HAM,2024,8,Monaco,MEDIUM,2,7
86.006,SAI,2023,2,Monza,MEDIUM,1,2
99.683,LEC,2023,29,Singapore,HARD,2,9
124.847,NOR,2023,55,Bahrain,SOFT,7,7
90.098,GAS,2023,71,Monaco,INTERMEDIATE,3,17
93.847,ALO,2022,22,Silverstone,MEDIUM,2,21
94.763,GAS,2022,24,Silverstone,HARD,3,9
94.897,LEC,2024,37,Bahrain,HARD,3,3
78.8,MAG,2023,21,Monaco,HARD,1,21
92.485,PER,2022,49,Saudi Arabia,HARD,2,34
90.661,RUS,2022,23,Monza,SOFT,1,23
100.338,SAR,2023,26,Singapore,HARD,2,7
96.202,BOT,2024,33,Bahrain,HARD,3,3
85.207,RIC,2022,16,Australia,MEDIUM,1,16
81.547,STR,2024,53,Monaco,SOFT,4,5
101.23,BOT,2023,10,Singapore,HARD,1,10
78.338,TSU,2023,39,Monaco,MEDIUM,1,39
84.504,BOT,2023,21,Australia,HARD,3,20
97.709,DEV,2023,30,Bahrain,HARD,3,3
86.255,RUS,2022,7,Monza,SOFT,1,7
75.159,SAI,2024,60,Monaco,HARD,2,59
97.333,ZHO,2024,56,Bahrain,HARD,3,28
80.574,ZHO,2023,20,Monaco,HARD,2,19
88.219,SAI,2023,15,Monza,MEDIUM,1,15
97.752,LEC,2022,22,Bahrain,SOFT,2,10
77.81,GAS,2023,21,Monaco,HARD,1,21
99.878,SAR,2023,36,Singapore,HARD,2,17
100.907,BOT,2023,31,Singapore,HARD,1,31
92.67,VER,2023,29,Saudi Arabia,HARD,2,11
97.878,HAM,2022,39,Silverstone,HARD,3,6
78.568,SAI,2024,24,Monaco,HARD,2,23
79.209,ALO,2022,63,Monaco,MEDIUM,3,33
86.916,GAS,2022,27,Monza,HARD,2,10
77.568,RUS,2023,35,Monaco,HARD,1,35
78.583,RUS,2023,7,Monaco,HARD,1,7
96.508,NOR,2024,18,Bahrain,HARD,2,5
88.143,ZHO,2022,15,Monza,MEDIUM,1,15
79.5,ZHO,2023,30,Monaco,HARD,2,29
80.017,SAR,2023,38,Monaco,SOFT,3,15
92.057,ALB,2023,44,Silverstone,SOFT,2,16
79.017,VET,2022,43,Monaco,HARD,4,21
81.289,GAS,2024,12,Monaco,MEDIUM,2,11
92.326,GAS,2022,21,Monaco,INTERMEDIATE,2,20
97.836,STR,2022,15,Saudi Arabia,HARD,2,3
101.515,LAW,2023,29,Singapore,HARD,2,9
100.028,BOT,2023,56,Monaco,INTERMEDIATE,2,5
98.021,VER,2023,7,Bahrain,SOFT,1,10
81.267,HAM,2023,41,Australia,HARD,2,33
76.387,LEC,2024,75,Monaco,HARD,2,74
117.225,SAI,2024,15,Bahrain,HARD,2,1
84.931,ALB,2022,32,Monaco,MEDIUM,4,10
98.045,RIC,2024,28,Bahrain,HARD,2,15
93.107,HUL,2023,29,Silverstone,MEDIUM,2,22
83.243,GAS,2023,17,Australia,HARD,2,9
99.662,ALO,2023,5,Bahrain,SOFT,1,8
89.958,TSU,2023,72,Monaco,INTERMEDIATE,2,19
82.469,OCO,2022,58,Australia,HARD,2,41
80.089,SAR,2023,11,Monaco,MEDIUM,1,11
96.668,NOR,2023,42,Bahrain,HARD,5,5
89.427,RUS,2022,1,Monza,SOFT,1,1
97.691,VER,2023,32,Bahrain,SOFT,2,18
96.956,MSC,2022,37,Bahrain,SOFT,3,4
82.887,SAR,2023,39,Australia,HARD,5,10
83.111,NOR,2023,16,Australia,HARD,2,8
99.444,ZHO,2023,65,Monaco,INTERMEDIATE,3,13
76.781,HAM,2023,49,Monaco,HARD,2,18
92.912,ZHO,2023,27,Silverstone,HARD,2,3
98.634,ZHO,2023,53,Bahrain,SOFT,3,24
83.727,MSC,2022,53,Australia,HARD,2,39
94.415,VER,2022,32,Silverstone,HARD,4,9
75.532,RUS,2024,77,Monaco,MEDIUM,2,76
94.706,GAS,2023,2,Silverstone,MEDIUM,1,2
77.302,SAR,2023,32,Monaco,SOFT,3,9
95.851,MAG,2024,36,Bahrain,HARD,3,4
82.095,RUS,2022,46,Australia,HARD,2,23
99.722,RIC,2022,21,Bahrain,SOFT,2,4
79.393,BOT,2023,30,Monaco,HARD,1,30
95.944,SAI,2023,12,Saudi Arabia,MEDIUM,1,12
82.205,HAM,2023,30,Australia,HARD,2,22
80.076,SAI,2024,17,Monaco,HARD,2,16
97.599,OCO,2024,12,Bahrain,HARD,2,2
93.688,VER,2022,23,Saudi Arabia,HARD,2,7
97.018,NOR,2024,28,Bahrain,HARD,2,15
111.134,NOR,2022,36,Monza,SOFT,2,3
97.267,GAS,2022,22,Saudi Arabia,HARD,2,7
82.757,PER,2023,20,Australia,HARD,4,13
100.421,NOR,2023,57,Monaco,INTERMEDIATE,3,3
100.822,PER,2023,34,Singapore,HARD,1,34
96.446,NOR,2023,16,Saudi Arabia,HARD,2,14
86.102,PER,2022,15,Monza,HARD,2,8
97.181,LEC,2022,7,Monaco,WET,1,7
98.319,MAG,2023,17,Bahrain,HARD,2,2
100.083,HUL,2024,38,Bahrain,HARD,3,18
96.475,DEV,2023,65,Monaco,INTERMEDIATE,2,12
95.193,RUS,2024,43,Bahrain,HARD,3,12
94.644,OCO,2023,35,Saudi Arabia,HARD,2,19
98.094,GAS,2024,21,Bahrain,HARD,2,9
99.646,LEC,2023,9,Singapore,SOFT,1,12
98.302,SAR,2023,64,Monaco,INTERMEDIATE,4,12
112.5,ZHO,2023,41,Bahrain,SOFT,3,12
92.354,SAR,2023,72,Monaco,INTERMEDIATE,4,20
78.197,PER,2022,53,Monaco,MEDIUM,4,23
98.012,GAS,2023,32,Bahrain,HARD,3,7
82.536,NOR,2023,24,Australia,HARD,2,16
96.354,OCO,2024,35,Bahrain,HARD,3,5
95.126,ALO,2024,46,Bahrain,HARD,3,5
93.746,MAG,2023,49,Saudi Arabia,HARD,2,41
99.668,ALB,2023,60,Singapore,MEDIUM,3,17
86.714,RUS,2022,22,Monza,SOFT,1,22
81.492,VER,2024,11,Monaco,MEDIUM,2,10
98.308,HAM,2023,14,Bahrain,HARD,2,2
130.688,ALB,2023,19,Saudi Arabia,HARD,2,2
95.157,RUS,2023,8,Saudi Arabia,MEDIUM,1,8
82.192,HUL,2023,34,Australia,HARD,2,26
98.29,MAG,2023,55,Singapore,SOFT,3,15
85.579,SAI,2023,77,Monaco,INTERMEDIATE,3,22
77.366,SAI,2023,26,Monaco,HARD,1,26
120.282,SAR,2024,41,Bahrain,SOFT,4,1
95.057,NOR,2023,39,Saudi Arabia,MEDIUM,3,20
86.137,VER,2023,47,Monza,HARD,2,27
118.915,PIA,2023,1,Australia,MEDIUM,1,1
95.507,BOT,2022,18,Silverstone,MEDIUM,2,17
86.399,RUS,2023,75,Monaco,INTERMEDIATE,2,21
92.917,RUS,2023,45,Saudi Arabia,HARD,2,27
99.346,NOR,2023,40,Singapore,HARD,2,20
78.062,STR,2024,47,Monaco,HARD,3,7
96.096,RUS,2022,5,Saudi Arabia,MEDIUM,1,5
92.387,VER,2023,33,Saudi Arabia,HARD,2,15
86.005,PER,2023,25,Monza,HARD,2,4
95.329,MAG,2023,46,Saudi Arabia,HARD,2,38
81.788,OCO,2023,34,Australia,HARD,3,33
137.713,ZHO,2023,18,Saudi Arabia,HARD,2,7
93.387,RUS,2022,41,Saudi Arabia,HARD,2,25
96.655,HUL,2023,68,Monaco,WET,4,9
97.454,PER,2023,26,Bahrain,SOFT,2,11
93.76,MAG,2023,28,Silverstone,MEDIUM,1,28
82.53,MAG,2023,42,Australia,HARD,3,35
85.502,VER,2023,31,Monza,HARD,2,11
80.577,BOT,2023,17,Monaco,HARD,1,17
95.976,HAM,2023,10,Saudi Arabia,HARD,1,10
93.005,VET,2022,50,Silverstone,MEDIUM,4,13
81.177,RIC,2024,15,Monaco,HARD,2,15
96.786,HAM,2024,29,Bahrain,HARD,2,17
81.87,SAR,2024,42,Monaco,HARD,2,42
87.004,PIA,2023,4,Monza,MEDIUM,1,4
81.31,RIC,2024,19,Monaco,HARD,2,19
97.232,ALO,2022,2,Saudi Arabia,MEDIUM,1,2
91.607,VER,2023,69,Monaco,INTERMEDIATE,2,14
79.943,VET,2022,42,Monaco,HARD,4,20
88.746,STR,2022,24,Monza,HARD,2,7
98.723,STR,2023,28,Bahrain,HARD,2,13
82.473,PIA,2023,36,Australia,HARD,2,28
98.988,SAR,2023,16,Bahrain,SOFT,2,4
90.273,PER,2023,76,Monaco,INTERMEDIATE,6,6
77.214,VER,2023,20,Monaco,MEDIUM,1,20
95.37,RIC,2022,9,Silverstone,MEDIUM,2,9
97.726,OCO,2024,49,Bahrain,HARD,3,19
80.677,PER,2022,34,Monaco,MEDIUM,4,4
82.246,ZHO,2023,41,Australia,HARD,3,40
85.174,NOR,2022,14,Australia,MEDIUM,1,14
107.339,HUL,2023,1,Bahrain,SOFT,1,4
95.442,LEC,2023,44,Monaco,HARD,1,44
78.574,STR,2023,41,Monaco,HARD,1,42
96.912,SAR,2023,26,Saudi Arabia,MEDIUM,2,8
106.451,PER,2023,34,Monaco,HARD,2,33
76.919,LEC,2022,44,Monaco,HARD,4,23
97.687,BOT,2022,41,Bahrain,MEDIUM,3,5
84.333,DEV,2023,31,Australia,MEDIUM,2,23
82.111,TSU,2023,45,Australia,HARD,2,37
100.564,BOT,2023,7,Bahrain,SOFT,1,7
84.004,TSU,2023,16,Australia,HARD,2,8
77.028,LEC,2024,58,Monaco,HARD,2,57
92.301,ALB,2023,15,Monza,MEDIUM,1,18
78.604,PER,2023,23,Monaco,HARD,2,22
97.856,BOT,2023,53,Bahrain,HARD,3,24
95.446,PIA,2023,31,Saudi Arabia,HARD,2,30
95.006,MAG,2022,30,Silverstone,MEDIUM,3,8
124.805,PIA,2023,2,Saudi Arabia,HARD,2,1
95.041,HAM,2024,40,Bahrain,HARD,3,7
101.189,ZHO,2023,35,Singapore,MEDIUM,3,15
76.249,LEC,2022,46,Monaco,HARD,4,25
87.848,LEC,2023,74,Monaco,INTERMEDIATE,3,19
98.229,ALB,2023,26,Saudi Arabia,HARD,2,9
78.006,SAI,2023,23,Monaco,HARD,1,23
77.205,ZHO,2023,6,Monaco,HARD,2,5
108.202,SAI,2023,7,Australia,MEDIUM,1,7
91.188,RUS,2023,42,Silverstone,MEDIUM,2,14
100.367,RIC,2022,25,Bahrain,SOFT,2,8
94.652,VET,2022,21,Silverstone,MEDIUM,3,17
102.49,HUL,2022,5,Bahrain,SOFT,1,5
95.782,PIA,2023,10,Saudi Arabia,HARD,2,9
76.85,HAM,2023,46,Monaco,HARD,2,15
96.665,GAS,2023,45,Silverstone,SOFT,2,17
83.068,TSU,2023,33,Australia,HARD,2,25
81.34,SAR,2024,15,Monaco,HARD,2,15
98.214,SAI,2023,54,Australia,HARD,3,47
98.86,NOR,2023,16,Bahrain,HARD,2,6
99.699,SAI,2022,44,Bahrain,MEDIUM,3,11
100.486,DEV,2023,63,Monaco,INTERMEDIATE,2,10
97.792,MAG,2024,19,Bahrain,HARD,2,8
98.893,RIC,2024,12,Bahrain,SOFT,1,15
95.252,VER,2022,10,Saudi Arabia,MEDIUM,1,10
95.972,SAR,2024,51,Bahrain,SOFT,4,11
118.126,OCO,2022,48,Monza,HARD,2,29
76.449,SAI,2023,43,Monaco,MEDIUM,2,10
85.767,NOR,2023,76,Monaco,INTERMEDIATE,3,22
77.788,STR,2024,50,Monaco,SOFT,4,2
94.367,BOT,2023,16,Silverstone,HARD,1,16
78.23,STR,2024,74,Monaco,SOFT,4,26
93.951,RUS,2022,32,Saudi Arabia,HARD,2,16
99.97,DEV,2023,26,Bahrain,HARD,2,15
82.328,SAR,2023,19,Monaco,MEDIUM,1,19
96.406,RUS,2024,3,Bahrain,SOFT,1,6
143.86,LEC,2023,36,Silverstone,MEDIUM,3,4
77.633,VER,2023,7,Monaco,MEDIUM,1,7
80.143,ALB,2024,23,Monaco,HARD,2,22
100.384,NOR,2023,56,Monaco,INTERMEDIATE,3,2
80.32,TSU,2024,42,Monaco,HARD,2,42
81.949,VET,2022,37,Monaco,HARD,4,15
80.342,SAR,2024,55,Monaco,HARD,2,55
86.676,SAI,2022,23,Monza,MEDIUM,1,23
80.584,SAR,2024,35,Monaco,HARD,2,35
103.38,NOR,2023,55,Monaco,INTERMEDIATE,3,1
100.5,PER,2023,54,Australia,HARD,4,47
86.968,STR,2023,23,Monza,HARD,2,7
142.638,SAR,2023,19,Saudi Arabia,MEDIUM,2,1
80.911,ZHO,2024,18,Monaco,HARD,2,17
97.77,HAM,2023,50,Bahrain,HARD,3,20
98.135,ALO,2023,64,Monaco,INTERMEDIATE,3,9
81.692,SAI,2023,35,Australia,HARD,3,28
118.611,MSC,2022,48,Monza,SOFT,2,15
101.22,PER,2023,61,Monaco,WET,5,4
97.63,PER,2024,10,Bahrain,SOFT,1,13
79.397,RUS,2024,23,Monaco,MEDIUM,2,22
97.271,SAI,2022,40,Bahrain,MEDIUM,3,7
83.591,VET,2022,25,Monaco,HARD,3,3
97.778,ALB,2023,53,Bahrain,SOFT,4,13
90.941,PIA,2023,52,Silverstone,HARD,2,23
98.265,HAM,2023,28,Bahrain,HARD,2,16
82.806,TSU,2023,43,Australia,HARD,2,35
76.801,NOR,2024,72,Monaco,HARD,2,72
98.176,ALB,2023,36,Bahrain,HARD,3,10
87.381,DEV,2022,10,Monza,SOFT,1,10
83.602,STR,2022,47,Australia,HARD,4,28
87.687,STR,2022,28,Monza,HARD,2,11
77.428,VER,2023,49,Monaco,MEDIUM,1,49
78.666,ZHO,2023,42,Monaco,HARD,2,41
96.803,GAS,2022,13,Monaco,INTERMEDIATE,2,12
95.193,RUS,2024,43,Bahrain,HARD,3,12
93.862,SAI,2023,35,Saudi Arabia,HARD,2,20
81.272,NOR,2023,44,Australia,HARD,2,36
87.208,ZHO,2022,42,Monza,HARD,2,24
77.836,OCO,2023,50,Monaco,HARD,2,18
92.274,VER,2023,42,Saudi Arabia,HARD,2,24
82.209,MAG,2023,43,Australia,HARD,3,36
122.698,GAS,2022,50,Monza,HARD,2,33
96.129,ALB,2024,38,Bahrain,HARD,3,2
77.213,LEC,2023,39,Monaco,HARD,1,39
74.718,ZHO,2024,75,Monaco,SOFT,3,5
85.246,ALO,2022,10,Australia,HARD,1,10
94.082,LEC,2023,31,Saudi Arabia,HARD,2,15
99.141,PIA,2023,56,Singapore,HARD,2,36
76.839,GAS,2023,45,Monaco,HARD,1,45
78.829,LEC,2023,6,Monaco,HARD,1,6
96.988,NOR,2022,51,Bahrain,SOFT,4,9
78.816,ALO,2024,62,Monaco,MEDIUM,2,62
87.24,GAS,2023,8,Monza,MEDIUM,1,8
84.617,RUS,2023,11,Australia,HARD,3,4
87.738,OCO,2023,11,Monza,MEDIUM,1,11
84.58,SAI,2022,46,Monza,SOFT,2,16
85.201,VER,2023,78,Monaco,INTERMEDIATE,2,23
80.965,GAS,2024,33,Monaco,MEDIUM,2,32
103.087,ALB,2023,24,Singapore,HARD,2,4
78.042,NOR,2023,33,Monaco,MEDIUM,1,33
83.933,DEV,2023,40,Australia,MEDIUM,2,32
83.02,BOT,2023,37,Australia,HARD,3,36
105.967,OCO,2023,1,Bahrain,SOFT,1,4
96.776,NOR,2024,17,Bahrain,HARD,2,4
99.144,STR,2023,5,Bahrain,SOFT,1,8
80.643,PER,2023,47,Australia,HARD,4,40
95.405,VER,2022,25,Silverstone,HARD,4,2
94.283,ALO,2022,24,Silverstone,MEDIUM,2,23
97.178,HAM,2024,14,Bahrain,HARD,2,2
81.819,VER,2023,33,Australia,HARD,2,25
93.405,SAI,2023,10,Silverstone,MEDIUM,1,10
99.066,ZHO,2023,25,Bahrain,HARD,2,13
101.475,OCO,2022,17,Australia,MEDIUM,1,17
87.217,TSU,2022,27,Monza,HARD,2,9
96.088,SAI,2024,18,Bahrain,HARD,2,4
100.63,DEV,2023,5,Bahrain,SOFT,1,5
126.332,NOR,2022,39,Saudi Arabia,HARD,2,23
94.351,HUL,2023,42,Saudi Arabia,HARD,2,31
78.497,DEV,2023,50,Monaco,MEDIUM,1,50
92.998,RUS,2023,41,Saudi Arabia,HARD,2,23
78.425,STR,2024,64,Monaco,SOFT,4,16
86.278,MAG,2023,42,Monza,MEDIUM,3,9
96.033,ALO,2023,21,Saudi Arabia,HARD,2,4
78.651,RUS,2024,25,Monaco,MEDIUM,2,24
78.515,OCO,2023,12,Monaco,MEDIUM,1,12
79.1,STR,2024,63,Monaco,SOFT,4,15
98.566,VER,2022,4,Bahrain,SOFT,1,7
95.616,STR,2023,8,Saudi Arabia,MEDIUM,1,8
96.758,VER,2023,60,Singapore,MEDIUM,2,20
87.976,RUS,2023,16,Monza,MEDIUM,1,16
101.458,ALO,2022,1,Saudi Arabia,MEDIUM,1,1
94.085,TSU,2023,11,Silverstone,SOFT,1,11
87.369,ZHO,2022,6,Monza,MEDIUM,1,6
79.212,SAR,2023,48,Monaco,SOFT,3,25
85.518,VER,2023,75,Monaco,INTERMEDIATE,2,20
85.523,TSU,2022,11,Australia,MEDIUM,1,11
80.433,PER,2023,12,Monaco,HARD,2,11
89.765,VER,2022,23,Australia,HARD,2,5
94.441,VER,2022,26,Silverstone,HARD,4,3
96.942,MAG,2023,43,Bahrain,SOFT,4,3
75.334,TSU,2022,61,Monaco,SOFT,5,5
80.624,ALB,2023,17,Monaco,MEDIUM,1,17
79.704,OCO,2023,3,Monaco,MEDIUM,1,3
87.185,TSU,2022,7,Australia,MEDIUM,1,7
77.215,RUS,2023,40,Monaco,HARD,1,40
97.621,SAR,2024,23,Bahrain,HARD,2,13
96.89,MAG,2024,54,Bahrain,HARD,3,22
83.494,ZHO,2024,5,Monaco,HARD,2,4
92.22,ZHO,2022,18,Monza,MEDIUM,1,18
96.451,PER,2023,66,Monaco,WET,5,9
100.869,ALB,2023,9,Singapore,MEDIUM,1,9
103.828,STR,2022,1,Saudi Arabia,MEDIUM,1,2
94.828,VET,2022,16,Silverstone,MEDIUM,3,12
147.999,TSU,2022,45,Bahrain,SOFT,4,4
99.115,ZHO,2023,22,Bahrain,HARD,2,10
95.342,VER,2024,25,Bahrain,HARD,2,8
78.612,PIA,2024,37,Monaco,HARD,2,37
78.92,MAG,2023,45,Monaco,HARD,1,45
78.968,BOT,2023,40,Monaco,HARD,1,40
77.207,GAS,2023,34,Monaco,HARD,1,34
85.779,VER,2023,41,Monza,HARD,2,21
85.85,LEC,2023,35,Monza,HARD,2,15
102.177,HUL,2023,58,Singapore,HARD,2,38
94.4,ALO,2023,9,Saudi Arabia,MEDIUM,1,9
99.613,LEC,2023,18,Singapore,SOFT,1,21
83.46,ZHO,2023,25,Australia,HARD,3,24
98.37,HUL,2024,10,Bahrain,HARD,2,9
81.145,LEC,2024,6,Monaco,HARD,2,5
99.011,GAS,2023,17,Bahrain,HARD,2,8
99.22,HUL,2022,23,Bahrain,SOFT,2,4
92.459,ZHO,2023,50,Silverstone,SOFT,4,17
95.475,MAG,2022,43,Silverstone,MEDIUM,3,21
84.186,SAR,2023,15,Australia,MEDIUM,4,7
125.917,LAT,2022,6,Australia,MEDIUM,1,6
87.184,RIC,2022,44,Monza,HARD,2,25
103.749,TSU,2023,10,Bahrain,SOFT,1,10
95.378,NOR,2023,48,Saudi Arabia,MEDIUM,3,29
77.45,GAS,2023,33,Monaco,HARD,1,33
78.044,VER,2023,34,Monaco,MEDIUM,1,34
98.059,TSU,2023,36,Bahrain,HARD,3,10
102.141,MAG,2023,58,Singapore,SOFT,3,18
99.588,ALB,2023,22,Bahrain,SOFT,2,11
89.491,PER,2022,42,Monza,HARD,2,35
81.753,STR,2023,31,Monaco,HARD,1,32
93.238,LEC,2023,45,Saudi Arabia,HARD,2,29
94.982,ALO,2023,11,Saudi Arabia,MEDIUM,1,11
96.304,PIA,2023,16,Saudi Arabia,HARD,2,15
85.217,ZHO,2024,68,Monaco,HARD,2,67
96.144,TSU,2024,44,Bahrain,HARD,3,10
76.71,STR,2024,59,Monaco,SOFT,4,11
87.098,DEV,2022,21,Monza,MEDIUM,2,2
98.321,TSU,2024,5,Bahrain,SOFT,1,5
76.847,SAI,2024,67,Monaco,HARD,2,66
82.695,BOT,2023,40,Australia,HARD,3,39
77.047,PER,2023,46,Monaco,MEDIUM,3,13
146.031,DEV,2023,20,Saudi Arabia,HARD,2,3
97.839,VER,2023,34,Bahrain,SOFT,2,20
78.747,MAG,2023,34,Monaco,HARD,1,34
83.01,HUL,2023,15,Australia,HARD,2,7
114.833,ALO,2022,34,Silverstone,HARD,3,1
95.126,ALO,2024,46,Bahrain,HARD,3,5
97.482,TSU,2024,17,Bahrain,HARD,2,3
95.839,TSU,2023,12,Saudi Arabia,MEDIUM,1,12
84.525,ALB,2022,37,Australia,HARD,1,37
97.476,HUL,2024,39,Bahrain,HARD,3,19
79.109,NOR,2023,27,Monaco,MEDIUM,1,27
96.341,RUS,2022,4,Saudi Arabia,MEDIUM,1,4
93.758,DEV,2023,11,Silverstone,SOFT,1,11
85.76,SAR,2023,11,Australia,MEDIUM,4,3
148.768,BOT,2022,46,Bahrain,SOFT,4,3
96.68,PIA,2024,23,Bahrain,HARD,2,11
98.567,MAG,2023,56,Singapore,SOFT,3,16
95.001,MAG,2023,29,Saudi Arabia,HARD,2,21
92.011,HAM,2023,1,Monza,HARD,1,4
95.18,OCO,2022,26,Saudi Arabia,HARD,2,10
89.252,MAG,2023,4,Monza,HARD,1,8
85.619,BOT,2022,12,Australia,MEDIUM,1,12
117.073,LEC,2022,51,Monza,SOFT,4,6
80.849,RIC,2024,22,Monaco,HARD,2,22
98.031,LEC,2023,21,Saudi Arabia,HARD,2,5
101.658,NOR,2022,6,Bahrain,MEDIUM,1,6
125.424,GAS,2022,39,Saudi Arabia,HARD,2,24
108.132,STR,2022,19,Monza,HARD,2,2
94.71,LAT,2022,35,Silverstone,MEDIUM,3,16
97.638,HUL,2024,11,Bahrain,HARD,2,10
82.832,BOT,2024,7,Monaco,MEDIUM,2,6
119.503,HAM,2023,31,Bahrain,HARD,3,1
95.88,SAI,2022,53,Bahrain,SOFT,4,12
96.538,HUL,2023,3,Saudi Arabia,MEDIUM,1,3
96.823,ZHO,2022,7,Saudi Arabia,MEDIUM,1,7
119.303,SAR,2023,31,Bahrain,HARD,3,1
95.309,SAI,2024,54,Bahrain,HARD,3,19
101.859,STR,2022,13,Saudi Arabia,MEDIUM,1,14
81.685,MAG,2023,52,Australia,HARD,3,45
122.845,BOT,2023,3,Australia,HARD,2,2
97.662,SAR,2023,53,Bahrain,SOFT,4,13
79.071,DEV,2023,33,Monaco,MEDIUM,1,33
95.063,RUS,2023,24,Saudi Arabia,HARD,2,6
97.58,RIC,2022,51,Bahrain,SOFT,4,7
97.971,ZHO,2024,33,Bahrain,HARD,3,5
100.783,HUL,2023,13,Singapore,MEDIUM,1,13
118.803,NOR,2022,39,Silverstone,HARD,3,5
108.631,RUS,2022,12,Monza,SOFT,1,12
94.237,TSU,2023,12,Silverstone,SOFT,1,12
84.174,MAG,2022,38,Australia,HARD,1,38
86.82,PER,2023,73,Monaco,INTERMEDIATE,6,3
93.434,RUS,2022,36,Saudi Arabia,HARD,2,20
94.331,GAS,2022,48,Saudi Arabia,HARD,2,33
87.371,PIA,2023,14,Monza,MEDIUM,1,14
100.617,LEC,2023,55,Singapore,HARD,2,35
83.858,NOR,2023,6,Australia,MEDIUM,1,6
85.546,LAT,2022,20,Australia,HARD,2,8
96.793,HUL,2023,43,Bahrain,SOFT,4,6
107.344,LAW,2023,14,Monza,HARD,2,4
98.471,LEC,2022,5,Bahrain,SOFT,1,5
101.318,ALB,2023,8,Singapore,MEDIUM,1,8
101.77,RIC,2022,6,Bahrain,MEDIUM,1,6
92.382,VER,2023,31,Saudi Arabia,HARD,2,13
98.71,ZHO,2022,21,Saudi Arabia,HARD,2,5
98.366,BOT,2023,22,Saudi Arabia,MEDIUM,3,5
89.958,TSU,2023,72,Monaco,INTERMEDIATE,2,19
109.601,MSC,2022,23,Australia,HARD,2,9
97.186,RUS,2024,30,Bahrain,HARD,2,19
97.392,ALB,2024,17,Bahrain,HARD,2,2
75.643,HAM,2024,71,Monaco,HARD,3,21
87.84,SAI,2023,73,Monaco,INTERMEDIATE,3,18
95.666,ALO,2022,23,Saudi Arabia,HARD,2,7
95.391,ZHO,2023,37,Saudi Arabia,MEDIUM,3,19
77.491,LEC,2023,36,Monaco,HARD,1,36
76.328,SAI,2024,76,Monaco,HARD,2,75
96.141,NOR,2023,10,Saudi Arabia,HARD,2,8
85.221,PIA,2023,11,Australia,HARD,2,3
99.537,MSC,2022,52,Bahrain,SOFT,3,19
78.331,HAM,2024,47,Monaco,MEDIUM,2,46
77.498,OCO,2023,24,Monaco,MEDIUM,1,24
87.646,HAM,2022,10,Monza,MEDIUM,1,10
96.924,LEC,2024,24,Bahrain,HARD,2,13
79.053,PIA,2023,17,Monaco,HARD,1,17
81.693,DEV,2023,48,Australia,SOFT,3,3
95.285,HAM,2024,46,Bahrain,HARD,3,13
164.42,ALO,2022,1,Monaco,WET,1,1
95.568,HUL,2022,49,Saudi Arabia,MEDIUM,2,13
99.296,DEV,2023,22,Bahrain,HARD,2,11
104.544,LEC,2023,1,Singapore,SOFT,1,4
97.843,OCO,2024,15,Bahrain,HARD,2,5
97.208,NOR,2022,52,Bahrain,SOFT,4,10
130.907,ALO,2022,6,Australia,HARD,1,6
101.831,LEC,2023,54,Singapore,HARD,2,34
87.176,STR,2023,25,Monza,HARD,2,9
91.155,LEC,2023,20,Monza,MEDIUM,1,20
76.314,NOR,2024,69,Monaco,HARD,2,69
94.999,SAI,2023,67,Monaco,INTERMEDIATE,3,12
86.993,BOT,2022,34,Monza,MEDIUM,1,34
96.384,VER,2022,34,Bahrain,MEDIUM,3,4
97.656,NOR,2023,46,Bahrain,HARD,5,9
78.239,OCO,2022,55,Monaco,MEDIUM,3,25
83.391,VER,2023,4,Australia,MEDIUM,1,4
111.463,ALO,2022,47,Bahrain,SOFT,4,5
121.697,ZHO,2022,53,Monza,HARD,2,35
78.557,HUL,2023,39,Monaco,HARD,2,38
87.197,ALB,2023,50,Monza,HARD,2,38
95.001,SAI,2023,14,Saudi Arabia,MEDIUM,1,14
133.146,PER,2022,5,Australia,MEDIUM,1,5
83.667,ZHO,2023,35,Australia,HARD,3,34
92.241,RUS,2022,19,Monaco,WET,1,19
83.271,STR,2023,14,Australia,HARD,2,6
94.77,ZHO,2022,36,Saudi Arabia,HARD,3,20
93.294,STR,2023,18,Silverstone,MEDIUM,1,19
92.564,DEV,2023,30,Silverstone,MEDIUM,2,3
97.208,ALO,2023,40,Bahrain,HARD,3,6
92.971,LAT,2022,16,Monaco,HARD,3,14
96.218,BOT,2023,11,Saudi Arabia,HARD,2,2
96.571,GAS,2024,41,Bahrain,HARD,3,10
86.877,GAS,2023,34,Monza,MEDIUM,3,3
79.324,TSU,2022,45,Monaco,MEDIUM,4,16
80.621,GAS,2024,44,Monaco,MEDIUM,2,43
91.652,ALO,2023,41,Silverstone,SOFT,2,11
81.306,GAS,2024,23,Monaco,MEDIUM,2,22
78.335,TSU,2023,30,Monaco,MEDIUM,1,30
96.354,OCO,2024,35,Bahrain,HARD,3,5
98.049,OCO,2024,45,Bahrain,HARD,3,15
103.948,ALB,2023,11,Bahrain,SOFT,1,11
83.008,OCO,2023,17,Australia,HARD,3,16
94.701,ZHO,2022,50,Saudi Arabia,HARD,3,34
146.031,DEV,2023,20,Saudi Arabia,HARD,2,3
85.919,ZHO,2022,28,Australia,HARD,2,7
86.794,PER,2022,10,Monza,HARD,2,3
76.787,RUS,2024,62,Monaco,MEDIUM,2,61
135.042,MSC,2022,50,Bahrain,SOFT,3,17
96.813,LEC,2024,15,Bahrain,HARD,2,4
81.137,ALB,2024,17,Monaco,HARD,2,16
105.949,MSC,2022,12,Bahrain,SOFT,1,12
94.135,DEV,2023,46,Saudi Arabia,HARD,2,29
92.456,DEV,2023,47,Silverstone,SOFT,3,15
81.273,STR,2023,46,Australia,HARD,2,38
78.276,LEC,2024,44,Monaco,HARD,2,43
87.245,ALO,2023,74,Monaco,INTERMEDIATE,3,19
145.191,ALO,2023,35,Silverstone,SOFT,2,5
85.028,ZHO,2023,15,Australia,HARD,3,14
98.615,GAS,2024,28,Bahrain,HARD,2,16
78.044,VER,2023,34,Monaco,MEDIUM,1,34
95.858,LEC,2023,8,Saudi Arabia,SOFT,1,8
81.492,VER,2024,11,Monaco,MEDIUM,2,10
95.56,ZHO,2023,25,Saudi Arabia,MEDIUM,3,7
86.246,ALB,2022,13,Australia,HARD,1,13
94.367,GAS,2022,35,Saudi Arabia,HARD,2,20
144.44,HAM,2023,57,Australia,SOFT,3,6
96.704,OCO,2024,33,Bahrain,HARD,3,3
99.021,STR,2023,27,Bahrain,HARD,2,12
100.789,HUL,2023,16,Singapore,MEDIUM,1,16
82.921,RIC,2022,44,Australia,HARD,2,23
99.493,RUS,2023,6,Bahrain,SOFT,1,9
86.868,HAM,2022,27,Australia,HARD,2,5
100.205,RUS,2023,27,Singapore,HARD,2,7
91.315,SAI,2022,47,Silverstone,SOFT,4,8
80.315,ZHO,2024,56,Monaco,HARD,2,55
103.306,LEC,2023,1,Saudi Arabia,SOFT,1,1
97.415,OCO,2024,56,Bahrain,HARD,3,26
100.687,HUL,2023,41,Singapore,HARD,2,21
86.669,PER,2023,19,Monza,MEDIUM,1,19
101.816,NOR,2022,21,Bahrain,MEDIUM,1,21
128.607,NOR,2023,18,Bahrain,SOFT,3,4
98.559,ALO,2023,53,Singapore,SOFT,3,11
100.056,RUS,2023,7,Bahrain,SOFT,1,10
98.29,MAG,2024,25,Bahrain,HARD,2,14
104.824,VER,2023,42,Bahrain,HARD,3,6
86.865,OCO,2022,31,Monza,HARD,2,12
101.663,ALB,2022,7,Monaco,WET,1,7
78.789,HUL,2023,48,Monaco,HARD,2,47
87.481,HUL,2023,9,Monza,MEDIUM,1,12
95.443,VER,2023,10,Saudi Arabia,MEDIUM,1,10
97.006,OCO,2023,2,Saudi Arabia,MEDIUM,1,2
95.597,HAM,2024,37,Bahrain,HARD,3,4
96.253,NOR,2023,23,Saudi Arabia,MEDIUM,3,4
99.335,HAM,2023,5,Bahrain,SOFT,1,8
75.767,LEC,2024,70,Monaco,HARD,2,69
91.852,BOT,2023,52,Silverstone,SOFT,2,20
80.591,ALB,2024,15,Monaco,HARD,2,14
76.26,PER,2022,42,Monaco,MEDIUM,4,12
96.664,ALO,2023,4,Saudi Arabia,MEDIUM,1,4
101.94,ALB,2023,36,Singapore,HARD,2,16
99.606,NOR,2023,42,Singapore,HARD,2,22
93.635,NOR,2022,41,Saudi Arabia,HARD,2,25
95.119,HUL,2024,45,Bahrain,SOFT,4,5
100.703,ALB,2022,23,Australia,HARD,1,23
76.596,PIA,2024,67,Monaco,HARD,2,67
76.808,LEC,2024,76,Monaco,HARD,2,75
98.037,HAM,2024,10,Bahrain,SOFT,1,13
93.683,LEC,2022,11,Silverstone,MEDIUM,2,10
91.609,ALO,2022,47,Silverstone,SOFT,4,8
76.781,HAM,2023,49,Monaco,HARD,2,18
95.215,MAG,2022,32,Silverstone,MEDIUM,3,10
99.188,OCO,2022,26,Bahrain,MEDIUM,2,12
95.225,ALO,2024,47,Bahrain,HARD,3,6
94.516,GAS,2023,33,Saudi Arabia,HARD,2,19
75.205,TSU,2024,76,Monaco,HARD,2,76
97.717,SAR,2023,36,Bahrain,HARD,3,6
94.4,ALO,2023,9,Saudi Arabia,MEDIUM,1,9
97.87,STR,2022,5,Saudi Arabia,MEDIUM,1,6
77.031,VER,2023,9,Monaco,MEDIUM,1,9
132.017,RUS,2023,3,Australia,MEDIUM,1,3
78.494,LEC,2024,33,Monaco,HARD,2,32
87.5,STR,2022,33,Monza,HARD,2,16
101.185,ZHO,2022,14,Bahrain,SOFT,1,14
78.555,PIA,2023,41,Monaco,HARD,1,41
75.941,LEC,2024,67,Monaco,HARD,2,66
82.223,HUL,2023,29,Australia,HARD,2,21
99.835,GAS,2023,42,Singapore,HARD,2,22
77.3,PIA,2024,57,Monaco,HARD,2,57
84.046,VER,2023,52,Monaco,MEDIUM,1,52
83.391,VER,2023,4,Australia,MEDIUM,1,4
98.948,LEC,2023,32,Bahrain,HARD,2,19
98.914,PER,2023,9,Bahrain,SOFT,1,12
95.32,STR,2022,43,Saudi Arabia,HARD,2,31
101.315,HAM,2023,63,Monaco,INTERMEDIATE,3,9
95.386,DEV,2023,24,Saudi Arabia,HARD,2,7
82.826,HAM,2022,24,Monaco,HARD,3,2
101.839,TSU,2023,7,Australia,MEDIUM,1,7
85.436,RUS,2023,76,Monaco,INTERMEDIATE,2,22
97.624,STR,2024,14,Bahrain,HARD,2,5
92.305,PER,2022,35,Silverstone,MEDIUM,3,31
79.479,DEV,2023,14,Monaco,MEDIUM,1,14
94.927,ALO,2023,12,Saudi Arabia,MEDIUM,1,12
95.781,GAS,2023,53,Monaco,MEDIUM,2,6
100.482,HUL,2023,37,Singapore,HARD,2,17
78.653,SAI,2024,40,Monaco,HARD,2,39
101.54,VER,2023,60,Monaco,INTERMEDIATE,2,5
99.753,SAI,2024,14,Bahrain,SOFT,1,17
85.239,OCO,2022,22,Australia,HARD,2,5
93.262,PER,2023,23,Silverstone,MEDIUM,1,23
96.398,HUL,2023,7,Saudi Arabia,MEDIUM,1,7
79.017,LEC,2024,13,Monaco,HARD,2,12
92.878,LEC,2022,33,Saudi Arabia,HARD,2,17
102.925,ALO,2022,42,Bahrain,HARD,3,17
78.358,VER,2024,43,Monaco,MEDIUM,2,42
77.197,SAR,2024,76,Monaco,MEDIUM,3,19
78.697,SAI,2024,29,Monaco,HARD,2,28
79.49,SAI,2024,27,Monaco,HARD,2,26
77.095,OCO,2023,35,Monaco,HARD,2,3
77.844,NOR,2023,46,Monaco,MEDIUM,1,46
78.682,VER,2024,28,Monaco,MEDIUM,2,27
91.973,ALO,2022,49,Silverstone,SOFT,4,10
139.618,GAS,2024,2,Monaco,MEDIUM,2,1
107.444,MSC,2022,34,Monza,SOFT,2,1
96.85,HAM,2024,18,Bahrain,HARD,2,6
82.945,SAI,2023,17,Australia,HARD,3,10
149.942,OCO,2022,25,Australia,HARD,2,8
86.143,RUS,2022,4,Monza,SOFT,1,4
94.357,MAG,2023,37,Saudi Arabia,HARD,2,29
77.993,BOT,2022,52,Monaco,HARD,3,32
92.829,MAG,2022,50,Saudi Arabia,MEDIUM,2,15
94.61,TSU,2023,36,Saudi Arabia,HARD,2,19
94.981,ALO,2024,44,Bahrain,HARD,3,3
94.117,TSU,2023,49,Saudi Arabia,HARD,2,32
81.919,MAG,2023,47,Australia,HARD,3,40
94.255,PER,2023,9,Saudi Arabia,MEDIUM,1,9
82.186,PER,2023,23,Australia,HARD,4,16
79.038,DEV,2023,7,Monaco,MEDIUM,1,7
99.748,SAR,2023,29,Singapore,HARD,2,10
86.831,LAT,2022,18,Monza,HARD,2,3
95.184,VER,2024,55,Bahrain,SOFT,3,18
122.476,LEC,2022,27,Monaco,HARD,3,6
82.121,HAM,2023,17,Australia,HARD,2,9
95.769,DEV,2023,39,Saudi Arabia,HARD,2,22
77.528,ALO,2023,18,Monaco,HARD,1,19
77.637,ALO,2023,32,Monaco,HARD,1,33
93.663,RUS,2022,16,Monaco,WET,1,16
97.973,HUL,2023,63,Monaco,WET,4,4
2521.748,BOT,2024,1,Monaco,HARD,1,1
101.622,HUL,2023,35,Singapore,HARD,2,15
81.403,VER,2023,37,Australia,HARD,2,29
98.673,NOR,2022,8,Monaco,WET,1,8
97.605,NOR,2023,30,Bahrain,MEDIUM,4,3
79.533,ALB,2024,60,Monaco,HARD,2,59
93.159,RUS,2023,13,Silverstone,SOFT,1,16
93.432,SAI,2023,42,Saudi Arabia,HARD,2,27
103.07,NOR,2023,2,Saudi Arabia,SOFT,1,2
84.367,OCO,2022,20,Australia,HARD,2,3
81.466,SAI,2024,7,Monaco,HARD,2,6
99.575,SAI,2023,59,Singapore,HARD,2,39
96.304,STR,2024,43,Bahrain,HARD,3,16
84.556,VER,2022,15,Australia,MEDIUM,1,15
96.043,HUL,2023,26,Saudi Arabia,HARD,2,15
87.39,SAI,2023,1,Monaco,HARD,1,1
94.115,VER,2023,23,Saudi Arabia,HARD,2,5
94.525,PER,2024,42,Bahrain,SOFT,3,6
80.995,GAS,2023,47,Australia,HARD,2,39
87.421,ZHO,2022,32,Monza,HARD,2,14
92.758,NOR,2023,26,Silverstone,MEDIUM,1,26
99.247,ZHO,2023,11,Saudi Arabia,MEDIUM,1,11
87.371,LEC,2023,47,Monza,HARD,2,27
97.801,VER,2023,16,Bahrain,SOFT,2,2
97.317,HUL,2024,3,Bahrain,HARD,2,2
98.647,PIA,2023,48,Singapore,HARD,2,28
100.33,DEV,2023,52,Bahrain,HARD,3,25
143.805,BOT,2022,51,Monza,SOFT,2,16
96.63,BOT,2024,44,Bahrain,HARD,3,14
83.956,MAG,2023,6,Australia,MEDIUM,1,6
79.829,PIA,2024,16,Monaco,HARD,2,16
77.753,SAR,2023,29,Monaco,SOFT,3,6
97.103,DEV,2023,23,Saudi Arabia,HARD,2,6
93.345,RUS,2022,48,Saudi Arabia,HARD,2,32
94.967,LEC,2022,9,Saudi Arabia,MEDIUM,1,9
85.227,HAM,2022,20,Australia,MEDIUM,1,20
83.966,VER,2022,8,Australia,MEDIUM,1,8
98.537,GAS,2023,39,Bahrain,HARD,3,14
80.427,STR,2024,14,Monaco,MEDIUM,2,14
96.52,DEV,2023,11,Saudi Arabia,MEDIUM,1,11
94.388,VER,2022,14,Silverstone,MEDIUM,3,2
81.795,LEC,2024,5,Monaco,HARD,2,4
100.178,SAI,2023,7,Singapore,MEDIUM,1,7
98.729,SAI,2022,28,Bahrain,SOFT,2,14
125.887,OCO,2023,20,Singapore,MEDIUM,1,20
81.6,GAS,2024,8,Monaco,MEDIUM,2,7
94.861,PIA,2023,44,Saudi Arabia,HARD,2,43
94.047,MAG,2023,38,Saudi Arabia,HARD,2,30
82.777,GAS,2023,16,Australia,HARD,2,8
83.431,TSU,2023,26,Australia,HARD,2,18
78.701,ZHO,2023,43,Monaco,HARD,2,42
95.536,GAS,2023,16,Saudi Arabia,HARD,2,2
113.555,HUL,2024,1,Bahrain,SOFT,1,1
76.561,BOT,2024,17,Monaco,HARD,3,3
96.674,BOT,2022,4,Saudi Arabia,MEDIUM,1,4
78.504,ALO,2024,73,Monaco,MEDIUM,2,73
75.767,LEC,2024,70,Monaco,HARD,2,69
100.209,OCO,2022,4,Bahrain,SOFT,1,4
99.066,GAS,2023,19,Bahrain,HARD,2,10
99.619,BOT,2022,35,Bahrain,MEDIUM,2,21
97.257,STR,2023,47,Bahrain,HARD,3,17
77.314,VER,2023,50,Monaco,MEDIUM,1,50
93.199,GAS,2023,19,Silverstone,MEDIUM,1,19
93.437,ALO,2023,16,Silverstone,MEDIUM,1,17
138.694,OCO,2023,33,Bahrain,HARD,4,1
90.545,HAM,2023,43,Silverstone,SOFT,2,13
99.97,SAI,2023,35,Singapore,HARD,2,15
81.686,PIA,2023,48,Australia,HARD,2,40
78.53,LEC,2024,35,Monaco,HARD,2,34
98.133,STR,2024,26,Bahrain,HARD,2,17
85.619,MSC,2022,35,Australia,HARD,2,21
99.803,LAW,2023,55,Singapore,HARD,2,35
97.721,RUS,2022,39,Bahrain,MEDIUM,3,6
94.557,PER,2023,21,Saudi Arabia,HARD,2,3
102.523,PIA,2024,1,Bahrain,SOFT,1,4
80.15,RUS,2024,17,Monaco,MEDIUM,2,16
80.591,ALB,2024,14,Monaco,HARD,2,13
87.292,HAM,2023,13,Monza,HARD,1,16
78.104,BOT,2024,71,Monaco,HARD,3,57
117.565,MSC,2022,53,Monza,SOFT,2,20
133.1,SAR,2023,2,Australia,MEDIUM,2,1
81.604,GAS,2023,50,Australia,HARD,2,42
98.111,HAM,2023,56,Bahrain,HARD,3,26
97.821,PER,2024,7,Bahrain,SOFT,1,10
83.596,TSU,2022,42,Australia,HARD,2,24
95.644,PIA,2023,33,Saudi Arabia,HARD,2,32
93.156,HAM,2023,15,Silverstone,MEDIUM,1,15
82.56,NOR,2023,25,Australia,HARD,2,17
94.735,BOT,2022,26,Saudi Arabia,HARD,2,10
86.096,PER,2022,29,Monza,HARD,2,22
100.563,PIA,2023,12,Singapore,MEDIUM,1,12
101.356,ALO,2023,4,Singapore,MEDIUM,1,4
98.637,SAI,2023,50,Singapore,HARD,2,30
118.806,VER,2022,29,Monaco,HARD,3,7
77.167,HAM,2023,38,Monaco,HARD,2,7
96.561,ZHO,2024,47,Bahrain,HARD,3,19
96.546,STR,2023,32,Bahrain,HARD,3,2
83.883,LEC,2022,18,Australia,MEDIUM,1,18
86.823,SAI,2022,14,Monza,MEDIUM,1,14
78.633,ALO,2024,65,Monaco,MEDIUM,2,65
82.471,PIA,2023,35,Australia,HARD,2,27
78.057,OCO,2023,22,Monaco,MEDIUM,1,22
94.392,ZHO,2023,10,Silverstone,MEDIUM,1,10
95.793,VER,2024,29,Bahrain,HARD,2,12
96.565,PER,2023,19,Australia,HARD,4,12
134.782,VER,2022,47,Bahrain,SOFT,4,7
100.835,TSU,2024,34,Bahrain,HARD,2,20
86.991,ZHO,2022,40,Monza,HARD,2,22
95.158,ALO,2022,13,Monaco,WET,1,13
94.146,HUL,2023,75,Monaco,WET,4,16
86.274,HAM,2023,38,Monza,MEDIUM,2,11
99.984,MAG,2022,29,Bahrain,SOFT,2,18
83.787,VER,2024,6,Monaco,MEDIUM,2,5
97.229,OCO,2024,36,Bahrain,HARD,3,6
87.575,BOT,2023,5,Monza,HARD,1,8
102.181,HUL,2022,29,Bahrain,SOFT,2,10
83.078,GAS,2023,15,Australia,HARD,2,7
93.648,LEC,2022,8,Silverstone,MEDIUM,2,7
96.082,PIA,2023,15,Saudi Arabia,HARD,2,14
80.396,NOR,2023,3,Monaco,MEDIUM,1,3
77.357,LEC,2024,54,Monaco,HARD,2,53
92.124,LEC,2022,34,Silverstone,HARD,3,9
118.694,RUS,2023,32,Bahrain,HARD,3,1
100.104,PIA,2023,32,Singapore,HARD,2,12
78.93,ALB,2023,42,Monaco,HARD,2,24
87.822,OCO,2023,3,Monza,MEDIUM,1,3
97.718,BOT,2024,16,Bahrain,HARD,2,4
83.182,MAG,2022,41,Australia,MEDIUM,2,4
87.753,BOT,2023,43,Monza,MEDIUM,2,21
87.471,ZHO,2022,10,Monza,MEDIUM,1,10
101.365,PER,2023,57,Singapore,MEDIUM,2,18
103.228,HUL,2022,10,Bahrain,SOFT,1,10
134.811,RIC,2022,5,Australia,MEDIUM,1,5
82.237,GAS,2023,29,Australia,HARD,2,21
78.637,ALO,2024,66,Monaco,MEDIUM,2,66
86.957,HAM,2022,29,Monza,MEDIUM,1,29
97.742,SAR,2024,19,Bahrain,HARD,2,9
91.909,PIA,2023,68,Monaco,INTERMEDIATE,2,14
96.165,PER,2024,21,Bahrain,HARD,2,9
90.63,ALB,2023,70,Monaco,INTERMEDIATE,3,18
98.729,GAS,2023,27,Bahrain,HARD,3,2
136.205,MAG,2023,18,Saudi Arabia,HARD,2,10
95.729,OCO,2023,4,Saudi Arabia,MEDIUM,1,4
98.46,HAM,2023,22,Bahrain,HARD,2,10
87.067,NOR,2022,28,Monza,MEDIUM,1,28
75.643,HAM,2024,71,Monaco,HARD,3,21
100.303,OCO,2023,34,Singapore,HARD,2,14
87.871,ZHO,2023,3,Monza,MEDIUM,1,3
77.068,RUS,2023,46,Monaco,HARD,1,46
98.551,PER,2023,41,Singapore,MEDIUM,2,2
96.857,ZHO,2024,38,Bahrain,HARD,3,10
96.569,TSU,2023,8,Saudi Arabia,MEDIUM,1,8
97.768,NOR,2023,31,Bahrain,MEDIUM,4,4
97.181,MAG,2022,13,Monaco,WET,1,13
97.145,OCO,2024,53,Bahrain,HARD,3,23
98.604,RUS,2023,17,Bahrain,HARD,2,4
79.267,DEV,2023,30,Monaco,MEDIUM,1,30
91.645,NOR,2022,47,Silverstone,SOFT,4,7
95.276,RUS,2024,45,Bahrain,HARD,3,14
83.53,ALO,2022,44,Australia,MEDIUM,2,5
78.308,RUS,2024,41,Monaco,MEDIUM,2,40
82.32,OCO,2022,36,Monaco,MEDIUM,3,6
97.592,RUS,2023,35,Bahrain,HARD,3,4
79.081,DEV,2023,15,Monaco,MEDIUM,1,15
87.284,LAT,2022,40,Monza,HARD,2,25
81.65,ALO,2024,9,Monaco,MEDIUM,2,9
86.833,ALB,2023,22,Monza,HARD,2,10
97.71,BOT,2023,50,Bahrain,HARD,3,21
103.464,VER,2023,57,Monaco,INTERMEDIATE,2,2
86.473,LEC,2023,7,Monza,MEDIUM,1,7
92.585,NOR,2022,51,Silverstone,SOFT,4,11
85.783,TSU,2022,15,Australia,MEDIUM,1,15
80.723,ALO,2023,50,Australia,HARD,2,42
101.456,GAS,2024,12,Bahrain,SOFT,1,12
102.945,HAM,2022,11,Bahrain,SOFT,1,13
111.376,OCO,2022,3,Australia,MEDIUM,1,3
118.49,VER,2023,37,Bahrain,HARD,3,1
87.517,LAT,2022,12,Australia,MEDIUM,1,12
81.528,RIC,2024,9,Monaco,HARD,2,9
77.296,NOR,2024,78,Monaco,HARD,2,78
98.208,LAT,2022,13,Saudi Arabia,MEDIUM,1,13
98.772,TSU,2022,42,Bahrain,SOFT,3,13
119.659,ZHO,2023,33,Bahrain,SOFT,3,4
94.143,GAS,2023,6,Silverstone,MEDIUM,1,6
81.924,VER,2023,27,Australia,HARD,2,19
79.314,OCO,2023,4,Monaco,MEDIUM,1,4
76.273,VER,2022,41,Monaco,MEDIUM,4,11
101.875,STR,2022,15,Bahrain,SOFT,1,15
96.144,TSU,2024,44,Bahrain,HARD,3,10
94.928,HAM,2022,23,Saudi Arabia,HARD,1,24
78.805,RIC,2024,63,Monaco,HARD,2,63
96.649,OCO,2024,44,Bahrain,HARD,3,14
96.723,HUL,2024,37,Bahrain,HARD,3,17
81.817,SAR,2024,51,Monaco,HARD,2,51
87.309,OCO,2023,8,Monza,MEDIUM,1,8
83.852,TSU,2022,43,Australia,HARD,2,25
86.366,NOR,2023,34,Monza,HARD,2,16
93.903,LEC,2023,68,Monaco,INTERMEDIATE,3,13
75.651,RUS,2024,65,Monaco,MEDIUM,2,64
79.906,PIA,2024,9,Monaco,HARD,2,9
98.157,NOR,2023,47,Singapore,HARD,2,27
96.837,HUL,2024,29,Bahrain,HARD,3,9
93.288,SAI,2023,43,Saudi Arabia,HARD,2,28
99.033,RIC,2024,11,Bahrain,SOFT,1,14
99.172,PER,2023,8,Bahrain,SOFT,1,11
100.708,ZHO,2023,33,Singapore,MEDIUM,3,13
83.476,MAG,2023,30,Australia,HARD,3,23
87.252,ALB,2023,46,Monza,HARD,2,34
97.238,TSU,2023,48,Bahrain,SOFT,4,11
74.569,VER,2024,58,Monaco,HARD,3,7
95.567,NOR,2022,12,Monaco,WET,1,12
80.585,ZHO,2024,72,Monaco,SOFT,3,2
80.157,RUS,2024,19,Monaco,MEDIUM,2,18
100.703,MAG,2023,65,Monaco,WET,2,9
94.289,GAS,2023,37,Saudi Arabia,HARD,2,23
97.782,LEC,2024,6,Bahrain,SOFT,1,9
93.323,ALO,2023,36,Saudi Arabia,HARD,2,19
79.182,STR,2022,49,Monaco,None,5,26
82.243,ZHO,2023,40,Australia,HARD,3,39
95.507,SAI,2024,17,Bahrain,HARD,2,3
96.801,RUS,2024,26,Bahrain,HARD,2,15
96.236,RIC,2024,48,Bahrain,SOFT,3,13
94.186,HUL,2023,14,Silverstone,MEDIUM,2,7
83.286,VER,2023,13,Australia,HARD,2,5
81.961,LEC,2022,41,Australia,HARD,2,19
105.702,STR,2022,24,Monaco,INTERMEDIATE,3,22
95.782,PIA,2023,10,Saudi Arabia,HARD,2,9
92.926,PER,2022,33,Silverstone,MEDIUM,3,29
94.134,MAG,2023,45,Saudi Arabia,HARD,2,37
99.431,GAS,2022,5,Monaco,INTERMEDIATE,2,4
98.033,OCO,2023,21,Saudi Arabia,HARD,2,5
97.822,RUS,2023,37,Bahrain,HARD,3,6
96.697,BOT,2023,19,Australia,HARD,3,18
130.75,TSU,2023,38,Silverstone,SOFT,3,6
97.202,ALO,2024,33,Bahrain,HARD,2,18
95.792,GAS,2023,44,Bahrain,SOFT,4,4
78.445,MAG,2023,19,Monaco,HARD,1,19
93.188,ALO,2023,17,Silverstone,MEDIUM,1,18
82.649,ZHO,2024,6,Monaco,HARD,2,5
85.398,VET,2022,20,Australia,HARD,1,21
96.565,PER,2023,19,Australia,HARD,4,12
95.155,TSU,2023,28,Saudi Arabia,HARD,2,11
81.406,HUL,2023,45,Australia,HARD,2,37
102.053,ALB,2022,27,Bahrain,MEDIUM,2,14
92.154,BOT,2023,52,Monaco,INTERMEDIATE,2,1
84.626,ALB,2022,32,Australia,HARD,1,32
86.464,NOR,2023,35,Monza,HARD,2,17
93.917,RUS,2022,49,Saudi Arabia,HARD,2,33
92.732,BOT,2022,19,Monaco,WET,1,19
80.163,DEV,2023,26,Monaco,MEDIUM,1,26
102.111,SAI,2023,17,Saudi Arabia,HARD,2,2
115.874,ZHO,2023,12,Saudi Arabia,HARD,2,1
101.415,DEV,2023,61,Monaco,INTERMEDIATE,2,8
95.265,RUS,2023,10,Saudi Arabia,MEDIUM,1,10
91.421,RUS,2023,50,Silverstone,MEDIUM,2,22
98.428,ZHO,2024,4,Bahrain,SOFT,1,4
86.572,ALB,2023,40,Monza,HARD,2,28
78.564,GAS,2022,50,Monaco,HARD,4,28
93.677,GAS,2022,44,Saudi Arabia,HARD,2,29
98.927,RIC,2022,36,Bahrain,HARD,3,3
87.253,ZHO,2023,8,Monza,MEDIUM,1,8
96.831,LEC,2024,27,Bahrain,HARD,2,16
96.786,HAM,2024,29,Bahrain,HARD,2,17
93.582,SAI,2022,29,Saudi Arabia,HARD,2,13
145.248,BOT,2023,36,Silverstone,SOFT,2,4
100.685,ALB,2023,59,Singapore,MEDIUM,3,16
95.227,BOT,2023,45,Saudi Arabia,SOFT,4,10
93.796,MSC,2022,36,Silverstone,HARD,3,17
100.61,VER,2023,38,Singapore,HARD,1,38
87.691,MAG,2023,7,Monza,HARD,1,11
99.476,MAG,2023,25,Bahrain,HARD,2,10
96.891,GAS,2023,52,Bahrain,SOFT,4,12
83.424,ALO,2023,14,Australia,HARD,2,6
77.992,TSU,2023,37,Monaco,MEDIUM,1,37
81.318,SAR,2024,53,Monaco,HARD,2,53
79.23,RIC,2024,60,Monaco,HARD,2,60
94.18,ZHO,2023,47,Saudi Arabia,MEDIUM,3,29
97.492,GAS,2024,15,Bahrain,HARD,2,3
93.991,ALO,2022,29,Silverstone,MEDIUM,2,28
85.339,ZHO,2022,32,Australia,HARD,2,11
100.738,ZHO,2023,63,Monaco,INTERMEDIATE,3,11
76.355,HAM,2024,78,Monaco,HARD,3,28
99.186,SAR,2023,20,Bahrain,SOFT,2,8
82.781,ZHO,2023,51,Australia,HARD,3,50
93.657,ALO,2023,9,Silverstone,MEDIUM,1,10
94.234,HAM,2023,28,Saudi Arabia,MEDIUM,2,10
81.654,ALO,2023,39,Australia,HARD,2,31
98.03,NOR,2022,2,Saudi Arabia,MEDIUM,1,2
97.388,STR,2023,50,Bahrain,HARD,3,20
80.847,STR,2023,13,Monaco,HARD,1,14
76.429,NOR,2024,74,Monaco,HARD,2,74
93.782,MSC,2022,38,Silverstone,HARD,3,19
87.816,ALB,2023,77,Monaco,INTERMEDIATE,3,25
84.552,OCO,2022,32,Australia,HARD,2,15
96.959,HUL,2024,35,Bahrain,HARD,3,15
118.263,SAR,2023,70,Monaco,INTERMEDIATE,4,18
80.557,STR,2022,39,Monaco,None,5,16
99.183,OCO,2022,21,Bahrain,MEDIUM,2,7
101.352,PIA,2023,11,Bahrain,SOFT,1,11
86.092,LEC,2022,9,Monza,SOFT,1,9
79.053,LEC,2024,29,Monaco,HARD,2,28
95.974,HAM,2024,54,Bahrain,HARD,3,21
93.073,ZHO,2023,31,Silverstone,HARD,2,7
80.941,ALB,2024,31,Monaco,HARD,2,30
96.929,MAG,2024,51,Bahrain,HARD,3,19
98.916,ALB,2023,2,Saudi Arabia,MEDIUM,1,2
118.378,VER,2023,15,Bahrain,SOFT,2,1
97.972,LEC,2023,24,Bahrain,HARD,2,11
78.244,RUS,2023,17,Monaco,HARD,1,17
91.657,ZHO,2023,10,Australia,HARD,3,9
95.48,LEC,2024,53,Bahrain,HARD,3,19
81.415,RUS,2024,7,Monaco,MEDIUM,2,6
81.547,STR,2024,53,Monaco,SOFT,4,5
83.069,HAM,2022,35,Australia,HARD,2,13
78.209,TSU,2024,68,Monaco,HARD,2,68
95.481,RUS,2024,37,Bahrain,HARD,3,6
92.974,HAM,2023,23,Silverstone,MEDIUM,1,23
101.766,BOT,2023,4,Singapore,HARD,1,4
154.001,PER,2022,1,Silverstone,MEDIUM,1,1
87.104,SAR,2023,24,Monza,HARD,2,13
86.769,ALO,2023,33,Monza,HARD,2,15
80.004,SAR,2024,68,Monaco,MEDIUM,3,11
100.944,RUS,2023,3,Singapore,MEDIUM,1,3
84.375,BOT,2022,33,Australia,HARD,2,11
101.133,SAR,2023,10,Bahrain,SOFT,1,10
78.275,STR,2024,69,Monaco,SOFT,4,21
95.477,VER,2024,28,Bahrain,HARD,2,11
94.246,ALO,2023,27,Saudi Arabia,HARD,2,10
132.438,SAR,2024,11,Bahrain,HARD,2,1
83.704,TSU,2023,17,Australia,HARD,2,9
78.068,RIC,2024,72,Monaco,HARD,2,72
100.485,ZHO,2023,47,Singapore,MEDIUM,3,27
80.912,BOT,2023,15,Monaco,HARD,1,15
83.558,PIA,2023,16,Australia,HARD,2,8
101.134,GAS,2023,7,Bahrain,SOFT,1,7
91.496,PIA,2023,46,Silverstone,HARD,2,17
87.298,STR,2023,34,Monza,HARD,2,18
99.362,HAM,2023,36,Singapore,HARD,2,16
83.199,SAI,2023,12,Australia,HARD,3,5
88.719,VER,2022,13,Monza,SOFT,1,13
99.632,TSU,2023,23,Bahrain,HARD,2,13
86.909,NOR,2023,31,Monza,HARD,2,13
97.044,SAI,2022,39,Bahrain,MEDIUM,3,6
96.905,PIA,2024,28,Bahrain,HARD,2,16
95.745,ALO,2024,54,Bahrain,HARD,3,13
98.896,ZHO,2023,20,Bahrain,HARD,2,8
93.319,TSU,2023,26,Silverstone,HARD,2,12
95.418,LEC,2024,51,Bahrain,HARD,3,17
118.694,RUS,2023,32,Bahrain,HARD,3,1
81.273,OCO,2023,43,Australia,HARD,3,42
94.848,VER,2023,12,Saudi Arabia,MEDIUM,1,12
101.863,OCO,2023,15,Bahrain,HARD,2,3
97.211,PER,2023,28,Bahrain,SOFT,2,13
102.396,HAM,2023,61,Monaco,INTERMEDIATE,3,7
85.924,SAI,2023,39,Monza,HARD,2,20
95.519,NOR,2023,44,Saudi Arabia,MEDIUM,3,25
93.833,MAG,2023,47,Saudi Arabia,HARD,2,39
82.294,NOR,2023,34,Australia,HARD,2,26
95.116,STR,2022,32,Silverstone,HARD,3,18
90.342,VER,2022,1,Australia,MEDIUM,1,1
97.862,HUL,2024,19,Bahrain,HARD,2,18
92.184,VER,2023,22,Silverstone,MEDIUM,1,22
98.044,PER,2024,5,Bahrain,SOFT,1,8
99.049,ALB,2023,18,Bahrain,SOFT,2,7
87.19,OCO,2023,28,Monza,HARD,2,7
95.909,HAM,2023,11,Saudi Arabia,HARD,1,11
98.614,LEC,2023,8,Bahrain,SOFT,1,8
96.917,NOR,2022,6,Saudi Arabia,MEDIUM,1,6
76.992,ALO,2023,49,Monaco,HARD,1,50
100.442,BOT,2023,20,Bahrain,HARD,2,9
98.509,ALB,2024,5,Bahrain,SOFT,1,5
87.175,RIC,2022,29,Monza,HARD,2,10
78.457,TSU,2023,33,Monaco,MEDIUM,1,33
101.678,NOR,2023,4,Singapore,MEDIUM,1,4
78.271,ALB,2024,57,Monaco,HARD,2,56
99.396,HUL,2023,17,Bahrain,HARD,2,6
101.126,ALB,2022,4,Bahrain,SOFT,1,4
93.751,PER,2023,14,Silverstone,MEDIUM,1,14
97.335,STR,2024,57,Bahrain,HARD,3,30
103.344,GAS,2023,23,Singapore,HARD,2,3
77.048,OCO,2023,38,Monaco,HARD,2,6
119.434,LEC,2023,17,Saudi Arabia,HARD,2,1
96.653,PIA,2023,67,Monaco,INTERMEDIATE,2,13
96.822,TSU,2022,4,Silverstone,SOFT,2,3
97.775,BOT,2023,33,Bahrain,HARD,3,4
99.083,MAG,2023,20,Bahrain,HARD,2,5
86.655,SAI,2022,24,Monza,MEDIUM,1,24
94.119,LEC,2023,48,Saudi Arabia,HARD,2,32
93.104,PER,2022,22,Silverstone,MEDIUM,3,18
141.424,PER,2022,40,Silverstone,SOFT,4,1
87.049,ALO,2022,7,Australia,HARD,1,7
101.468,LAW,2023,7,Singapore,MEDIUM,1,7
79.772,STR,2023,27,Monaco,HARD,1,28
79.795,PIA,2024,42,Monaco,HARD,2,42
76.823,VER,2023,19,Monaco,MEDIUM,1,19
78.689,LEC,2024,36,Monaco,HARD,2,35
85.145,LEC,2022,17,Monza,MEDIUM,2,5
100.483,OCO,2022,5,Bahrain,SOFT,1,5
136.808,HUL,2022,17,Saudi Arabia,HARD,1,18
96.96,VER,2024,10,Bahrain,SOFT,1,13
97.041,NOR,2024,29,Bahrain,HARD,2,16
78.12,GAS,2024,75,Monaco,MEDIUM,2,74
79.977,GAS,2024,42,Monaco,MEDIUM,2,41
99.517,ZHO,2024,7,Bahrain,SOFT,1,7
98.985,DEV,2023,49,Bahrain,HARD,3,22
96.891,GAS,2023,52,Bahrain,SOFT,4,12
79.212,SAR,2023,48,Monaco,SOFT,3,25
98.027,STR,2024,16,Bahrain,HARD,2,7
93.762,VER,2022,7,Silverstone,MEDIUM,2,6
98.273,HAM,2024,2,Bahrain,SOFT,1,5
83.403,SAR,2023,51,Australia,HARD,5,22
96.405,PIA,2023,24,Saudi Arabia,HARD,2,23
91.139,PER,2023,50,Silverstone,SOFT,2,22
97.626,PIA,2023,22,Saudi Arabia,HARD,2,21
105.564,ZHO,2023,58,Monaco,INTERMEDIATE,3,6
80.892,ALB,2023,15,Monaco,MEDIUM,1,15
98.581,HAM,2023,21,Bahrain,HARD,2,9
96.175,SAR,2023,50,Saudi Arabia,MEDIUM,2,32
98.433,SAI,2023,16,Bahrain,HARD,2,3
98.28,MAG,2023,50,Singapore,SOFT,3,10
94.981,SAI,2024,48,Bahrain,HARD,3,13
95.973,PIA,2024,55,Bahrain,HARD,3,21
100.851,GAS,2022,21,Australia,MEDIUM,1,21
100.758,RUS,2023,14,Singapore,MEDIUM,1,14
91.526,SAI,2022,52,Silverstone,SOFT,4,13
76.858,VER,2023,11,Monaco,MEDIUM,1,11
130.206,TSU,2022,6,Australia,MEDIUM,1,6
101.353,PER,2023,7,Singapore,HARD,1,7
96.693,STR,2024,54,Bahrain,HARD,3,27
97.564,ZHO,2022,3,Saudi Arabia,MEDIUM,1,3
100.554,SAR,2023,12,Singapore,MEDIUM,1,12
86.412,RUS,2022,18,Monza,SOFT,1,18
95.293,NOR,2022,28,Saudi Arabia,HARD,2,12
93.174,RUS,2023,17,Silverstone,SOFT,1,20
95.311,MAG,2022,20,Silverstone,MEDIUM,2,21
96.756,LEC,2024,14,Bahrain,HARD,2,3
85.012,SAI,2024,3,Monaco,HARD,2,2
101.875,SAR,2023,4,Singapore,MEDIUM,1,4
93.985,VET,2022,35,Silverstone,MEDIUM,3,31
76.402,SAR,2024,72,Monaco,MEDIUM,3,15
88.877,MAG,2022,8,Monza,MEDIUM,1,8
87.865,ALO,2022,28,Monza,MEDIUM,1,28
94.73,PER,2024,47,Bahrain,SOFT,3,11
97.55,ZHO,2023,35,Bahrain,SOFT,3,6
77.249,ALO,2023,11,Monaco,HARD,1,12
100.709,PIA,2023,15,Singapore,MEDIUM,1,15
77.871,GAS,2022,56,Monaco,HARD,4,34
77.565,SAI,2023,37,Monaco,MEDIUM,2,4
90.926,NOR,2023,10,Australia,HARD,2,2
85.23,ZHO,2023,11,Australia,HARD,3,10
95.341,GAS,2024,47,Bahrain,SOFT,4,4
97.01,ALO,2023,52,Bahrain,HARD,3,18
119.069,NOR,2022,47,Bahrain,SOFT,4,5
92.504,RUS,2023,28,Silverstone,SOFT,1,31
79.469,SAR,2023,40,Monaco,SOFT,3,17
106.329,OCO,2023,54,Australia,HARD,3,53
87.593,BOT,2022,2,Australia,MEDIUM,1,2
92.83,PER,2023,40,Saudi Arabia,HARD,2,22
97.038,VER,2024,7,Bahrain,SOFT,1,10
85.471,VER,2023,29,Monza,HARD,2,9
82.027,OCO,2023,31,Australia,HARD,3,30
97.503,ALB,2023,28,Bahrain,HARD,3,2
82.187,STR,2023,30,Australia,HARD,2,22
78.651,RUS,2024,25,Monaco,MEDIUM,2,24
81.37,BOT,2024,27,Monaco,HARD,3,13
99.452,GAS,2024,9,Bahrain,SOFT,1,9
78.109,GAS,2023,19,Monaco,HARD,1,19
92.594,VER,2023,10,Silverstone,MEDIUM,1,10
97.087,ALO,2023,46,Bahrain,HARD,3,12
93.008,PIA,2023,6,Silverstone,MEDIUM,1,6
130.216,TSU,2022,46,Bahrain,SOFT,4,5
92.498,PER,2023,32,Saudi Arabia,HARD,2,14
77.114,ALO,2023,46,Monaco,HARD,1,47
78.574,STR,2023,41,Monaco,HARD,1,42
96.266,NOR,2022,25,Saudi Arabia,HARD,2,9
78.464,STR,2024,71,Monaco,SOFT,4,23
104.349,MAG,2024,1,Bahrain,SOFT,1,1
92.309,LEC,2023,70,Monaco,INTERMEDIATE,3,15
98.941,ALO,2023,58,Singapore,SOFT,3,16
100.266,VER,2023,35,Singapore,HARD,1,35
77.845,HUL,2023,22,Monaco,HARD,2,21
99.184,NOR,2022,30,Bahrain,HARD,2,6
100.384,NOR,2023,56,Monaco,INTERMEDIATE,3,2
103.278,HAM,2023,57,Monaco,INTERMEDIATE,3,3
96.565,SAI,2022,54,Bahrain,SOFT,4,13
97.17,LEC,2023,37,Bahrain,HARD,3,4
99.066,HUL,2023,11,Saudi Arabia,MEDIUM,1,11
88.395,MAG,2022,22,Monza,MEDIUM,1,22
98.366,BOT,2023,22,Saudi Arabia,MEDIUM,3,5
78.363,HUL,2023,24,Monaco,HARD,2,23
99.671,HUL,2022,42,Bahrain,MEDIUM,3,5
99.651,MAG,2023,54,Bahrain,SOFT,4,14
93.127,ALO,2023,41,Saudi Arabia,HARD,2,24
87.539,STR,2023,10,Monza,MEDIUM,1,10
81.058,PIA,2024,8,Monaco,HARD,2,8
98.39,SAR,2024,4,Bahrain,SOFT,1,4
114.489,BOT,2023,10,Saudi Arabia,HARD,2,1
100.278,OCO,2022,25,Bahrain,MEDIUM,2,11
95.771,NOR,2023,7,Saudi Arabia,HARD,2,5
98.302,SAR,2023,64,Monaco,INTERMEDIATE,4,12
87.197,MSC,2022,31,Monza,MEDIUM,1,31
98.896,ALO,2024,9,Bahrain,SOFT,1,12
98.647,TSU,2022,36,Bahrain,SOFT,3,7
83.217,SAI,2023,5,Australia,MEDIUM,1,5
100.633,VER,2023,14,Singapore,HARD,1,14
100.275,BOT,2023,9,Bahrain,SOFT,1,9
78.863,ZHO,2023,29,Monaco,HARD,2,28
100.947,HUL,2023,70,Monaco,WET,4,11
77.654,GAS,2023,41,Monaco,HARD,1,41
86.797,GAS,2023,36,Monza,MEDIUM,3,5
100.916,MSC,2022,32,Bahrain,MEDIUM,2,20
86.277,ALO,2023,45,Monza,HARD,2,27
80.903,SAR,2024,25,Monaco,HARD,2,25
92.978,NOR,2023,11,Silverstone,MEDIUM,1,11
82.174,STR,2023,32,Australia,HARD,2,24
95.314,SAR,2023,32,Saudi Arabia,MEDIUM,2,14
87.56,BOT,2022,5,Monza,MEDIUM,1,5
92.886,ZHO,2022,51,Monza,HARD,2,33
101.467,STR,2023,30,Bahrain,HARD,2,15
95.481,RUS,2024,37,Bahrain,HARD,3,6
130.728,ALO,2023,2,Australia,MEDIUM,1,3
97.984,HAM,2022,5,Saudi Arabia,HARD,1,6
102.558,SAR,2023,60,Monaco,INTERMEDIATE,4,8
78.842,LEC,2024,19,Monaco,HARD,2,18
87.522,SAR,2023,32,Monza,HARD,2,21
90.126,NOR,2023,69,Monaco,INTERMEDIATE,3,15
85.539,PER,2022,24,Monaco,HARD,3,2
80.542,ALB,2024,22,Monaco,HARD,2,21
79.581,PER,2023,35,Monaco,MEDIUM,3,2
98.377,TSU,2022,40,Bahrain,SOFT,3,11
97.749,MAG,2024,16,Bahrain,HARD,2,5
98.148,NOR,2023,50,Singapore,HARD,2,30
101.514,LAW,2023,3,Singapore,MEDIUM,1,3
132.354,MAG,2022,2,Monaco,WET,1,2
99.093,SAR,2024,25,Bahrain,HARD,2,15
85.427,ALO,2022,30,Australia,HARD,1,30
97.604,SAI,2023,50,Bahrain,HARD,3,19
77.095,PIA,2024,62,Monaco,HARD,2,62
77.815,NOR,2024,57,Monaco,HARD,2,57
95.226,HUL,2024,47,Bahrain,SOFT,4,7
86.018,LAW,2023,46,Monza,MEDIUM,3,16
79.165,ALB,2023,6,Monaco,MEDIUM,1,6
98.423,DEV,2023,37,Bahrain,HARD,3,10
94.36,MAG,2022,28,Silverstone,MEDIUM,3,6
110.369,PER,2022,3,Australia,MEDIUM,1,3
97.862,HUL,2024,19,Bahrain,HARD,2,18
78.467,HUL,2023,44,Monaco,HARD,2,43
97.244,HAM,2024,30,Bahrain,HARD,2,18
79.005,VER,2024,33,Monaco,MEDIUM,2,32
137.704,ZHO,2022,5,Australia,MEDIUM,1,5
102.056,DEV,2023,60,Monaco,INTERMEDIATE,2,7
78.623,PIA,2024,46,Monaco,HARD,2,46
82.936,OCO,2022,50,Australia,HARD,2,33
94.84,VER,2022,6,Saudi Arabia,MEDIUM,1,6
99.085,PER,2023,10,Bahrain,SOFT,1,13
111.927,PIA,2023,1,Singapore,MEDIUM,1,1
78.731,SAI,2024,46,Monaco,HARD,2,45
80.849,RIC,2024,22,Monaco,HARD,2,22
100.946,LEC,2023,62,Singapore,HARD,2,42
80.012,BOT,2024,16,Monaco,HARD,3,2
83.787,VER,2024,6,Monaco,MEDIUM,2,5
95.338,NOR,2024,45,Bahrain,HARD,3,12
93.351,MSC,2022,43,Silverstone,SOFT,4,4
95.483,TSU,2022,6,Silverstone,SOFT,2,5
101.007,HAM,2022,44,Bahrain,MEDIUM,3,17
79.192,ZHO,2023,31,Monaco,HARD,2,30
95.477,RUS,2023,6,Saudi Arabia,MEDIUM,1,6
92.833,HAM,2022,21,Silverstone,MEDIUM,2,20
119.337,PER,2023,40,Singapore,MEDIUM,2,1
96.374,BOT,2024,42,Bahrain,HARD,3,12
97.068,SAR,2023,48,Bahrain,SOFT,4,8
82.209,MAG,2023,43,Australia,HARD,3,36
95.42,MSC,2022,10,Silverstone,MEDIUM,2,9
107.991,ZHO,2022,40,Saudi Arabia,HARD,3,24
98.985,DEV,2023,49,Bahrain,HARD,3,22
79.454,DEV,2023,9,Monaco,MEDIUM,1,9
84.295,HUL,2023,5,Australia,MEDIUM,1,5
97.738,BOT,2023,54,Bahrain,HARD,3,25
97.316,RUS,2023,45,Bahrain,HARD,3,14
81.447,ZHO,2024,15,Monaco,HARD,2,14
92.537,PIA,2023,22,Silverstone,MEDIUM,1,22
86.667,OCO,2022,38,Monza,HARD,2,19
94.144,TSU,2022,46,Silverstone,SOFT,4,8
101.094,OCO,2022,12,Bahrain,SOFT,1,12
99.937,SAI,2023,15,Singapore,MEDIUM,1,15
77.197,SAR,2024,76,Monaco,MEDIUM,3,19
76.56,LEC,2024,64,Monaco,HARD,2,63
78.766,NOR,2024,29,Monaco,HARD,2,29
87.017,NOR,2023,46,Monza,HARD,2,28
82.997,ALB,2022,51,Australia,HARD,1,51
97.144,VER,2023,51,Singapore,MEDIUM,2,11
105.564,ZHO,2023,58,Monaco,INTERMEDIATE,3,6
79.155,GAS,2024,63,Monaco,MEDIUM,2,62
100.095,ALO,2023,15,Singapore,MEDIUM,1,15
77.785,DEV,2023,46,Monaco,MEDIUM,1,46
85.132,ALB,2022,34,Australia,HARD,1,34
80.682,SAR,2023,24,Monaco,SOFT,3,1
97.946,ALO,2024,39,Bahrain,HARD,2,24
85.782,LEC,2023,30,Monza,HARD,2,10
97.035,MAG,2024,50,Bahrain,HARD,3,18
98.175,STR,2024,22,Bahrain,HARD,2,13
81.082,ALO,2024,38,Monaco,MEDIUM,2,38
93.437,SAI,2022,4,Silverstone,MEDIUM,2,3
97.349,HUL,2024,4,Bahrain,HARD,2,3
98.061,ALO,2024,40,Bahrain,HARD,2,25
98.303,HAM,2024,3,Bahrain,SOFT,1,6
78.541,PER,2023,25,Monaco,HARD,2,24
87.053,GAS,2023,18,Monza,HARD,2,11
96.755,PER,2022,54,Bahrain,SOFT,4,14
103.51,MSC,2022,48,Bahrain,SOFT,3,15
81.527,RIC,2024,42,Monaco,HARD,2,42
100.273,RIC,2022,24,Bahrain,SOFT,2,7
77.817,RIC,2022,58,Monaco,HARD,3,39
102.945,LAT,2022,6,Bahrain,SOFT,1,6
93.9,LAT,2022,14,Monaco,HARD,3,12
98.543,STR,2023,13,Saudi Arabia,MEDIUM,1,13
87.509,RIC,2022,16,Monza,MEDIUM,1,16
85.436,RUS,2023,76,Monaco,INTERMEDIATE,2,22
97.806,ZHO,2023,19,Australia,HARD,3,18
79.281,PIA,2023,20,Monaco,HARD,1,20
80.7,ALB,2024,53,Monaco,HARD,2,52
86.606,BOT,2023,32,Monza,MEDIUM,2,10
130.782,TSU,2023,41,Bahrain,SOFT,4,4
94.999,MSC,2022,11,Silverstone,MEDIUM,2,10
96.741,ZHO,2024,46,Bahrain,HARD,3,18
106.95,ZHO,2022,48,Bahrain,SOFT,4,6
78.63,MAG,2023,42,Monaco,HARD,1,42
84.155,BOT,2023,24,Australia,HARD,3,23
97.806,HUL,2023,32,Bahrain,HARD,3,6
95.268,ZHO,2023,31,Saudi Arabia,MEDIUM,3,13
93.291,PER,2022,21,Silverstone,MEDIUM,3,17
84.714,HAM,2022,39,Monza,SOFT,2,6
94.996,VER,2022,19,Silverstone,MEDIUM,3,7
77.542,VER,2022,38,Monaco,MEDIUM,4,8
93.659,VER,2023,68,Monaco,INTERMEDIATE,2,13
85.72,SAI,2023,29,Monza,HARD,2,10
100.451,MAG,2022,8,Bahrain,SOFT,1,8
78.946,VER,2023,33,Monaco,MEDIUM,1,33
96.332,ALO,2023,66,Monaco,INTERMEDIATE,3,11
80.911,DEV,2023,35,Monaco,MEDIUM,1,35
76.604,RUS,2024,60,Monaco,MEDIUM,2,59
107.795,OCO,2023,1,Singapore,MEDIUM,1,1
99.51,NOR,2023,61,Singapore,HARD,2,41
119.434,LEC,2023,17,Saudi Arabia,HARD,2,1
78.201,RUS,2024,54,Monaco,MEDIUM,2,53
98.901,BOT,2022,18,Bahrain,MEDIUM,2,4
97.299,STR,2023,44,Bahrain,HARD,3,14
80.712,ZHO,2022,42,Monaco,MEDIUM,3,13
97.211,PER,2023,28,Bahrain,SOFT,2,13
83.704,TSU,2023,17,Australia,HARD,2,9
104.22,HUL,2023,55,Monaco,INTERMEDIATE,3,1
97.671,TSU,2024,23,Bahrain,HARD,2,9
95.991,RUS,2023,66,Monaco,INTERMEDIATE,2,12
96.645,GAS,2023,8,Saudi Arabia,MEDIUM,1,8
95.768,BOT,2022,11,Silverstone,MEDIUM,2,10
97.459,BOT,2023,64,Monaco,INTERMEDIATE,2,13
83.485,BOT,2023,23,Australia,HARD,3,22
81.566,RIC,2024,28,Monaco,HARD,2,28
85.8,VER,2022,24,Monza,SOFT,1,24
96.263,HUL,2023,30,Saudi Arabia,HARD,2,19
146.663,RUS,2022,24,Australia,HARD,2,1
93.657,LEC,2022,5,Silverstone,MEDIUM,2,4
100.981,ALB,2023,31,Singapore,HARD,2,11
82.535,STR,2024,31,Monaco,MEDIUM,2,31
97.523,SAI,2023,15,Saudi Arabia,MEDIUM,1,15
93.67,NOR,2023,14,Silverstone,MEDIUM,1,14
122.101,ZHO,2023,13,Bahrain,HARD,2,1
81.046,LEC,2024,11,Monaco,HARD,2,10
95.057,LEC,2024,47,Bahrain,HARD,3,13
87.383,RUS,2023,18,Monza,MEDIUM,1,18
80.131,STR,2024,28,Monaco,MEDIUM,2,28
80.443,ALB,2023,16,Monaco,MEDIUM,1,16
79.378,ALB,2024,49,Monaco,HARD,2,48
120.669,BOT,2022,15,Bahrain,MEDIUM,2,1
94.872,ALO,2024,45,Bahrain,HARD,3,4
99.22,SAR,2023,19,Bahrain,SOFT,2,7
81.514,SAR,2023,52,Australia,HARD,5,23
98.431,TSU,2024,3,Bahrain,SOFT,1,3
85.902,LEC,2022,5,Monza,SOFT,1,5
97.912,HAM,2022,41,Bahrain,MEDIUM,3,14
87.156,ZHO,2022,38,Monza,HARD,2,20
82.625,HUL,2023,22,Australia,HARD,2,14
82.098,ALO,2023,32,Australia,HARD,2,24
96.112,GAS,2024,33,Bahrain,HARD,3,2
94.621,PER,2023,6,Saudi Arabia,MEDIUM,1,6
77.992,GAS,2024,73,Monaco,MEDIUM,2,72
94.935,HAM,2024,43,Bahrain,HARD,3,10
96.922,ALB,2024,56,Bahrain,HARD,3,20
79.319,PER,2023,27,Monaco,HARD,2,26
97.419,PIA,2023,65,Monaco,INTERMEDIATE,2,11
96.037,PER,2024,22,Bahrain,HARD,2,10
96.129,ALB,2024,38,Bahrain,HARD,3,2
76.672,ALB,2023,24,Monaco,HARD,2,6
79.01,NOR,2023,18,Monaco,MEDIUM,1,18
97.826,STR,2024,23,Bahrain,HARD,2,14
101.369,BOT,2023,30,Singapore,HARD,1,30
78.75,DEV,2023,38,Monaco,MEDIUM,1,38
86.925,DEV,2022,23,Monza,MEDIUM,2,4
118.899,BOT,2022,37,Bahrain,MEDIUM,3,1
100.57,ZHO,2023,27,Singapore,MEDIUM,3,7
103.888,ALB,2024,1,Bahrain,SOFT,1,1
93.427,SAI,2023,7,Silverstone,MEDIUM,1,7
79.06,LEC,2022,57,Monaco,HARD,4,36
98.477,LEC,2023,15,Bahrain,HARD,2,2
98.246,TSU,2023,57,Bahrain,SOFT,4,20
98.374,GAS,2023,21,Saudi Arabia,HARD,2,7
84.398,DEV,2023,36,Australia,MEDIUM,2,28
101.41,PIA,2023,62,Singapore,HARD,2,42
81.17,STR,2023,17,Monaco,HARD,1,18
80.638,SAR,2023,12,Monaco,MEDIUM,1,12
95.885,ALB,2024,41,Bahrain,HARD,3,5
84.396,SAR,2023,38,Australia,HARD,5,9
95.039,SAR,2023,31,Saudi Arabia,MEDIUM,2,13
97.088,HUL,2024,40,Bahrain,HARD,3,20
77.361,LEC,2023,37,Monaco,HARD,1,37
93.542,LEC,2023,15,Silverstone,MEDIUM,1,15
85.451,MAG,2022,21,Australia,HARD,1,21
102.581,ALO,2023,57,Monaco,INTERMEDIATE,3,2
92.432,VER,2023,39,Saudi Arabia,HARD,2,21
97.091,OCO,2024,51,Bahrain,HARD,3,21
97.352,PER,2023,24,Bahrain,SOFT,2,9
95.56,STR,2023,4,Saudi Arabia,MEDIUM,1,4
77.212,VER,2023,26,Monaco,MEDIUM,1,26
81.689,TSU,2022,38,Monaco,MEDIUM,4,9
92.098,LEC,2022,15,Monaco,WET,1,15
100.132,ALB,2022,57,Bahrain,SOFT,4,14
94.148,PER,2023,75,Monaco,INTERMEDIATE,6,5
81.41,SAR,2023,18,Monaco,MEDIUM,1,18
98.591,PER,2022,15,Saudi Arabia,MEDIUM,1,15
100.181,LAW,2023,42,Singapore,HARD,2,22
96.263,HUL,2023,30,Saudi Arabia,HARD,2,19
124.891,STR,2022,38,Saudi Arabia,HARD,2,26
81.291,LEC,2022,38,Australia,HARD,2,16
99.996,RUS,2023,19,Singapore,MEDIUM,1,19
87.813,BOT,2022,27,Monza,MEDIUM,1,27
87.905,VER,2023,1,Monza,MEDIUM,1,1
101.47,PIA,2023,28,Singapore,HARD,2,8
118.689,PIA,2024,13,Bahrain,HARD,2,1
78.727,MAG,2023,18,Monaco,HARD,1,18
93.351,BOT,2023,29,Silverstone,HARD,1,29
84.792,ALO,2022,20,Australia,HARD,1,20
80.28,SAR,2023,15,Monaco,MEDIUM,1,15
97.554,STR,2024,19,Bahrain,HARD,2,10
98.082,RUS,2024,7,Bahrain,SOFT,1,10
87.428,DEV,2022,5,Monza,SOFT,1,5
78.362,PIA,2024,39,Monaco,HARD,2,39
80.577,BOT,2023,17,Monaco,HARD,1,17
135.917,VET,2022,5,Australia,HARD,1,6
100.853,ZHO,2023,41,Singapore,MEDIUM,3,21
85.757,PER,2023,30,Monza,HARD,2,9
99.325,TSU,2023,21,Bahrain,HARD,2,11
78.567,TSU,2023,19,Monaco,MEDIUM,1,19
97.859,STR,2024,20,Bahrain,HARD,2,11
78.583,RUS,2023,7,Monaco,HARD,1,7
78.498,STR,2023,39,Monaco,HARD,1,40
77.847,PER,2023,43,Monaco,MEDIUM,3,10
84.46,STR,2022,58,Australia,HARD,4,39
94.362,MAG,2022,31,Silverstone,MEDIUM,3,9
77.879,LEC,2023,26,Monaco,HARD,1,26
101.666,DEV,2023,10,Bahrain,SOFT,1,10
102.05,VER,2022,14,Bahrain,SOFT,1,17
78.26,BOT,2023,22,Monaco,HARD,1,22
82.021,ALO,2023,34,Australia,HARD,2,26
80.329,TSU,2024,25,Monaco,HARD,2,25
98.55,SAI,2023,29,Bahrain,HARD,2,16
80.45,STR,2024,40,Monaco,MEDIUM,2,40
78.498,STR,2023,40,Monaco,HARD,1,41
97.468,NOR,2022,53,Bahrain,SOFT,4,11
79.024,LEC,2022,59,Monaco,HARD,4,38
97.227,SAR,2023,47,Bahrain,SOFT,4,7
84.552,HAM,2022,16,Australia,MEDIUM,1,16
99.764,SAR,2023,35,Singapore,HARD,2,16
80.226,BOT,2023,34,Monaco,HARD,1,34
92.27,SAI,2022,44,Saudi Arabia,HARD,2,28
78.651,NOR,2023,8,Monaco,MEDIUM,1,8
84.357,DEV,2023,32,Australia,MEDIUM,2,24
80.395,RIC,2024,33,Monaco,HARD,2,33
107.323,OCO,2022,21,Monaco,WET,1,21
81.657,BOT,2024,56,Monaco,HARD,3,42
100.088,MAG,2023,67,Monaco,WET,2,11
109.195,BOT,2022,1,Bahrain,SOFT,1,4
95.184,VER,2024,55,Bahrain,SOFT,3,18
99.073,LEC,2023,10,Bahrain,SOFT,1,10
97.693,TSU,2022,11,Monaco,INTERMEDIATE,2,5
91.215,SAI,2022,45,Silverstone,SOFT,4,6
78.033,SAR,2023,26,Monaco,SOFT,3,3
90.26,HUL,2023,76,Monaco,WET,4,17
90.55,MSC,2022,40,Australia,HARD,2,26
77.095,PIA,2024,62,Monaco,HARD,2,62
79.886,VER,2024,20,Monaco,MEDIUM,2,19
76.86,VER,2023,17,Monaco,MEDIUM,1,17
100.079,OCO,2022,16,Bahrain,MEDIUM,2,2
77.203,HAM,2022,51,Monaco,MEDIUM,4,21
100.378,VER,2023,34,Singapore,HARD,1,34
96.395,RUS,2022,55,Bahrain,SOFT,4,12
79.848,PER,2023,11,Monaco,HARD,2,10
96.705,NOR,2023,41,Bahrain,HARD,5,4
99.845,RUS,2023,42,Singapore,HARD,2,22
99.312,OCO,2024,9,Bahrain,SOFT,1,9
97.957,ZHO,2023,36,Bahrain,SOFT,3,7
97.016,SAR,2024,39,Bahrain,HARD,3,11
88.292,HUL,2023,51,Monaco,HARD,2,50
99.9,OCO,2022,1,Saudi Arabia,MEDIUM,1,1
87.119,OCO,2023,27,Monza,HARD,2,6
96.52,DEV,2023,11,Saudi Arabia,MEDIUM,1,11
100.797,VER,2023,61,Monaco,INTERMEDIATE,2,6
92.496,VER,2023,37,Saudi Arabia,HARD,2,19
95.165,NOR,2024,42,Bahrain,HARD,3,9
99.711,GAS,2023,61,Singapore,HARD,2,41
98.804,PER,2023,7,Bahrain,SOFT,1,10
76.467,SAI,2023,42,Monaco,MEDIUM,2,9
84.738,STR,2023,11,Australia,HARD,2,3
97.389,SAI,2023,44,Bahrain,HARD,3,13
79.379,RUS,2024,34,Monaco,MEDIUM,2,33
95.216,SAI,2023,7,Saudi Arabia,MEDIUM,1,7
100.857,NOR,2023,8,Bahrain,SOFT,1,8
102.168,NOR,2024,1,Bahrain,SOFT,1,4
78.624,RUS,2024,29,Monaco,MEDIUM,2,28
78.328,PIA,2023,35,Monaco,HARD,1,35
78.162,LEC,2023,11,Monaco,HARD,1,11
96.986,NOR,2024,30,Bahrain,HARD,2,17
83.947,DEV,2023,39,Australia,MEDIUM,2,31
80.389,ALB,2024,39,Monaco,HARD,2,38
82.11,VER,2023,21,Australia,HARD,2,13
80.532,PIA,2023,3,Monaco,HARD,1,3
98.01,MAG,2024,21,Bahrain,HARD,2,10
122.304,OCO,2023,1,Australia,SOFT,1,1
86.0,STR,2022,10,Australia,HARD,3,6
92.063,VER,2022,45,Saudi Arabia,HARD,2,29
77.064,ALB,2023,23,Monaco,HARD,2,5
96.957,ALO,2024,31,Bahrain,HARD,2,16
76.172,NOR,2024,68,Monaco,HARD,2,68
97.5,BOT,2023,48,Bahrain,HARD,3,19
86.14,RUS,2022,30,Monza,HARD,2,7
98.747,MAG,2024,10,Bahrain,SOFT,1,10
120.748,NOR,2023,45,Singapore,HARD,2,25
83.314,ZHO,2022,53,Australia,HARD,2,32
80.772,TSU,2024,41,Monaco,HARD,2,41
94.287,PIA,2023,48,Saudi Arabia,HARD,2,47
90.766,BOT,2023,69,Monaco,INTERMEDIATE,2,18
110.0,LAT,2022,12,Monza,MEDIUM,1,12
82.069,STR,2023,31,Australia,HARD,2,23
110.376,BOT,2023,40,Bahrain,HARD,3,11
81.864,ALO,2024,10,Monaco,MEDIUM,2,10
80.246,ALO,2024,23,Monaco,MEDIUM,2,23
92.644,RIC,2022,34,Silverstone,SOFT,4,2
96.992,DEV,2023,5,Saudi Arabia,MEDIUM,1,5
94.541,BOT,2023,12,Silverstone,HARD,1,12
87.391,OCO,2022,44,Monza,HARD,2,25
78.127,LEC,2023,21,Monaco,HARD,1,21
95.796,RUS,2022,13,Monaco,WET,1,13
97.571,RUS,2023,46,Bahrain,HARD,3,15
95.766,STR,2022,10,Silverstone,MEDIUM,2,11
76.387,PER,2023,3,Monaco,HARD,2,2
84.568,GAS,2023,13,Australia,HARD,2,5
85.719,VER,2022,23,Monza,SOFT,1,23
101.455,ALB,2023,29,Singapore,HARD,2,9
92.93,VER,2022,29,Saudi Arabia,HARD,2,13
80.021,BOT,2023,2,Monaco,HARD,1,2
85.687,SAR,2023,47,Australia,HARD,5,18
98.53,PIA,2023,64,Monaco,INTERMEDIATE,2,10
77.372,HAM,2023,29,Monaco,MEDIUM,1,29
97.468,TSU,2024,31,Bahrain,HARD,2,17
98.655,OCO,2024,22,Bahrain,HARD,2,12
92.969,RUS,2022,18,Monaco,WET,1,18
85.902,SAI,2023,24,Monza,HARD,2,5
84.101,TSU,2022,47,Australia,HARD,2,29
81.131,STR,2023,52,Australia,HARD,2,44
98.951,LEC,2022,8,Bahrain,SOFT,1,8
100.043,LEC,2023,57,Singapore,HARD,2,37
101.088,MAG,2024,11,Bahrain,SOFT,1,11
87.466,RIC,2022,11,Monza,MEDIUM,1,11
81.298,GAS,2024,11,Monaco,MEDIUM,2,10
100.029,RUS,2023,17,Singapore,MEDIUM,1,17
98.426,MAG,2022,11,Monaco,WET,1,11
83.254,RUS,2022,35,Australia,HARD,2,12
97.482,ZHO,2024,14,Bahrain,HARD,2,5
85.804,SAR,2023,4,Australia,HARD,3,3
94.829,PER,2023,3,Saudi Arabia,MEDIUM,1,3
99.637,LAT,2022,6,Monaco,HARD,3,4
80.394,TSU,2024,44,Monaco,HARD,2,44
93.28,PER,2023,17,Silverstone,MEDIUM,1,17
94.108,NOR,2022,26,Silverstone,MEDIUM,2,26
79.708,HUL,2023,32,Monaco,HARD,2,31
93.465,SAI,2023,39,Saudi Arabia,HARD,2,24
95.275,SAI,2022,14,Saudi Arabia,MEDIUM,1,14
94.999,OCO,2022,17,Silverstone,SOFT,2,16
78.463,TSU,2023,31,Monaco,MEDIUM,1,31
96.802,RUS,2023,21,Saudi Arabia,HARD,2,3
86.496,ALB,2022,21,Australia,HARD,1,21
99.896,VER,2024,17,Bahrain,SOFT,1,20
81.425,GAS,2023,38,Australia,HARD,2,30
87.243,TSU,2022,21,Monza,HARD,2,3
97.583,MAG,2024,18,Bahrain,HARD,2,7
79.64,RUS,2023,51,Monaco,HARD,1,51
101.41,HUL,2023,57,Singapore,HARD,2,37
82.12,HAM,2023,20,Australia,HARD,2,12
79.702,HAM,2024,52,Monaco,HARD,3,2
100.643,GAS,2023,3,Bahrain,SOFT,1,3
94.814,SAI,2023,25,Saudi Arabia,HARD,2,10
91.286,LEC,2023,41,Silverstone,MEDIUM,3,9
96.202,STR,2024,31,Bahrain,HARD,3,4
77.875,SAR,2023,27,Monaco,SOFT,3,4
94.721,NOR,2022,32,Saudi Arabia,HARD,2,16
81.942,SAI,2023,40,Australia,HARD,3,33
106.71,LAW,2023,34,Monza,MEDIUM,3,4
159.57,LAT,2022,1,Silverstone,SOFT,1,1
97.998,BOT,2024,22,Bahrain,HARD,2,10
83.585,LEC,2022,13,Australia,MEDIUM,1,13
108.214,PIA,2023,1,Bahrain,SOFT,1,1
97.958,MAG,2024,53,Bahrain,HARD,3,21
78.061,STR,2023,20,Monaco,HARD,1,21
140.595,ZHO,2022,20,Saudi Arabia,HARD,2,4
95.385,ALO,2022,29,Saudi Arabia,HARD,2,13
99.772,HAM,2023,60,Singapore,MEDIUM,3,16
93.675,MAG,2022,26,Silverstone,MEDIUM,3,4
110.649,PER,2023,3,Australia,HARD,3,1
86.866,ZHO,2023,17,Monza,HARD,2,9
97.359,TSU,2024,18,Bahrain,HARD,2,4
98.271,LEC,2024,1,Bahrain,SOFT,1,4
90.664,TSU,2023,10,Australia,HARD,2,2
97.26,NOR,2023,29,Bahrain,MEDIUM,4,2
82.435,NOR,2022,53,Australia,HARD,2,33
85.77,TSU,2024,54,Monaco,HARD,2,54
81.375,ZHO,2024,53,Monaco,HARD,2,52
75.245,HAM,2024,76,Monaco,HARD,3,26
87.322,MSC,2022,16,Monza,MEDIUM,1,16
79.361,GAS,2024,35,Monaco,MEDIUM,2,34
114.06,SAR,2023,1,Singapore,MEDIUM,1,1
98.183,SAI,2024,8,Bahrain,SOFT,1,11
78.001,PIA,2023,48,Monaco,HARD,1,48
92.233,ALO,2022,37,Silverstone,HARD,3,4
103.09,LEC,2022,40,Australia,HARD,2,18
97.659,PER,2023,19,Bahrain,SOFT,2,4
77.711,HAM,2023,37,Monaco,HARD,2,6
94.499,VER,2023,15,Saudi Arabia,MEDIUM,1,15
98.293,MAG,2024,23,Bahrain,HARD,2,12
100.464,MAG,2023,32,Singapore,HARD,2,12
86.935,ZHO,2023,36,Monza,MEDIUM,3,3
77.09,OCO,2023,49,Monaco,HARD,2,17
82.928,OCO,2022,44,Australia,HARD,2,27
93.407,PER,2022,28,Saudi Arabia,HARD,2,13
78.811,RUS,2024,30,Monaco,MEDIUM,2,29
100.642,LAW,2023,13,Singapore,MEDIUM,1,13
78.328,PIA,2023,35,Monaco,HARD,1,35
128.743,STR,2022,3,Australia,HARD,1,4
82.699,STR,2023,23,Australia,HARD,2,15
99.14,PIA,2023,57,Singapore,HARD,2,37
77.111,RUS,2023,36,Monaco,HARD,1,36
97.342,ALO,2024,21,Bahrain,HARD,2,6
79.328,DEV,2023,34,Monaco,MEDIUM,1,34
80.979,PER,2023,42,Australia,HARD,4,35
93.058,RIC,2022,41,Silverstone,SOFT,5,3
130.806,MSC,2022,2,Monaco,WET,1,2
84.004,TSU,2023,16,Australia,HARD,2,8
96.796,LEC,2024,22,Bahrain,HARD,2,11
98.643,RUS,2023,24,Bahrain,HARD,2,11
94.361,VET,2022,29,Silverstone,MEDIUM,3,25
100.42,RUS,2023,9,Bahrain,SOFT,1,12
87.459,SAR,2023,9,Monza,MEDIUM,1,12
105.228,PER,2023,22,Monza,HARD,2,1
87.375,GAS,2023,50,Monza,MEDIUM,3,19
99.485,GAS,2022,25,Bahrain,MEDIUM,2,11
99.296,DEV,2023,22,Bahrain,HARD,2,11
96.774,BOT,2022,15,Saudi Arabia,MEDIUM,1,15
92.74,MSC,2022,51,Silverstone,SOFT,4,12
96.228,NOR,2023,15,Saudi Arabia,HARD,2,13
98.092,BOT,2023,50,Singapore,MEDIUM,2,10
98.37,HUL,2024,10,Bahrain,HARD,2,9
87.33,GAS,2022,22,Monza,HARD,2,5
97.008,PIA,2024,25,Bahrain,HARD,2,13
96.878,ALB,2023,14,Saudi Arabia,MEDIUM,1,14
81.403,VER,2023,37,Australia,HARD,2,29
78.636,PIA,2024,24,Monaco,HARD,2,24
99.464,SAR,2024,7,Bahrain,SOFT,1,7
95.426,NOR,2022,4,Silverstone,MEDIUM,2,4
95.513,TSU,2023,26,Saudi Arabia,HARD,2,9
98.53,PIA,2023,64,Monaco,INTERMEDIATE,2,10
83.854,PIA,2023,22,Australia,HARD,2,14
77.156,STR,2024,58,Monaco,SOFT,4,10
96.024,PIA,2024,52,Bahrain,HARD,3,18
85.914,VER,2023,25,Monza,HARD,2,5
94.329,SAR,2023,13,Silverstone,MEDIUM,1,13
94.488,VER,2022,30,Silverstone,HARD,4,7
93.718,HAM,2023,5,Silverstone,MEDIUM,1,5
83.478,PIA,2023,25,Australia,HARD,2,17
97.577,ALB,2023,46,Bahrain,SOFT,4,6
96.285,NOR,2023,12,Saudi Arabia,HARD,2,10
100.237,PIA,2023,33,Singapore,HARD,2,13
76.355,HAM,2024,78,Monaco,HARD,3,28
78.863,ALB,2024,51,Monaco,HARD,2,50
78.637,ALO,2024,66,Monaco,MEDIUM,2,66
82.512,PIA,2023,39,Australia,HARD,2,31
92.714,NOR,2023,28,Silverstone,MEDIUM,1,28
87.585,HAM,2023,17,Monza,HARD,1,20
98.625,RUS,2023,27,Bahrain,HARD,2,14
77.979,SAI,2023,36,Monaco,MEDIUM,2,3
102.186,NOR,2022,23,Bahrain,MEDIUM,1,23
99.586,SAR,2023,62,Monaco,INTERMEDIATE,4,10
81.764,DEV,2023,2,Monaco,MEDIUM,1,2
95.306,VER,2023,11,Saudi Arabia,MEDIUM,1,11
77.709,RUS,2023,24,Monaco,HARD,1,24
79.862,HAM,2024,26,Monaco,MEDIUM,2,25
87.093,GAS,2022,34,Monza,HARD,2,17
96.412,BOT,2023,25,Saudi Arabia,MEDIUM,3,8
77.372,SAR,2023,36,Monaco,SOFT,3,13
97.103,DEV,2023,23,Saudi Arabia,HARD,2,6
85.257,LEC,2022,14,Monza,MEDIUM,2,2
96.558,PER,2023,57,Bahrain,HARD,3,23
94.213,STR,2023,14,Silverstone,MEDIUM,1,15
93.418,TSU,2023,27,Silverstone,HARD,2,13
114.147,BOT,2023,2,Australia,HARD,2,1
78.035,TSU,2024,59,Monaco,HARD,2,59
101.12,STR,2023,13,Bahrain,SOFT,1,16
93.539,VER,2022,6,Silverstone,MEDIUM,2,5
91.921,SAR,2023,68,Monaco,INTERMEDIATE,4,16
83.306,VER,2022,38,Australia,HARD,2,20
97.765,BOT,2024,17,Bahrain,HARD,2,5
130.688,ALB,2023,19,Saudi Arabia,HARD,2,2
78.762,SAI,2024,44,Monaco,HARD,2,43
103.996,MAG,2022,5,Monaco,WET,1,5
84.061,LEC,2022,19,Australia,MEDIUM,1,19
89.846,BOT,2022,2,Monza,MEDIUM,1,2
86.061,LEC,2023,25,Monza,HARD,2,5
96.654,PIA,2023,13,Saudi Arabia,HARD,2,12
104.635,ALB,2023,17,Saudi Arabia,MEDIUM,1,17
90.26,HUL,2023,76,Monaco,WET,4,17
92.442,HAM,2022,29,Silverstone,MEDIUM,2,28
92.272,VER,2023,23,Silverstone,MEDIUM,1,23
85.377,BOT,2022,35,Australia,HARD,2,13
77.742,SAI,2024,54,Monaco,HARD,2,53
120.329,MSC,2022,3,Silverstone,MEDIUM,2,2
81.679,SAR,2024,9,Monaco,HARD,2,9
97.584,MAG,2024,56,Bahrain,HARD,3,24
98.512,RUS,2023,19,Bahrain,HARD,2,6
97.08,SAI,2024,3,Bahrain,SOFT,1,6
98.568,GAS,2023,47,Singapore,HARD,2,27
83.052,PER,2023,13,Australia,HARD,4,6
141.488,NOR,2023,38,Silverstone,HARD,2,5
84.528,BOT,2023,27,Australia,HARD,3,26
98.273,STR,2023,21,Bahrain,HARD,2,6
95.066,ALO,2023,54,Australia,HARD,2,46
100.644,HUL,2023,34,Singapore,HARD,2,14
94.715,MAG,2023,10,Silverstone,MEDIUM,1,10
98.782,RIC,2024,10,Bahrain,SOFT,1,13
96.649,RUS,2023,48,Singapore,MEDIUM,3,4
105.612,BOT,2023,1,Saudi Arabia,MEDIUM,1,1
79.398,DEV,2023,21,Monaco,MEDIUM,1,21
96.226,OCO,2024,34,Bahrain,HARD,3,4
78.219,LEC,2023,10,Monaco,HARD,1,10
106.854,PIA,2023,24,Monza,HARD,2,6
95.613,HUL,2022,35,Saudi Arabia,HARD,1,36
95.213,RIC,2022,18,Monaco,WET,1,18
124.016,PER,2022,49,Monza,SOFT,3,7
79.083,RIC,2022,49,Monaco,HARD,3,30
79.61,ZHO,2024,44,Monaco,HARD,2,43
95.325,BOT,2023,42,Saudi Arabia,SOFT,4,7
110.776,MAG,2023,54,Monaco,HARD,1,54
118.063,SAR,2023,57,Monaco,INTERMEDIATE,4,5
100.754,TSU,2022,7,Bahrain,SOFT,1,7
81.695,SAI,2023,36,Australia,HARD,3,29
86.976,MAG,2022,32,Monza,HARD,2,8
98.029,RIC,2024,26,Bahrain,HARD,2,13
80.904,ALO,2023,51,Australia,HARD,2,43
86.603,RIC,2022,39,Monza,HARD,2,20
94.966,HAM,2024,38,Bahrain,HARD,3,5
97.985,SAI,2023,15,Bahrain,HARD,2,2
92.795,SAI,2022,37,Saudi Arabia,HARD,2,21
95.481,NOR,2023,34,Saudi Arabia,MEDIUM,3,15
97.211,ALB,2023,42,Bahrain,SOFT,4,2
78.045,NOR,2023,43,Monaco,MEDIUM,1,43
78.915,TSU,2022,52,Monaco,MEDIUM,4,23
101.078,SAR,2023,55,Monaco,INTERMEDIATE,4,3
87.078,BOT,2022,27,Australia,HARD,2,5
84.063,ZHO,2022,52,Australia,HARD,2,31
97.542,ALO,2023,16,Bahrain,HARD,2,2
87.818,RIC,2022,3,Monza,MEDIUM,1,3
78.23,HUL,2023,25,Monaco,HARD,2,24
78.511,STR,2024,75,Monaco,SOFT,4,27
82.233,GAS,2024,7,Monaco,MEDIUM,2,6
79.085,ALB,2024,55,Monaco,HARD,2,54
101.313,VER,2023,6,Singapore,HARD,1,6
92.308,PER,2023,43,Saudi Arabia,HARD,2,25
95.322,GAS,2023,24,Saudi Arabia,HARD,2,10
77.279,STR,2024,56,Monaco,SOFT,4,8
81.936,ZHO,2023,46,Australia,HARD,3,45
93.861,SAI,2023,34,Saudi Arabia,HARD,2,19
90.032,HAM,2022,2,Monza,MEDIUM,1,2
75.848,HAM,2024,60,Monaco,HARD,3,10
80.767,SAI,2023,34,Monaco,MEDIUM,2,1
79.379,RUS,2024,34,Monaco,MEDIUM,2,33
124.816,ALB,2022,16,Saudi Arabia,HARD,2,3
100.989,SAR,2024,13,Bahrain,HARD,2,3
80.301,MAG,2023,50,Monaco,HARD,1,50
85.889,BOT,2023,11,Australia,HARD,3,10
117.063,STR,2023,31,Bahrain,HARD,3,1
76.429,NOR,2024,74,Monaco,HARD,2,74
128.102,MAG,2022,6,Australia,HARD,1,6
78.215,NOR,2024,46,Monaco,HARD,2,46
105.721,ALB,2023,55,Monaco,INTERMEDIATE,3,3
78.2,TSU,2023,29,Monaco,MEDIUM,1,29
89.693,DEV,2022,52,Monza,MEDIUM,2,33
97.769,ALO,2023,33,Bahrain,HARD,2,19
76.732,SAI,2023,47,Monaco,MEDIUM,2,14
96.831,LEC,2024,27,Bahrain,HARD,2,16
95.547,ZHO,2023,14,Saudi Arabia,HARD,2,3
94.618,PIA,2023,50,Saudi Arabia,HARD,2,49
84.52,RUS,2022,28,Australia,HARD,2,5
107.212,LEC,2022,38,Saudi Arabia,HARD,2,22
97.028,TSU,2023,43,Bahrain,SOFT,4,6
98.295,STR,2023,23,Bahrain,HARD,2,8
81.87,SAR,2024,42,Monaco,HARD,2,42
132.047,ALB,2022,4,Australia,HARD,1,4
77.092,VER,2022,44,Monaco,MEDIUM,4,14
99.636,ZHO,2022,12,Monaco,WET,1,12
77.876,LEC,2023,31,Monaco,HARD,1,31
87.574,MSC,2022,10,Monza,MEDIUM,1,10
129.623,ALO,2023,18,Saudi Arabia,MEDIUM,1,18
100.441,DEV,2023,48,Bahrain,HARD,3,21
83.962,ALB,2022,45,Australia,HARD,1,45
78.259,SAI,2024,49,Monaco,HARD,2,48
79.453,OCO,2023,51,Monaco,HARD,2,19
97.179,PIA,2024,29,Bahrain,HARD,2,17
81.071,RIC,2024,47,Monaco,HARD,2,47
83.435,MAG,2022,47,Australia,MEDIUM,2,10
128.721,GAS,2023,20,Singapore,MEDIUM,1,20
93.96,GAS,2023,42,Saudi Arabia,HARD,2,28
86.924,STR,2023,30,Monza,HARD,2,14
96.138,HAM,2024,57,Bahrain,HARD,3,24
96.946,VER,2023,21,Saudi Arabia,HARD,2,3
98.361,ALO,2023,19,Bahrain,HARD,2,5
101.942,HUL,2022,13,Bahrain,SOFT,1,13
100.866,ZHO,2023,30,Singapore,MEDIUM,3,10
94.289,GAS,2023,37,Saudi Arabia,HARD,2,23
96.918,VER,2023,48,Bahrain,HARD,3,12
79.346,PIA,2023,9,Monaco,HARD,1,9
101.163,MSC,2022,4,Bahrain,SOFT,1,4
95.955,OCO,2023,10,Saudi Arabia,MEDIUM,1,10
86.06,GAS,2022,17,Australia,MEDIUM,1,17
87.159,MAG,2023,19,Monza,MEDIUM,2,7
94.607,PER,2024,39,Bahrain,SOFT,3,3
78.541,LEC,2024,45,Monaco,HARD,2,44
95.058,NOR,2022,9,Silverstone,MEDIUM,2,9
97.053,ALB,2023,8,Saudi Arabia,MEDIUM,1,8
111.203,ZHO,2022,47,Monza,HARD,2,29
92.637,PER,2023,41,Saudi Arabia,HARD,2,23
77.447,LEC,2022,40,Monaco,HARD,4,19
78.062,STR,2024,47,Monaco,HARD,3,7
78.473,ALO,2024,70,Monaco,MEDIUM,2,70
106.026,DEV,2023,57,Monaco,INTERMEDIATE,2,4
98.407,ALO,2023,21,Bahrain,HARD,2,7
95.821,STR,2024,32,Bahrain,HARD,3,5
92.295,VER,2023,20,Silverstone,MEDIUM,1,20
102.581,ALO,2023,57,Monaco,INTERMEDIATE,3,2
80.347,ZHO,2024,24,Monaco,HARD,2,23
92.726,PER,2023,24,Silverstone,MEDIUM,1,24
93.12,HAM,2023,17,Silverstone,MEDIUM,1,17
100.808,BOT,2023,35,Singapore,HARD,1,35
82.502,STR,2023,26,Australia,HARD,2,18
95.085,LAT,2022,34,Silverstone,MEDIUM,3,15
82.397,HUL,2023,31,Australia,HARD,2,23
85.969,PER,2022,17,Monza,HARD,2,10
85.165,NOR,2022,8,Australia,MEDIUM,1,8
82.391,BOT,2023,45,Australia,HARD,3,44
87.449,GAS,2022,11,Monza,MEDIUM,1,11
83.758,SAR,2023,27,Australia,MEDIUM,4,19
96.014,DEV,2023,13,Saudi Arabia,MEDIUM,1,13
101.007,MAG,2023,19,Singapore,MEDIUM,1,19
97.077,HUL,2023,49,Bahrain,SOFT,4,12
103.339,MSC,2022,5,Monaco,INTERMEDIATE,2,1
94.943,ALO,2022,28,Saudi Arabia,HARD,2,12
95.319,DEV,2023,41,Saudi Arabia,HARD,2,24
95.461,TSU,2022,18,Monaco,INTERMEDIATE,2,12
101.532,SAR,2023,11,Bahrain,SOFT,1,11
85.512,VER,2022,5,Monza,SOFT,1,5
80.816,HAM,2023,47,Australia,HARD,2,39
89.037,GAS,2023,10,Australia,HARD,2,2
98.16,BOT,2023,56,Bahrain,HARD,3,27
93.688,RUS,2023,29,Saudi Arabia,HARD,2,11
82.484,MAG,2023,39,Australia,HARD,3,32
92.339,MSC,2022,49,Silverstone,SOFT,4,10
96.569,BOT,2024,43,Bahrain,HARD,3,13
97.599,ALO,2023,54,Bahrain,HARD,3,20
83.079,RUS,2023,15,Australia,HARD,3,8
102.227,TSU,2023,26,Bahrain,HARD,2,16
77.065,VER,2023,14,Monaco,MEDIUM,1,14
82.002,VER,2023,30,Australia,HARD,2,22
81.807,PER,2023,33,Australia,HARD,4,26
96.629,GAS,2024,37,Bahrain,HARD,3,6
81.249,TSU,2024,14,Monaco,HARD,2,14
80.561,ZHO,2023,13,Monaco,HARD,2,12
94.383,NOR,2022,13,Silverstone,MEDIUM,2,13
78.951,PIA,2024,40,Monaco,HARD,2,40
78.338,TSU,2023,39,Monaco,MEDIUM,1,39
96.83,MAG,2022,3,Saudi Arabia,HARD,1,5
79.122,RUS,2024,32,Monaco,MEDIUM,2,31
109.266,BOT,2022,3,Monaco,WET,1,3
98.983,SAR,2023,53,Singapore,MEDIUM,3,10
92.65,HAM,2022,23,Silverstone,MEDIUM,2,22
82.563,BOT,2023,43,Australia,HARD,3,42
77.344,PIA,2024,58,Monaco,HARD,2,58
93.267,PIA,2023,15,Silverstone,MEDIUM,1,15
80.777,VET,2022,39,Monaco,HARD,4,17
126.905,NOR,2023,48,Bahrain,SOFT,6,5
98.497,TSU,2023,65,Monaco,INTERMEDIATE,2,12
101.963,STR,2022,5,Monaco,INTERMEDIATE,3,3
79.553,TSU,2024,50,Monaco,HARD,2,50
78.69,ALB,2024,58,Monaco,HARD,2,57
101.065,ALB,2023,35,Singapore,HARD,2,15
98.76,TSU,2022,18,Bahrain,MEDIUM,2,3
81.03,LEC,2024,8,Monaco,HARD,2,7
77.102,GAS,2023,39,Monaco,HARD,1,39
103.169,BOT,2023,7,Australia,HARD,2,6
98.517,HAM,2023,47,Bahrain,HARD,3,17
143.993,VER,2022,52,Monza,SOFT,3,4
78.258,TSU,2024,71,Monaco,HARD,2,71
84.131,DEV,2023,38,Australia,MEDIUM,2,30
97.589,RUS,2023,52,Bahrain,HARD,3,21
97.503,ALB,2023,45,Bahrain,SOFT,4,5
77.131,ALB,2023,21,Monaco,HARD,2,3
80.203,STR,2023,15,Monaco,HARD,1,16
83.585,OCO,2023,23,Australia,HARD,3,22
85.721,STR,2022,28,Australia,HARD,4,9
92.06,LEC,2022,27,Silverstone,HARD,3,2
81.953,LEC,2022,44,Australia,HARD,2,22
120.495,VER,2023,41,Bahrain,HARD,3,5
97.897,PIA,2024,4,Bahrain,SOFT,1,7
99.49,BOT,2023,25,Bahrain,HARD,2,14
93.71,VET,2022,38,Silverstone,MEDIUM,3,34
98.096,SAI,2023,20,Bahrain,HARD,2,7
93.879,NOR,2022,23,Silverstone,MEDIUM,2,23
81.425,GAS,2023,38,Australia,HARD,2,30
80.099,TSU,2024,15,Monaco,HARD,2,15
86.982,PIA,2023,3,Monza,MEDIUM,1,3
101.539,MAG,2023,3,Singapore,MEDIUM,1,3
101.37,PIA,2023,4,Singapore,MEDIUM,1,4
137.713,ZHO,2023,18,Saudi Arabia,HARD,2,7
95.14,ALO,2023,3,Saudi Arabia,MEDIUM,1,3
134.215,OCO,2023,19,Saudi Arabia,HARD,2,3
101.036,LAT,2022,22,Bahrain,SOFT,2,8
95.842,SAI,2023,11,Saudi Arabia,MEDIUM,1,11
77.023,SAI,2023,40,Monaco,MEDIUM,2,7
84.684,SAI,2022,45,Monza,SOFT,2,15
95.892,HUL,2023,13,Saudi Arabia,HARD,2,2
80.279,LEC,2024,17,Monaco,HARD,2,16
108.483,PER,2023,18,Australia,HARD,4,11
103.044,HUL,2023,24,Singapore,HARD,2,4
92.633,SAR,2023,10,Australia,MEDIUM,4,2
89.806,PER,2023,1,Monza,MEDIUM,1,1
100.957,HAM,2023,24,Singapore,HARD,2,4
83.447,OCO,2023,16,Australia,HARD,3,15
78.73,ALO,2022,46,Monaco,MEDIUM,3,16
94.002,RUS,2022,31,Saudi Arabia,HARD,2,15
97.264,HAM,2024,15,Bahrain,HARD,2,3
79.065,PIA,2023,21,Monaco,HARD,1,21
99.32,PER,2023,53,Singapore,MEDIUM,2,14
93.722,STR,2022,37,Silverstone,HARD,3,23
87.651,ZHO,2022,9,Monza,MEDIUM,1,9
99.832,ALB,2023,25,Bahrain,SOFT,2,14
87.005,BOT,2023,48,Monza,MEDIUM,2,26
94.277,PER,2023,7,Saudi Arabia,MEDIUM,1,7
83.499,SAR,2023,14,Australia,MEDIUM,4,6
88.013,NOR,2022,15,Monza,MEDIUM,1,15
80.636,GAS,2023,2,Monaco,HARD,1,2
102.603,HUL,2022,11,Bahrain,SOFT,1,11
102.678,LAT,2022,10,Bahrain,SOFT,1,10
95.477,VER,2024,28,Bahrain,HARD,2,11
92.26,PER,2022,47,Saudi Arabia,HARD,2,32
78.76,STR,2023,37,Monaco,HARD,1,38
103.359,RIC,2022,33,Bahrain,SOFT,2,16
78.024,BOT,2023,21,Monaco,HARD,1,21
95.478,HUL,2023,34,Saudi Arabia,HARD,2,23
97.571,VER,2023,29,Bahrain,SOFT,2,15
88.838,GAS,2022,40,Australia,HARD,2,19
103.948,ALB,2023,11,Bahrain,SOFT,1,11
97.015,VER,2023,45,Bahrain,HARD,3,9
87.478,DEV,2022,31,Monza,MEDIUM,2,12
87.317,RIC,2022,31,Monza,HARD,2,12
93.464,PER,2023,23,Saudi Arabia,HARD,2,5
99.452,GAS,2024,9,Bahrain,SOFT,1,9
78.259,PIA,2023,33,Monaco,HARD,1,33
91.843,LAW,2023,33,Monza,HARD,2,23
95.083,MSC,2022,7,Silverstone,MEDIUM,2,6
82.361,BOT,2022,55,Australia,HARD,2,33
79.07,DEV,2023,11,Monaco,MEDIUM,1,11
95.8,PIA,2024,51,Bahrain,HARD,3,17
119.322,OCO,2024,31,Bahrain,HARD,3,1
144.318,HUL,2022,38,Saudi Arabia,MEDIUM,2,2
99.834,SAR,2023,25,Bahrain,SOFT,2,13
76.73,PER,2022,44,Monaco,MEDIUM,4,14
91.571,MSC,2022,52,Monza,SOFT,2,19
92.205,PER,2022,42,Saudi Arabia,HARD,2,27
79.046,SAI,2024,61,Monaco,HARD,2,60
100.143,ALB,2023,3,Bahrain,SOFT,1,3
81.508,OCO,2023,46,Australia,HARD,3,45
81.331,DEV,2023,51,Australia,SOFT,3,6
78.869,PIA,2023,7,Monaco,HARD,1,7
86.523,SAI,2022,15,Monza,MEDIUM,1,15
115.874,ZHO,2023,12,Saudi Arabia,HARD,2,1
99.482,RUS,2023,43,Singapore,HARD,2,23
97.431,VER,2023,31,Bahrain,SOFT,2,17
100.952,TSU,2023,7,Bahrain,SOFT,1,7
100.78,SAI,2023,62,Monaco,INTERMEDIATE,3,7
100.353,ALO,2023,34,Bahrain,HARD,2,20
83.078,GAS,2023,15,Australia,HARD,2,7
101.313,TSU,2022,11,Bahrain,SOFT,1,11
76.607,LEC,2024,65,Monaco,HARD,2,64
84.793,LEC,2022,44,Monza,SOFT,3,11
96.028,GAS,2022,23,Saudi Arabia,HARD,2,8
92.388,VER,2023,31,Silverstone,MEDIUM,1,31
78.947,SAI,2023,12,Monaco,HARD,1,12
79.07,DEV,2023,11,Monaco,MEDIUM,1,11
120.175,VER,2022,27,Monaco,HARD,3,5
97.326,ALO,2023,47,Bahrain,HARD,3,13
97.009,VER,2023,47,Bahrain,HARD,3,11
98.083,TSU,2024,27,Bahrain,HARD,2,13
86.806,BOT,2023,46,Monza,MEDIUM,2,24
103.925,MAG,2023,68,Monaco,WET,2,12
103.473,LEC,2023,58,Monaco,INTERMEDIATE,3,3
81.681,VER,2023,35,Australia,HARD,2,27
81.628,ALB,2024,36,Monaco,HARD,2,35
128.698,MAG,2022,39,Silverstone,MEDIUM,3,17
97.168,STR,2023,34,Bahrain,HARD,3,4
143.704,PIA,2023,20,Saudi Arabia,HARD,2,19
101.794,ZHO,2023,60,Singapore,MEDIUM,3,40
96.234,PER,2022,1,Monza,MEDIUM,1,1
81.675,OCO,2023,41,Australia,HARD,3,40
102.861,HAM,2023,4,Singapore,MEDIUM,1,4
98.71,STR,2023,29,Bahrain,HARD,2,14
85.082,NOR,2022,42,Monza,SOFT,2,9
94.935,HAM,2024,43,Bahrain,HARD,3,10
87.251,STR,2022,12,Australia,HARD,3,8
83.998,LAT,2022,52,Australia,HARD,3,29
84.878,TSU,2023,11,Australia,HARD,2,3
97.298,STR,2023,42,Bahrain,HARD,3,12
95.721,NOR,2023,9,Saudi Arabia,HARD,2,7
94.415,SAI,2023,26,Saudi Arabia,HARD,2,11
77.081,PER,2022,38,Monaco,MEDIUM,4,8
92.501,OCO,2023,69,Monaco,INTERMEDIATE,3,15
78.549,HAM,2024,27,Monaco,MEDIUM,2,26
80.527,GAS,2022,39,Monaco,HARD,4,17
78.75,DEV,2023,38,Monaco,MEDIUM,1,38
97.803,ALB,2023,55,Bahrain,SOFT,4,15
82.115,GAS,2023,27,Australia,HARD,2,19
97.662,BOT,2024,19,Bahrain,HARD,2,7
97.168,VER,2024,16,Bahrain,SOFT,1,19
97.431,VER,2023,31,Bahrain,SOFT,2,17
91.342,VER,2023,45,Silverstone,SOFT,2,15
102.605,RIC,2022,38,Silverstone,SOFT,4,6
97.11,SAR,2023,22,Saudi Arabia,MEDIUM,2,4
77.404,RUS,2023,31,Monaco,HARD,1,31
79.935,LEC,2024,30,Monaco,HARD,2,29
96.156,ALO,2023,36,Bahrain,HARD,3,2
98.893,NOR,2023,62,Monaco,INTERMEDIATE,3,8
78.32,RUS,2023,20,Monaco,HARD,1,20
95.921,HUL,2024,52,Bahrain,SOFT,4,12
82.083,PER,2023,33,Monaco,HARD,2,32
94.309,HUL,2022,45,Saudi Arabia,MEDIUM,2,9
96.454,MAG,2024,47,Bahrain,HARD,3,15
77.339,RUS,2023,39,Monaco,HARD,1,39
79.004,DEV,2023,16,Monaco,MEDIUM,1,16
104.349,MAG,2024,1,Bahrain,SOFT,1,1
86.105,ALO,2023,43,Monza,HARD,2,25
78.625,SAR,2023,42,Monaco,SOFT,3,19
86.385,PER,2023,50,Monza,HARD,2,29
97.387,PER,2023,27,Bahrain,SOFT,2,12
117.276,MSC,2022,20,Silverstone,HARD,3,1
95.391,ZHO,2023,37,Saudi Arabia,MEDIUM,3,19
86.962,RUS,2023,13,Monza,MEDIUM,1,13
92.85,RUS,2023,21,Silverstone,SOFT,1,24
95.306,VER,2023,11,Saudi Arabia,MEDIUM,1,11
99.061,TSU,2023,16,Bahrain,HARD,2,6
76.671,NOR,2024,76,Monaco,HARD,2,76
137.237,ALO,2022,3,Silverstone,MEDIUM,2,2
96.297,VER,2023,38,Bahrain,HARD,3,2
87.245,PER,2023,11,Monza,MEDIUM,1,11
106.859,PIA,2023,18,Australia,HARD,2,10
83.612,TSU,2023,25,Australia,HARD,2,17
81.248,PIA,2023,49,Monaco,HARD,1,49
100.398,MAG,2023,59,Singapore,SOFT,3,19
77.956,TSU,2023,46,Monaco,MEDIUM,1,46
96.645,SAR,2023,12,Saudi Arabia,HARD,1,12
78.921,RUS,2022,58,Monaco,MEDIUM,3,28
78.746,HAM,2024,33,Monaco,MEDIUM,2,32
80.301,MAG,2023,50,Monaco,HARD,1,50
79.812,ZHO,2022,56,Monaco,MEDIUM,3,27
95.642,RIC,2022,6,Silverstone,MEDIUM,2,6
99.747,LEC,2023,35,Singapore,HARD,2,15
79.925,GAS,2022,45,Monaco,HARD,4,23
81.674,NOR,2023,41,Australia,HARD,2,33
93.364,PER,2023,10,Silverstone,MEDIUM,1,10
92.721,NOR,2023,24,Silverstone,MEDIUM,1,24
85.663,LEC,2023,28,Monza,HARD,2,8
88.038,DEV,2023,77,Monaco,INTERMEDIATE,2,24
94.923,VER,2024,57,Bahrain,SOFT,3,20
98.121,DEV,2023,29,Bahrain,HARD,3,2
88.043,BOT,2022,8,Monza,MEDIUM,1,8
100.043,OCO,2023,31,Singapore,HARD,2,11
98.368,ZHO,2023,39,Bahrain,SOFT,3,10
92.94,VER,2023,26,Saudi Arabia,HARD,2,8
96.266,OCO,2023,12,Saudi Arabia,MEDIUM,1,12
98.081,PIA,2023,19,Australia,HARD,2,11
83.376,HAM,2024,4,Monaco,MEDIUM,2,3
86.067,PIA,2023,48,Monza,MEDIUM,3,10
79.464,STR,2024,29,Monaco,MEDIUM,2,29
99.709,MAG,2022,1,Australia,HARD,1,1
81.766,RUS,2022,54,Australia,HARD,2,31
86.165,PER,2022,36,Monza,HARD,2,29
78.502,TSU,2024,56,Monaco,HARD,2,56
98.649,MAG,2023,21,Saudi Arabia,HARD,2,13
80.912,BOT,2024,43,Monaco,HARD,3,29
82.563,BOT,2023,43,Australia,HARD,3,42
94.115,VER,2023,23,Saudi Arabia,HARD,2,5
93.609,DEV,2023,49,Saudi Arabia,HARD,2,32
85.959,NOR,2023,72,Monaco,INTERMEDIATE,3,18
97.648,VER,2023,17,Bahrain,SOFT,2,3
93.226,HAM,2022,14,Silverstone,MEDIUM,2,13
100.341,ALO,2023,13,Bahrain,SOFT,1,16
80.219,SAR,2023,3,Monaco,MEDIUM,1,3
98.496,LEC,2023,48,Singapore,HARD,2,28
99.65,BOT,2022,32,Bahrain,MEDIUM,2,18
100.818,GAS,2023,5,Bahrain,SOFT,1,5
86.923,LEC,2023,75,Monaco,INTERMEDIATE,3,20
85.678,RUS,2022,25,Monza,HARD,2,2
80.636,ALO,2024,51,Monaco,MEDIUM,2,51
95.839,TSU,2023,12,Saudi Arabia,MEDIUM,1,12
97.961,ALB,2023,34,Bahrain,HARD,3,8
86.589,SAI,2023,43,Monza,HARD,2,24
79.784,ZHO,2022,44,Monaco,MEDIUM,3,15
82.739,SAR,2024,6,Monaco,HARD,2,6
78.86,HAM,2024,34,Monaco,MEDIUM,2,33
100.638,ALO,2023,60,Monaco,INTERMEDIATE,3,5
139.823,HAM,2022,17,Saudi Arabia,HARD,1,18
98.946,VER,2023,54,Monaco,MEDIUM,1,54
92.664,NOR,2022,48,Silverstone,SOFT,4,8
78.254,HAM,2023,17,Monaco,MEDIUM,1,17
97.456,SAR,2023,52,Bahrain,SOFT,4,12
101.261,GAS,2023,38,Singapore,HARD,2,18
79.335,TSU,2023,25,Monaco,MEDIUM,1,25
101.279,TSU,2022,30,Monaco,MEDIUM,4,1
126.318,HAM,2022,47,Bahrain,SOFT,4,6
99.1,ALO,2023,3,Bahrain,SOFT,1,6
118.19,PER,2023,1,Monaco,MEDIUM,1,1
84.676,SAR,2023,16,Australia,MEDIUM,4,8
78.767,ALB,2023,44,Monaco,HARD,2,26
99.58,SAR,2024,8,Bahrain,SOFT,1,8
87.761,STR,2022,31,Monza,HARD,2,14
101.817,BOT,2022,5,Bahrain,SOFT,1,8
77.99,GAS,2023,17,Monaco,HARD,1,17
99.198,HAM,2023,4,Bahrain,SOFT,1,7
96.056,SAI,2023,10,Saudi Arabia,MEDIUM,1,10
81.048,GAS,2024,43,Monaco,MEDIUM,2,42
78.88,VER,2024,50,Monaco,MEDIUM,2,49
100.643,PER,2023,10,Singapore,HARD,1,10
86.539,PER,2023,42,Monza,HARD,2,21
95.715,SAR,2024,30,Bahrain,HARD,3,2
94.698,OCO,2023,34,Saudi Arabia,HARD,2,18
81.127,ZHO,2024,41,Monaco,HARD,2,40
93.175,MAG,2022,44,Saudi Arabia,MEDIUM,2,9
77.886,LEC,2023,22,Monaco,HARD,1,22
84.624,LEC,2024,3,Monaco,HARD,2,2
106.475,TSU,2023,18,Australia,HARD,2,10
97.589,MAG,2023,46,Bahrain,SOFT,4,6
94.22,DEV,2023,43,Saudi Arabia,HARD,2,26
97.858,LEC,2023,19,Bahrain,HARD,2,6
96.321,STR,2023,53,Monaco,INTERMEDIATE,2,2
99.745,STR,2023,4,Bahrain,SOFT,1,7
86.907,ALB,2023,45,Monza,HARD,2,33
120.695,RUS,2022,47,Bahrain,SOFT,4,4
81.103,GAS,2023,43,Australia,HARD,2,35
83.771,ALO,2022,41,Australia,MEDIUM,2,2
95.722,RUS,2022,8,Saudi Arabia,MEDIUM,1,8
96.862,LEC,2024,2,Bahrain,SOFT,1,5
98.031,LEC,2023,21,Saudi Arabia,HARD,2,5
93.123,VER,2023,38,Saudi Arabia,HARD,2,20
103.808,HUL,2023,53,Singapore,HARD,2,33
98.133,GAS,2023,37,Bahrain,HARD,3,12
93.69,RUS,2022,34,Saudi Arabia,HARD,2,18
99.729,ALO,2023,7,Bahrain,SOFT,1,10
77.799,GAS,2024,70,Monaco,MEDIUM,2,69
93.243,RUS,2023,44,Saudi Arabia,HARD,2,26
95.507,RIC,2024,46,Bahrain,SOFT,3,11
98.481,SAR,2024,2,Bahrain,SOFT,1,2
81.677,VER,2022,37,Australia,HARD,2,19
99.873,DEV,2023,42,Bahrain,HARD,3,15
93.605,VET,2022,43,Silverstone,MEDIUM,4,6
97.022,ALO,2023,44,Bahrain,HARD,3,10
78.66,ZHO,2023,46,Monaco,HARD,2,45
124.847,NOR,2023,55,Bahrain,SOFT,7,7
78.461,HAM,2024,50,Monaco,MEDIUM,2,49
119.341,ALB,2024,16,Bahrain,HARD,2,1
102.573,ZHO,2023,64,Monaco,INTERMEDIATE,3,12
95.863,VER,2024,33,Bahrain,HARD,2,16
99.757,OCO,2023,30,Bahrain,HARD,3,18
116.64,STR,2024,28,Bahrain,HARD,3,1
80.977,ALB,2023,2,Monaco,MEDIUM,1,2
100.03,MAG,2023,31,Singapore,HARD,2,11
98.548,GAS,2023,48,Singapore,HARD,2,28
123.952,DEV,2023,3,Australia,HARD,1,3
92.06,HUL,2023,48,Silverstone,SOFT,3,16
93.841,OCO,2023,44,Saudi Arabia,HARD,2,28
130.457,ZHO,2023,54,Australia,HARD,3,53
89.262,NOR,2022,23,Monaco,HARD,3,1
100.558,OCO,2022,6,Bahrain,SOFT,1,6
85.02,NOR,2022,17,Australia,MEDIUM,1,17
99.175,STR,2023,54,Australia,HARD,2,46
96.144,SAR,2023,38,Saudi Arabia,MEDIUM,2,20
93.392,GAS,2023,50,Saudi Arabia,HARD,2,36
95.433,SAI,2023,5,Saudi Arabia,MEDIUM,1,5
81.439,ALB,2024,30,Monaco,HARD,2,29
98.291,NOR,2023,23,Bahrain,SOFT,3,9
96.221,SAI,2024,26,Bahrain,HARD,2,12
77.318,SAI,2023,27,Monaco,HARD,1,27
99.061,TSU,2023,16,Bahrain,HARD,2,6
100.952,TSU,2023,7,Bahrain,SOFT,1,7
101.309,ALB,2023,27,Singapore,HARD,2,7
98.183,HAM,2024,6,Bahrain,SOFT,1,9
98.859,GAS,2023,14,Bahrain,HARD,2,5
83.963,OCO,2023,6,Australia,HARD,2,5
95.214,LEC,2022,14,Saudi Arabia,MEDIUM,1,14
78.568,NOR,2023,30,Monaco,MEDIUM,1,30
98.69,HAM,2023,18,Bahrain,HARD,2,6
95.167,HUL,2024,50,Bahrain,SOFT,4,10
97.853,LEC,2022,2,Bahrain,SOFT,1,2
74.813,SAI,2024,64,Monaco,HARD,2,63
98.205,HAM,2022,43,Bahrain,MEDIUM,3,16
98.308,HAM,2023,14,Bahrain,HARD,2,2
78.973,LEC,2024,25,Monaco,HARD,2,24
97.387,VER,2023,24,Bahrain,SOFT,2,10
103.888,ALB,2024,1,Bahrain,SOFT,1,1
95.479,HAM,2024,52,Bahrain,HARD,3,19
94.592,PER,2024,45,Bahrain,SOFT,3,9
95.001,SAR,2024,43,Bahrain,SOFT,4,3
100.056,RUS,2023,7,Bahrain,SOFT,1,10
98.047,ALB,2023,47,Singapore,MEDIUM,3,4
96.884,PIA,2024,24,Bahrain,HARD,2,12
86.266,LEC,2022,10,Monza,SOFT,1,10
78.126,ALO,2024,67,Monaco,MEDIUM,2,67
97.599,OCO,2024,12,Bahrain,HARD,2,2
93.304,VER,2022,26,Saudi Arabia,HARD,2,10
105.539,RUS,2022,39,Australia,HARD,2,16
93.384,LEC,2023,42,Saudi Arabia,HARD,2,26
101.125,DEV,2023,6,Bahrain,SOFT,1,6
81.74,VER,2024,9,Monaco,MEDIUM,2,8
88.241,ALB,2023,74,Monaco,INTERMEDIATE,3,22
102.841,STR,2023,15,Bahrain,SOFT,1,18
97.54,GAS,2022,35,Bahrain,HARD,3,3
97.584,MAG,2024,56,Bahrain,HARD,3,24
88.284,ALO,2023,20,Monza,MEDIUM,1,20
96.153,BOT,2023,16,Saudi Arabia,HARD,2,7
103.75,VER,2023,19,Australia,HARD,2,11
100.261,ALO,2024,41,Bahrain,HARD,2,26
76.64,PIA,2024,66,Monaco,HARD,2,66
96.73,NOR,2024,25,Bahrain,HARD,2,12
96.341,ALO,2022,10,Saudi Arabia,MEDIUM,1,10
80.182,DEV,2023,12,Monaco,MEDIUM,1,12
97.607,RUS,2023,36,Bahrain,HARD,3,5
80.828,NOR,2024,7,Monaco,HARD,2,7
100.217,SAI,2023,30,Singapore,HARD,2,10
77.979,PER,2023,20,Monaco,HARD,2,19
135.102,LEC,2022,4,Australia,MEDIUM,1,4
95.752,PIA,2023,26,Saudi Arabia,HARD,2,25
94.601,GAS,2023,29,Saudi Arabia,HARD,2,15
99.264,PER,2022,7,Bahrain,SOFT,1,10
93.565,ALO,2023,13,Silverstone,MEDIUM,1,14
100.301,NOR,2023,8,Singapore,MEDIUM,1,8
79.113,ALO,2023,3,Monaco,HARD,1,4
80.89,PIA,2024,10,Monaco,HARD,2,10
118.961,BOT,2023,17,Saudi Arabia,HARD,2,8
81.221,BOT,2024,14,Monaco,MEDIUM,2,13
93.279,SAI,2023,11,Silverstone,MEDIUM,1,11
97.868,BOT,2023,44,Bahrain,HARD,3,15
80.235,PER,2023,53,Australia,HARD,4,46
90.536,OCO,2022,18,Australia,HARD,2,1
99.67,ZHO,2023,31,Bahrain,HARD,2,19
97.821,SAI,2023,55,Bahrain,HARD,3,24
86.738,SAI,2023,41,Monza,HARD,2,22
84.389,LAT,2022,41,Australia,HARD,3,18
100.205,PER,2023,31,Singapore,HARD,1,31
82.011,TSU,2023,50,Australia,HARD,2,42
98.688,GAS,2023,50,Singapore,HARD,2,30
95.46,RIC,2024,38,Bahrain,SOFT,3,3
78.283,ALB,2022,41,Monaco,MEDIUM,4,19
94.229,TSU,2023,3,Silverstone,SOFT,1,3
109.019,LEC,2022,12,Monza,SOFT,1,12
101.106,LAW,2023,38,Singapore,HARD,2,18
96.911,RUS,2024,28,Bahrain,HARD,2,17
77.019,TSU,2024,65,Monaco,HARD,2,65
78.529,NOR,2023,40,Monaco,MEDIUM,1,40
101.44,MSC,2022,41,Silverstone,SOFT,4,2
81.073,HAM,2023,43,Australia,HARD,2,35
100.002,STR,2023,14,Bahrain,SOFT,1,17
97.672,ALO,2022,55,Bahrain,SOFT,4,13
78.173,HAM,2023,10,Monaco,MEDIUM,1,10
97.771,HAM,2022,37,Bahrain,MEDIUM,3,10
79.239,SAR,2023,7,Monaco,MEDIUM,1,7
78.335,PIA,2023,29,Monaco,HARD,1,29
95.138,MAG,2022,29,Silverstone,MEDIUM,3,7
81.451,STR,2023,38,Australia,HARD,2,30
94.809,HUL,2023,37,Saudi Arabia,HARD,2,26
86.764,ALB,2023,76,Monaco,INTERMEDIATE,3,24
98.587,STR,2023,19,Bahrain,HARD,2,4
93.779,GAS,2022,46,Saudi Arabia,HARD,2,31
95.068,GAS,2023,42,Bahrain,SOFT,4,2
81.753,PER,2022,53,Australia,HARD,2,33
96.238,HUL,2023,27,Saudi Arabia,HARD,2,16
78.623,BOT,2024,61,Monaco,HARD,3,47
106.74,DEV,2023,1,Saudi Arabia,MEDIUM,1,1
104.296,OCO,2023,32,Bahrain,HARD,3,20
100.595,RUS,2023,11,Singapore,MEDIUM,1,11
94.75,VET,2022,17,Silverstone,MEDIUM,3,13
119.659,ZHO,2023,33,Bahrain,SOFT,3,4
99.316,MAG,2023,28,Bahrain,HARD,2,13
97.394,ZHO,2024,52,Bahrain,HARD,3,24
88.668,ALO,2023,10,Australia,HARD,2,2
86.898,SAI,2022,19,Monza,MEDIUM,1,19
81.37,ALO,2023,41,Australia,HARD,2,33
93.059,VER,2022,27,Saudi Arabia,HARD,2,11
97.5,BOT,2023,48,Bahrain,HARD,3,19
138.57,SAI,2023,44,Singapore,HARD,2,24
99.16,NOR,2023,58,Singapore,HARD,2,38
98.199,ALO,2023,28,Bahrain,HARD,2,14
95.534,SAR,2023,36,Saudi Arabia,MEDIUM,2,18
80.87,NOR,2024,11,Monaco,HARD,2,11
99.517,ZHO,2024,7,Bahrain,SOFT,1,7
76.181,VER,2024,57,Monaco,HARD,3,6
97.68,STR,2023,37,Bahrain,HARD,3,7
98.152,TSU,2023,21,Saudi Arabia,HARD,2,4
95.421,SAI,2022,15,Saudi Arabia,MEDIUM,1,15
92.411,OCO,2022,19,Monaco,WET,1,19
100.062,RUS,2023,16,Singapore,MEDIUM,1,16
84.129,HUL,2023,14,Australia,HARD,2,6
96.275,PIA,2023,14,Saudi Arabia,HARD,2,13
82.774,MAG,2023,41,Australia,HARD,3,34
78.504,ALO,2024,73,Monaco,MEDIUM,2,73
103.029,SAI,2022,14,Bahrain,SOFT,1,17
94.2,VER,2023,14,Saudi Arabia,MEDIUM,1,14
82.115,ZHO,2023,44,Australia,HARD,3,43
83.578,RIC,2022,58,Australia,HARD,2,37
85.01,MSC,2022,20,Australia,HARD,2,6
80.807,VER,2023,45,Australia,HARD,2,37
80.946,ZHO,2024,50,Monaco,HARD,2,49
100.233,MAG,2022,31,Bahrain,SOFT,2,20
102.583,SAI,2023,32,Silverstone,HARD,2,6
86.624,PER,2023,43,Monza,HARD,2,22
98.303,ALO,2023,57,Singapore,SOFT,3,15
87.356,ZHO,2023,29,Monza,HARD,2,21
99.127,ALB,2022,38,Bahrain,MEDIUM,3,5
101.264,SAR,2023,5,Singapore,MEDIUM,1,5
96.787,STR,2023,1,Monza,MEDIUM,1,1
80.276,ALB,2023,4,Monaco,MEDIUM,1,4
96.313,PER,2024,30,Bahrain,HARD,2,18
75.525,SAR,2024,62,Monaco,MEDIUM,3,5
92.928,GAS,2022,15,Monaco,INTERMEDIATE,2,14
110.858,MAG,2022,12,Monza,MEDIUM,1,12
80.347,SAR,2024,67,Monaco,MEDIUM,3,10
93.964,OCO,2023,42,Saudi Arabia,HARD,2,26
96.171,ALB,2022,15,Monaco,WET,1,15
106.101,ALB,2023,58,Monaco,INTERMEDIATE,3,6
76.391,PIA,2024,65,Monaco,HARD,2,65
80.54,RIC,2024,35,Monaco,HARD,2,35
101.459,NOR,2022,4,Bahrain,MEDIUM,1,4
78.088,RUS,2022,56,Monaco,MEDIUM,3,26
79.134,ALB,2024,34,Monaco,HARD,2,33
97.188,HAM,2023,2,Saudi Arabia,HARD,1,2
96.697,BOT,2023,19,Australia,HARD,3,18
107.254,PIA,2023,1,Saudi Arabia,MEDIUM,1,1
78.457,TSU,2023,33,Monaco,MEDIUM,1,33
76.695,NOR,2024,60,Monaco,HARD,2,60
97.816,BOT,2023,51,Bahrain,HARD,3,22
97.877,ALO,2022,21,Saudi Arabia,HARD,2,5
99.229,ZHO,2023,15,Bahrain,HARD,2,3
97.308,VER,2022,40,Bahrain,MEDIUM,3,10
93.324,LEC,2022,25,Saudi Arabia,HARD,2,9
95.611,PER,2024,55,Bahrain,SOFT,3,19
92.609,NOR,2023,30,Silverstone,MEDIUM,1,30
96.637,ZHO,2024,39,Bahrain,HARD,3,11
98.481,LEC,2023,65,Monaco,INTERMEDIATE,3,10
86.904,STR,2023,39,Monza,HARD,2,23
77.891,BOT,2022,61,Monaco,HARD,3,41
95.987,SAR,2024,52,Bahrain,SOFT,4,12
99.399,SAR,2023,18,Bahrain,SOFT,2,6
92.504,TSU,2023,49,Silverstone,SOFT,3,17
92.638,VER,2023,41,Saudi Arabia,HARD,2,23
84.155,DEV,2023,37,Australia,MEDIUM,2,29
92.838,ALO,2022,48,Silverstone,SOFT,4,9
93.691,PER,2023,50,Saudi Arabia,HARD,2,32
102.975,BOT,2022,20,Silverstone,MEDIUM,2,19
76.601,PIA,2024,68,Monaco,HARD,2,68
84.616,HAM,2023,12,Australia,HARD,2,4
81.418,ALO,2024,11,Monaco,MEDIUM,2,11
87.798,DEV,2022,11,Monza,SOFT,1,11
2507.607,RIC,2024,1,Monaco,MEDIUM,1,1
97.038,VER,2024,7,Bahrain,SOFT,1,10
97.503,ALB,2023,28,Bahrain,HARD,3,2
78.733,LEC,2024,40,Monaco,HARD,2,39
77.214,SAI,2024,71,Monaco,HARD,2,70
92.696,SAI,2022,25,Silverstone,HARD,3,5
77.837,RUS,2023,27,Monaco,HARD,1,27
93.961,PER,2023,17,Saudi Arabia,MEDIUM,1,17
100.887,STR,2022,3,Bahrain,SOFT,1,3
94.447,HAM,2023,30,Saudi Arabia,MEDIUM,2,12
94.149,OCO,2022,29,Silverstone,HARD,3,7
83.64,HAM,2024,5,Monaco,MEDIUM,2,4
104.753,HUL,2023,1,Saudi Arabia,MEDIUM,1,1
78.673,HAM,2024,40,Monaco,MEDIUM,2,39
82.685,NOR,2022,44,Australia,HARD,2,24
79.013,SAI,2023,51,Monaco,MEDIUM,2,18
97.18,SAI,2022,9,Monaco,WET,1,9
80.642,ALO,2024,31,Monaco,MEDIUM,2,31
79.904,GAS,2024,19,Monaco,MEDIUM,2,18
87.502,MAG,2023,25,Monza,MEDIUM,2,13
98.088,GAS,2023,35,Bahrain,HARD,3,10
78.508,MAG,2023,40,Monaco,HARD,1,40
97.709,DEV,2023,30,Bahrain,HARD,3,3
79.677,ALB,2022,35,Monaco,MEDIUM,4,13
94.068,GAS,2023,46,Saudi Arabia,HARD,2,32
95.136,RUS,2024,42,Bahrain,HARD,3,11
84.456,BOT,2023,16,Australia,HARD,3,15
122.83,NOR,2023,33,Silverstone,MEDIUM,1,33
78.824,NOR,2024,40,Monaco,HARD,2,40
99.412,ZHO,2023,28,Bahrain,HARD,2,16
101.666,HAM,2022,27,Bahrain,HARD,2,17
96.693,STR,2024,54,Bahrain,HARD,3,27
80.956,HUL,2023,34,Monaco,HARD,2,33
99.753,SAI,2024,14,Bahrain,SOFT,1,17
82.913,ALO,2023,20,Australia,HARD,2,12
103.791,VER,2023,59,Monaco,INTERMEDIATE,2,4
75.376,RUS,2024,74,Monaco,MEDIUM,2,73
91.149,HUL,2023,52,Monaco,HARD,2,51
82.681,HUL,2023,21,Australia,HARD,2,13
81.563,HAM,2023,40,Australia,HARD,2,32
86.742,PER,2022,24,Monza,HARD,2,17
118.689,HUL,2023,40,Bahrain,HARD,3,14
96.589,VER,2024,40,Bahrain,SOFT,3,3
101.292,ALO,2023,29,Singapore,HARD,2,9
108.296,DEV,2022,20,Monza,MEDIUM,2,1
94.115,RUS,2023,2,Silverstone,SOFT,1,5
83.267,TSU,2023,20,Australia,HARD,2,12
95.4,ZHO,2023,28,Saudi Arabia,MEDIUM,3,10
87.079,OCO,2022,46,Monza,HARD,2,27
149.199,HAM,2022,25,Australia,HARD,2,3
93.524,RUS,2023,37,Saudi Arabia,HARD,2,19
82.748,RIC,2024,6,Monaco,HARD,2,6
85.428,PIA,2023,4,Australia,MEDIUM,1,4
101.388,OCO,2022,7,Monaco,WET,1,7
105.364,NOR,2023,1,Bahrain,SOFT,1,1
92.235,PER,2023,42,Saudi Arabia,HARD,2,24
96.838,TSU,2024,53,Bahrain,HARD,3,19
95.233,ZHO,2023,36,Saudi Arabia,MEDIUM,3,18
100.406,GAS,2023,32,Singapore,HARD,2,12
90.068,SAI,2023,53,Monaco,MEDIUM,2,20
78.385,ALB,2024,68,Monaco,HARD,2,67
79.297,ALO,2023,34,Monaco,HARD,1,35
84.489,GAS,2022,38,Australia,HARD,2,17
83.731,MSC,2022,48,Australia,HARD,2,34
99.521,OCO,2023,26,Bahrain,HARD,3,14
81.404,SAR,2024,37,Monaco,HARD,2,37
100.837,TSU,2023,2,Bahrain,SOFT,1,2
92.113,VER,2022,16,Monaco,WET,1,16
98.478,HAM,2023,20,Bahrain,HARD,2,8
95.578,RIC,2024,40,Bahrain,SOFT,3,5
98.478,GAS,2022,43,Bahrain,HARD,3,11
81.221,SAR,2024,19,Monaco,HARD,2,19
97.342,ALO,2024,21,Bahrain,HARD,2,6
88.421,MAG,2022,11,Monza,MEDIUM,1,11
99.934,HUL,2023,22,Bahrain,HARD,2,11
97.658,BOT,2023,38,Bahrain,HARD,3,9
90.085,DEV,2023,72,Monaco,INTERMEDIATE,2,19
84.347,MSC,2022,18,Australia,HARD,2,4
99.028,OCO,2023,22,Bahrain,HARD,3,10
92.744,ALO,2023,28,Silverstone,MEDIUM,1,29
93.249,ALO,2023,39,Saudi Arabia,HARD,2,22
84.699,PER,2022,15,Australia,MEDIUM,1,15
82.041,OCO,2023,32,Australia,HARD,3,31
82.219,NOR,2023,43,Australia,HARD,2,35
95.898,ALB,2022,30,Saudi Arabia,HARD,2,17
96.111,RUS,2022,7,Saudi Arabia,MEDIUM,1,7
99.946,LEC,2023,38,Singapore,HARD,2,18
97.273,ALO,2024,35,Bahrain,HARD,2,20
96.956,BOT,2023,3,Saudi Arabia,MEDIUM,1,3
99.406,HUL,2023,13,Bahrain,HARD,2,2
94.035,VER,2023,66,Monaco,INTERMEDIATE,2,11
75.233,ZHO,2024,73,Monaco,SOFT,3,3
96.668,NOR,2023,42,Bahrain,HARD,5,5
83.518,OCO,2023,22,Australia,HARD,3,21
92.92,SAI,2023,48,Saudi Arabia,HARD,2,33
95.414,VER,2022,12,Monaco,WET,1,12
96.481,HAM,2022,56,Bahrain,SOFT,4,15
97.325,HAM,2024,32,Bahrain,HARD,2,20
86.401,VER,2022,2,Monza,SOFT,1,2
86.67,MSC,2022,13,Australia,MEDIUM,1,15
84.219,ZHO,2022,49,Australia,HARD,2,28
82.109,BOT,2024,42,Monaco,HARD,3,28
98.161,LAT,2022,4,Saudi Arabia,MEDIUM,1,4
115.401,ALB,2023,60,Monaco,INTERMEDIATE,3,8
98.782,VER,2022,28,Bahrain,SOFT,2,14
95.316,PER,2022,14,Saudi Arabia,MEDIUM,1,14
94.797,PER,2024,43,Bahrain,SOFT,3,7
96.19,SAR,2023,15,Saudi Arabia,HARD,1,15
93.614,GAS,2023,49,Saudi Arabia,HARD,2,35
81.869,ZHO,2022,37,Monaco,MEDIUM,3,8
94.585,LEC,2022,6,Saudi Arabia,MEDIUM,1,6
81.725,STR,2023,41,Australia,HARD,2,33
93.923,TSU,2023,70,Monaco,INTERMEDIATE,2,17
92.249,VER,2023,35,Saudi Arabia,HARD,2,17
83.386,BOT,2024,4,Monaco,MEDIUM,2,3
87.08,GAS,2022,33,Monza,HARD,2,16
98.321,TSU,2024,5,Bahrain,SOFT,1,5
113.383,NOR,2022,40,Saudi Arabia,HARD,2,24
96.783,ALO,2023,48,Bahrain,HARD,3,14
92.047,BOT,2023,43,Silverstone,SOFT,2,11
102.353,GAS,2023,2,Singapore,MEDIUM,1,2
110.293,GAS,2023,1,Australia,SOFT,1,1
97.529,RIC,2024,52,Bahrain,SOFT,3,17
76.465,SAI,2022,46,Monaco,HARD,3,25
94.618,BOT,2023,13,Silverstone,HARD,1,13
95.718,SAR,2023,39,Saudi Arabia,MEDIUM,2,21
78.566,RUS,2023,10,Monaco,HARD,1,10
75.274,HAM,2024,61,Monaco,HARD,3,11
98.085,RUS,2023,40,Bahrain,HARD,3,9
87.266,RIC,2022,8,Monza,MEDIUM,1,8
95.228,NOR,2023,43,Saudi Arabia,MEDIUM,3,24
143.969,DEV,2023,37,Silverstone,SOFT,3,5
81.235,SAI,2023,48,Australia,HARD,3,41
93.924,ZHO,2022,45,Saudi Arabia,HARD,3,29
98.728,ALO,2023,60,Singapore,SOFT,3,18
96.979,GAS,2023,53,Bahrain,SOFT,4,13
81.394,GAS,2024,10,Monaco,MEDIUM,2,9
86.273,VER,2023,18,Monza,MEDIUM,1,18
74.726,SAI,2024,62,Monaco,HARD,2,61
87.964,ZHO,2023,72,Monaco,INTERMEDIATE,3,20
120.282,SAR,2024,41,Bahrain,SOFT,4,1
83.845,NOR,2022,33,Monaco,HARD,4,11
126.436,SAI,2023,41,Bahrain,HARD,3,10
94.026,HUL,2023,48,Saudi Arabia,HARD,2,37
85.012,SAI,2024,3,Monaco,HARD,2,2
97.897,SAI,2023,48,Bahrain,HARD,3,17
92.432,VER,2023,39,Saudi Arabia,HARD,2,21
80.747,PER,2023,49,Australia,HARD,4,42
100.39,SAR,2023,24,Singapore,HARD,2,5
80.506,STR,2024,25,Monaco,MEDIUM,2,25
81.499,SAR,2024,13,Monaco,HARD,2,13
95.296,PIA,2024,46,Bahrain,HARD,3,12
91.779,VER,2022,47,Saudi Arabia,HARD,2,31
98.191,HUL,2023,38,Bahrain,HARD,3,12
86.977,ALB,2023,29,Monza,HARD,2,17
97.046,TSU,2024,38,Bahrain,HARD,3,4
78.201,PIA,2023,50,Monaco,HARD,1,50
92.534,HUL,2023,45,Silverstone,SOFT,3,13
86.97,STR,2023,35,Monza,HARD,2,19
79.074,VER,2023,3,Monaco,MEDIUM,1,3
102.158,MSC,2022,9,Bahrain,SOFT,1,9
93.981,TSU,2022,41,Silverstone,SOFT,4,3
86.32,OCO,2022,16,Australia,MEDIUM,1,16
100.387,BOT,2023,8,Bahrain,SOFT,1,8
94.79,OCO,2023,31,Saudi Arabia,HARD,2,15
79.544,STR,2023,36,Monaco,HARD,1,37
81.944,SAR,2024,10,Monaco,HARD,2,10
93.98,MAG,2023,23,Silverstone,MEDIUM,1,23
87.203,BOT,2023,41,Monza,MEDIUM,2,19
96.048,ZHO,2024,32,Bahrain,HARD,3,4
102.173,RIC,2024,13,Bahrain,SOFT,1,16
95.142,SAI,2024,50,Bahrain,HARD,3,15
96.086,GAS,2024,56,Bahrain,SOFT,4,13
82.354,ALO,2023,27,Australia,HARD,2,19
95.494,HUL,2024,49,Bahrain,SOFT,4,9
94.79,OCO,2023,31,Saudi Arabia,HARD,2,15
92.889,ALO,2022,54,Australia,MEDIUM,3,1
105.898,TSU,2023,58,Monaco,INTERMEDIATE,2,5
94.795,SAI,2024,43,Bahrain,HARD,3,8
95.29,VER,2024,41,Bahrain,SOFT,3,4
99.796,MAG,2022,27,Bahrain,SOFT,2,16
99.742,ZHO,2022,26,Bahrain,MEDIUM,2,11
77.065,VER,2023,14,Monaco,MEDIUM,1,14
95.561,MAG,2023,16,Saudi Arabia,HARD,2,8
99.458,RUS,2023,31,Singapore,HARD,2,11
122.579,HUL,2023,12,Bahrain,HARD,2,1
98.003,ZHO,2023,37,Bahrain,SOFT,3,8
101.283,MAG,2023,8,Bahrain,HARD,1,8
85.744,VER,2024,3,Monaco,MEDIUM,2,2
89.644,RIC,2022,13,Monza,MEDIUM,1,13
80.318,SAR,2023,14,Monaco,MEDIUM,1,14
77.48,LEC,2023,28,Monaco,HARD,1,28
99.382,ZHO,2023,30,Bahrain,HARD,2,18
75.58,SAR,2024,60,Monaco,MEDIUM,3,3
85.477,TSU,2023,35,Australia,HARD,2,27
84.955,NOR,2022,29,Australia,HARD,2,9
81.325,HAM,2024,11,Monaco,MEDIUM,2,10
97.26,BOT,2022,56,Bahrain,SOFT,4,13
77.668,GAS,2023,36,Monaco,HARD,1,36
98.146,BOT,2024,24,Bahrain,HARD,2,12
98.971,ALB,2024,7,Bahrain,SOFT,1,7
86.438,VER,2023,19,Monza,MEDIUM,1,19
97.156,OCO,2023,13,Saudi Arabia,MEDIUM,1,13
86.593,OCO,2022,37,Monza,HARD,2,18
101.11,GAS,2023,6,Bahrain,SOFT,1,6
78.736,HAM,2023,5,Monaco,MEDIUM,1,5
95.467,HAM,2023,31,Monaco,MEDIUM,1,31
110.807,SAR,2023,3,Australia,HARD,3,2
98.191,HUL,2023,38,Bahrain,HARD,3,12
86.99,OCO,2022,42,Monza,HARD,2,23
96.122,HAM,2023,8,Saudi Arabia,HARD,1,8
97.791,GAS,2024,18,Bahrain,HARD,2,6
82.115,GAS,2023,27,Australia,HARD,2,19
85.042,HAM,2022,28,Australia,HARD,2,6
78.764,SAI,2023,6,Monaco,HARD,1,6
125.634,OCO,2022,15,Bahrain,MEDIUM,2,1
90.535,VER,2023,43,Silverstone,SOFT,2,13
79.406,SAI,2022,58,Monaco,HARD,3,37
99.562,STR,2023,1,Monaco,HARD,1,2
97.028,VER,2024,14,Bahrain,SOFT,1,17
94.017,MSC,2022,27,Silverstone,HARD,3,8
90.499,STR,2023,10,Australia,HARD,2,2
95.759,DEV,2023,29,Saudi Arabia,HARD,2,12
99.803,RUS,2023,41,Singapore,HARD,2,21
78.328,LEC,2023,41,Monaco,HARD,1,41
80.903,SAR,2024,25,Monaco,HARD,2,25
77.491,LEC,2023,36,Monaco,HARD,1,36
88.667,OCO,2023,2,Monza,MEDIUM,1,2
79.378,ALB,2024,49,Monaco,HARD,2,48
81.476,OCO,2023,45,Australia,HARD,3,44
97.454,PER,2023,26,Bahrain,SOFT,2,11
99.388,DEV,2023,21,Saudi Arabia,HARD,2,4
96.785,SAR,2024,37,Bahrain,HARD,3,9
75.38,VER,2024,74,Monaco,HARD,3,23
99.448,SAI,2023,17,Singapore,MEDIUM,1,17
80.808,PIA,2024,7,Monaco,HARD,2,7
101.073,BOT,2022,12,Bahrain,SOFT,1,15
78.07,OCO,2022,58,Monaco,MEDIUM,3,28
78.45,RUS,2024,39,Monaco,MEDIUM,2,38
99.425,BOT,2024,9,Bahrain,SOFT,1,9
80.214,SAR,2023,5,Monaco,MEDIUM,1,5
98.742,TSU,2023,14,Bahrain,HARD,2,4
97.736,BOT,2023,42,Bahrain,HARD,3,13
99.028,OCO,2023,22,Bahrain,HARD,3,10
77.939,ALO,2024,68,Monaco,MEDIUM,2,68
93.046,NOR,2023,2,Silverstone,MEDIUM,1,2
77.577,SAI,2024,37,Monaco,HARD,2,36
92.265,HAM,2022,28,Silverstone,MEDIUM,2,27
87.079,OCO,2023,38,Monza,HARD,2,17
93.588,BOT,2023,27,Silverstone,HARD,1,27
97.324,GAS,2022,34,Bahrain,HARD,3,2
83.647,STR,2023,15,Australia,HARD,2,7
86.766,ZHO,2023,53,Australia,HARD,3,52
101.019,STR,2022,2,Bahrain,SOFT,1,2
99.136,HUL,2023,16,Bahrain,HARD,2,5
96.635,RUS,2024,2,Bahrain,SOFT,1,5
79.152,TSU,2023,22,Monaco,MEDIUM,1,22
98.379,STR,2023,53,Bahrain,HARD,3,23
84.651,HAM,2023,76,Monaco,INTERMEDIATE,3,22
95.172,ZHO,2022,29,Saudi Arabia,HARD,3,13
92.645,ZHO,2023,43,Silverstone,SOFT,4,10
98.834,BOT,2023,35,Saudi Arabia,MEDIUM,3,18
100.798,ZHO,2023,55,Singapore,MEDIUM,3,35
119.638,RUS,2022,34,Bahrain,MEDIUM,3,1
96.701,VER,2023,46,Bahrain,HARD,3,10
127.732,MAG,2022,52,Monza,SOFT,3,6
101.785,NOR,2022,3,Bahrain,MEDIUM,1,3
76.938,OCO,2023,28,Monaco,MEDIUM,1,28
81.562,ALB,2024,10,Monaco,HARD,2,9
108.052,STR,2023,1,Australia,MEDIUM,1,2
79.099,ZHO,2023,37,Monaco,HARD,2,36
96.683,RUS,2024,16,Bahrain,HARD,2,5
88.196,NOR,2022,2,Monza,MEDIUM,1,2
2462.721,SAI,2024,1,Monaco,MEDIUM,1,1
82.639,HUL,2023,24,Australia,HARD,2,16
118.611,VER,2023,33,Silverstone,MEDIUM,1,33
93.195,ALB,2023,21,Silverstone,MEDIUM,1,21
96.862,LEC,2024,2,Bahrain,SOFT,1,5
80.342,VER,2023,49,Australia,HARD,2,41
93.987,ZHO,2022,43,Saudi Arabia,HARD,3,27
93.781,STR,2022,34,Silverstone,HARD,3,20
97.098,MAG,2023,4,Saudi Arabia,MEDIUM,1,4
87.915,STR,2022,15,Monza,MEDIUM,1,16
81.166,VER,2023,43,Australia,HARD,2,35
77.73,PIA,2023,38,Monaco,HARD,1,38
87.0,SAR,2023,17,Monza,HARD,2,6
95.113,TSU,2023,30,Saudi Arabia,HARD,2,13
77.047,PER,2023,46,Monaco,MEDIUM,3,13
100.281,OCO,2023,5,Bahrain,SOFT,1,8
98.151,VER,2022,6,Monaco,WET,1,6
93.903,LEC,2023,68,Monaco,INTERMEDIATE,3,13
99.476,MAG,2023,25,Bahrain,HARD,2,10
88.826,MSC,2022,11,Monza,MEDIUM,1,11
84.515,LAT,2022,37,Australia,HARD,3,14
86.234,LEC,2023,27,Monza,HARD,2,7
98.189,STR,2022,4,Silverstone,MEDIUM,2,5
97.046,ALO,2024,24,Bahrain,HARD,2,9
99.569,HUL,2024,41,Bahrain,HARD,3,21
98.157,MAG,2023,51,Bahrain,SOFT,4,11
99.366,SAR,2024,9,Bahrain,SOFT,1,9
79.407,GAS,2024,55,Monaco,MEDIUM,2,54
94.31,MAG,2023,11,Silverstone,MEDIUM,1,11
101.555,ALB,2023,57,Singapore,MEDIUM,3,14
98.829,DEV,2023,14,Bahrain,HARD,2,3
98.809,STR,2022,21,Saudi Arabia,HARD,2,9
94.709,SAI,2024,39,Bahrain,HARD,3,4
100.507,SAI,2023,11,Bahrain,SOFT,1,14
97.383,RUS,2023,50,Bahrain,HARD,3,19
80.703,VER,2023,46,Australia,HARD,2,38
101.06,BOT,2023,33,Singapore,HARD,1,33
82.011,TSU,2023,50,Australia,HARD,2,42
96.926,ZHO,2022,12,Saudi Arabia,MEDIUM,1,12
78.161,ZHO,2023,26,Monaco,HARD,2,25
99.79,ZHO,2023,48,Singapore,MEDIUM,3,28
109.969,ZHO,2023,2,Singapore,SOFT,1,2
91.716,PER,2023,42,Silverstone,SOFT,2,14
94.108,MAG,2023,43,Saudi Arabia,HARD,2,35
99.792,ALO,2023,2,Bahrain,SOFT,1,5
94.557,PER,2023,21,Saudi Arabia,HARD,2,3
100.625,MSC,2022,8,Monaco,INTERMEDIATE,2,4
87.165,SAR,2023,25,Monza,HARD,2,14
78.863,ALB,2024,51,Monaco,HARD,2,50
99.548,ALO,2023,4,Bahrain,SOFT,1,7
83.945,TSU,2023,15,Australia,HARD,2,7
87.99,LAT,2022,44,Monza,HARD,2,29
97.432,LAT,2022,11,Monaco,HARD,3,9
75.773,LEC,2023,46,Monaco,MEDIUM,2,2
101.173,GAS,2023,8,Bahrain,SOFT,1,8
93.224,TSU,2023,25,Silverstone,HARD,2,11
95.301,PIA,2023,41,Saudi Arabia,HARD,2,40
78.374,STR,2023,45,Monaco,HARD,1,46
100.469,ALB,2023,30,Singapore,HARD,2,10
78.424,STR,2023,38,Monaco,HARD,1,39
97.529,RIC,2024,52,Bahrain,SOFT,3,17
87.787,RUS,2023,74,Monaco,INTERMEDIATE,2,20
78.681,NOR,2023,24,Monaco,MEDIUM,1,24
82.706,ALB,2022,52,Australia,HARD,1,52
78.539,LEC,2022,62,Monaco,HARD,4,41
92.829,DEV,2023,45,Silverstone,SOFT,3,13
86.721,GAS,2022,41,Monza,HARD,2,24
98.64,OCO,2024,5,Bahrain,SOFT,1,5
91.861,VER,2022,48,Saudi Arabia,HARD,2,32
78.882,ALB,2023,48,Monaco,HARD,2,30
95.837,GAS,2023,6,Saudi Arabia,MEDIUM,1,6
100.464,VER,2023,18,Singapore,HARD,1,18
96.919,VER,2023,52,Bahrain,HARD,3,16
100.091,MSC,2022,19,Bahrain,MEDIUM,2,7
80.418,PER,2023,15,Monaco,HARD,2,14
105.989,PER,2023,58,Monaco,WET,5,1
94.046,NOR,2022,35,Saudi Arabia,HARD,2,19
95.222,MSC,2022,14,Silverstone,MEDIUM,2,13
79.967,ALB,2023,5,Monaco,MEDIUM,1,5
78.471,HAM,2024,31,Monaco,MEDIUM,2,30
143.56,TSU,2022,39,Silverstone,SOFT,4,1
81.293,ZHO,2024,27,Monaco,HARD,2,26
93.099,HAM,2023,44,Saudi Arabia,MEDIUM,2,26
100.969,SAR,2023,61,Monaco,INTERMEDIATE,4,9
96.454,MAG,2024,47,Bahrain,HARD,3,15
99.557,LEC,2023,40,Singapore,HARD,2,20
78.567,LEC,2024,46,Monaco,HARD,2,45
129.886,NOR,2023,11,Bahrain,HARD,2,1
94.526,STR,2022,28,Silverstone,HARD,3,14
81.231,SAR,2024,27,Monaco,HARD,2,27
95.13,SAR,2024,44,Bahrain,SOFT,4,4
80.298,TSU,2024,61,Monaco,HARD,2,61
82.387,TSU,2023,44,Australia,HARD,2,36
95.25,OCO,2022,37,Saudi Arabia,HARD,2,21
127.914,ZHO,2023,38,Silverstone,SOFT,4,5
88.534,TSU,2022,11,Monza,MEDIUM,1,11
99.533,SAI,2023,19,Australia,HARD,3,12
78.624,GAS,2024,67,Monaco,MEDIUM,2,66
85.471,NOR,2023,74,Monaco,INTERMEDIATE,3,20
101.048,GAS,2023,25,Singapore,HARD,2,5
97.179,PIA,2024,29,Bahrain,HARD,2,17
80.793,ALB,2024,16,Monaco,HARD,2,15
78.461,HAM,2024,50,Monaco,MEDIUM,2,49
99.663,PIA,2023,21,Saudi Arabia,HARD,2,20
95.57,RIC,2024,45,Bahrain,SOFT,3,10
96.503,VER,2023,4,Saudi Arabia,MEDIUM,1,4
83.394,BOT,2023,13,Australia,HARD,3,12
96.293,SAR,2023,66,Monaco,INTERMEDIATE,4,14
96.088,SAR,2024,53,Bahrain,SOFT,4,13
76.775,OCO,2023,46,Monaco,HARD,2,14
110.376,BOT,2023,40,Bahrain,HARD,3,11
98.29,HAM,2023,25,Bahrain,HARD,2,13
97.163,PIA,2024,32,Bahrain,HARD,2,20
93.445,SAI,2022,15,Silverstone,MEDIUM,2,14
95.087,LEC,2023,69,Monaco,INTERMEDIATE,3,14
92.756,RUS,2023,48,Saudi Arabia,HARD,2,30
78.557,HUL,2023,39,Monaco,HARD,2,38
97.523,SAI,2023,15,Saudi Arabia,MEDIUM,1,15
81.908,PER,2023,29,Australia,HARD,4,22
96.426,ALO,2022,4,Silverstone,MEDIUM,2,3
87.36,ALO,2023,50,Monza,HARD,2,32
87.209,RUS,2023,78,Monaco,INTERMEDIATE,2,24
82.775,STR,2024,43,Monaco,HARD,3,3
101.591,MAG,2023,38,Singapore,HARD,2,18
78.805,RIC,2024,63,Monaco,HARD,2,63
81.53,GAS,2024,13,Monaco,MEDIUM,2,12
77.279,ALB,2024,76,Monaco,HARD,2,75
95.228,NOR,2023,43,Saudi Arabia,MEDIUM,3,24
91.823,HAM,2023,52,Silverstone,SOFT,2,22
110.542,TSU,2022,38,Silverstone,HARD,3,21
96.187,TSU,2023,10,Saudi Arabia,MEDIUM,1,10
77.64,VER,2023,6,Monaco,MEDIUM,1,6
94.645,ALO,2023,7,Silverstone,MEDIUM,1,8
106.453,ALB,2023,1,Bahrain,SOFT,1,1
81.379,HAM,2023,42,Australia,HARD,2,34
86.511,LAT,2022,9,Australia,MEDIUM,1,9
98.873,ZHO,2023,18,Bahrain,HARD,2,6
93.597,MSC,2022,44,Silverstone,SOFT,4,5
87.787,RUS,2023,74,Monaco,INTERMEDIATE,2,20
82.46,RUS,2022,42,Australia,HARD,2,19
84.406,DEV,2023,28,Australia,MEDIUM,2,20
78.483,RUS,2023,11,Monaco,HARD,1,11
93.245,PER,2022,14,Monaco,WET,1,14
81.657,NOR,2023,39,Australia,HARD,2,31
87.368,GAS,2022,7,Monza,MEDIUM,1,7
84.933,STR,2022,56,Australia,HARD,4,37
94.255,PER,2023,9,Saudi Arabia,MEDIUM,1,9
95.125,LEC,2023,11,Saudi Arabia,SOFT,1,11
78.594,OCO,2023,9,Monaco,MEDIUM,1,9
77.503,VER,2022,51,Monaco,MEDIUM,4,21
81.669,PIA,2023,47,Australia,HARD,2,39
97.229,VER,2024,9,Bahrain,SOFT,1,12
100.857,NOR,2023,8,Bahrain,SOFT,1,8
96.992,DEV,2023,5,Saudi Arabia,MEDIUM,1,5
95.449,MAG,2023,40,Saudi Arabia,HARD,2,32
96.96,ALO,2023,51,Bahrain,HARD,3,17
101.62,ZHO,2023,60,Monaco,INTERMEDIATE,3,8
81.777,RUS,2022,51,Australia,HARD,2,28
101.252,BOT,2024,30,Bahrain,HARD,2,18
93.861,SAI,2023,34,Saudi Arabia,HARD,2,19
101.174,ALB,2023,19,Singapore,MEDIUM,1,19
97.067,ZHO,2022,11,Saudi Arabia,MEDIUM,1,11
77.304,OCO,2023,36,Monaco,HARD,2,4
86.503,GAS,2022,7,Australia,MEDIUM,1,7
78.024,BOT,2023,20,Monaco,HARD,1,20
78.347,BOT,2024,72,Monaco,HARD,3,58
80.386,TSU,2024,24,Monaco,HARD,2,24
79.072,DEV,2023,36,Monaco,MEDIUM,1,36
95.846,BOT,2023,30,Saudi Arabia,MEDIUM,3,13
101.34,MAG,2023,5,Bahrain,HARD,1,5
99.577,BOT,2023,62,Monaco,INTERMEDIATE,2,11
83.796,PIA,2023,24,Australia,HARD,2,16
104.67,STR,2023,1,Bahrain,SOFT,1,4
87.282,TSU,2022,27,Australia,HARD,2,9
80.337,NOR,2024,17,Monaco,HARD,2,17
78.501,ALO,2022,47,Monaco,MEDIUM,3,17
96.066,OCO,2023,3,Saudi Arabia,MEDIUM,1,3
78.767,ALB,2023,44,Monaco,HARD,2,26
98.986,ALO,2022,57,Bahrain,SOFT,4,15
110.715,RIC,2022,39,Australia,HARD,2,18
80.6,ALO,2024,57,Monaco,MEDIUM,2,57
80.017,SAI,2024,13,Monaco,HARD,2,12
97.528,TSU,2023,49,Bahrain,SOFT,4,12
77.965,VER,2022,64,Monaco,MEDIUM,4,34
121.184,DEV,2023,12,Bahrain,HARD,2,1
95.639,MAG,2022,22,Saudi Arabia,HARD,1,24
100.499,ZHO,2023,34,Singapore,MEDIUM,3,14
97.482,ZHO,2024,14,Bahrain,HARD,2,5
97.998,MAG,2023,37,Bahrain,SOFT,3,8
91.416,SAI,2022,46,Silverstone,SOFT,4,7
88.055,HUL,2023,11,Monza,MEDIUM,1,14
77.161,VER,2023,40,Monaco,MEDIUM,1,40
77.427,VER,2023,51,Monaco,MEDIUM,1,51
96.919,VER,2023,52,Bahrain,HARD,3,16
93.905,VER,2024,52,Monaco,MEDIUM,2,51
86.119,RUS,2023,34,Monza,HARD,2,18
106.17,OCO,2022,1,Bahrain,SOFT,1,1
96.592,DEV,2023,10,Saudi Arabia,MEDIUM,1,10
81.308,SAI,2023,46,Australia,HARD,3,39
95.842,PER,2024,53,Bahrain,SOFT,3,17
79.101,RUS,2024,31,Monaco,MEDIUM,2,30
93.398,RIC,2022,45,Silverstone,SOFT,5,7
78.618,HAM,2024,32,Monaco,MEDIUM,2,31
96.661,PER,2023,47,Bahrain,HARD,3,13
98.948,LEC,2023,32,Bahrain,HARD,2,19
95.227,VER,2022,21,Saudi Arabia,HARD,2,5
96.275,PIA,2023,14,Saudi Arabia,HARD,2,13
81.189,STR,2023,43,Australia,HARD,2,35
97.777,TSU,2024,29,Bahrain,HARD,2,15
98.008,ALO,2024,7,Bahrain,SOFT,1,10
77.577,RUS,2022,53,Monaco,MEDIUM,3,23
87.348,DEV,2022,44,Monza,MEDIUM,2,25
78.108,RIC,2024,71,Monaco,HARD,2,71
101.757,MAG,2023,40,Singapore,HARD,2,20
92.841,VET,2022,47,Silverstone,MEDIUM,4,10
98.326,NOR,2022,4,Saudi Arabia,MEDIUM,1,4
96.978,HAM,2023,9,Saudi Arabia,HARD,1,9
92.799,SAI,2022,20,Silverstone,MEDIUM,2,19
97.727,ALB,2023,51,Bahrain,SOFT,4,11
98.289,TSU,2022,37,Bahrain,SOFT,3,8
94.814,SAI,2023,25,Saudi Arabia,HARD,2,10
103.328,PER,2022,39,Australia,HARD,2,19
78.016,DEV,2023,49,Monaco,MEDIUM,1,49
125.832,GAS,2023,3,Australia,SOFT,1,3
99.187,MAG,2023,8,Saudi Arabia,MEDIUM,1,8
84.616,HAM,2023,12,Australia,HARD,2,4
80.942,RIC,2024,20,Monaco,HARD,2,20
99.299,ALB,2023,20,Bahrain,SOFT,2,9
79.089,HAM,2024,23,Monaco,MEDIUM,2,22
95.906,RUS,2022,9,Saudi Arabia,MEDIUM,1,9
129.941,VER,2022,46,Bahrain,SOFT,4,6
78.605,PIA,2024,35,Monaco,HARD,2,35
97.862,RUS,2024,8,Bahrain,SOFT,1,11
84.254,MSC,2022,49,Australia,HARD,2,35
93.008,PER,2022,37,Saudi Arabia,HARD,2,22
94.496,PER,2022,5,Saudi Arabia,MEDIUM,1,5
94.57,LEC,2022,51,Bahrain,SOFT,4,8
77.556,RUS,2023,33,Monaco,HARD,1,33
81.554,ALB,2024,52,Monaco,HARD,2,51
94.205,TSU,2023,76,Monaco,INTERMEDIATE,2,23
96.128,GAS,2023,12,Saudi Arabia,MEDIUM,1,12
100.602,VER,2023,12,Singapore,HARD,1,12
78.978,NOR,2023,13,Monaco,MEDIUM,1,13
79.47,BOT,2023,32,Monaco,HARD,1,32
78.447,RUS,2024,50,Monaco,MEDIUM,2,49
96.12,GAS,2023,47,Bahrain,SOFT,4,7
83.354,STR,2024,4,Monaco,MEDIUM,2,4
93.716,LEC,2023,34,Saudi Arabia,HARD,2,18
135.298,TSU,2022,48,Monza,SOFT,3,1
100.641,BOT,2022,29,Bahrain,MEDIUM,2,15
75.324,HAM,2024,75,Monaco,HARD,3,25
98.368,HAM,2022,18,Bahrain,HARD,2,8
98.649,SAI,2022,2,Bahrain,SOFT,1,5
96.526,VER,2023,3,Saudi Arabia,MEDIUM,1,3
97.233,RUS,2024,19,Bahrain,HARD,2,8
78.566,RUS,2023,10,Monaco,HARD,1,10
76.026,NOR,2024,62,Monaco,HARD,2,62
103.309,HAM,2022,4,Monaco,WET,1,4
85.003,TSU,2022,21,Australia,HARD,2,3
78.876,BOT,2023,39,Monaco,HARD,1,39
100.746,VER,2023,19,Singapore,HARD,1,19
79.074,NOR,2023,21,Monaco,MEDIUM,1,21
77.272,RUS,2022,49,Monaco,MEDIUM,3,19
83.618,HAM,2023,14,Australia,HARD,2,6
78.327,HUL,2023,35,Monaco,HARD,2,34
94.287,OCO,2022,24,Silverstone,HARD,3,2
99.149,STR,2022,11,Saudi Arabia,MEDIUM,1,12
78.012,GAS,2023,27,Monaco,HARD,1,27
98.18,BOT,2024,23,Bahrain,HARD,2,11
101.321,GAS,2023,34,Singapore,HARD,2,14
94.701,RIC,2022,33,Saudi Arabia,HARD,2,25
87.564,TSU,2022,10,Monza,MEDIUM,1,10
78.215,NOR,2024,46,Monaco,HARD,2,46
76.787,RUS,2024,62,Monaco,MEDIUM,2,61
96.126,SAR,2023,13,Saudi Arabia,HARD,1,13
100.373,DEV,2023,4,Bahrain,SOFT,1,4
94.34,VER,2024,51,Bahrain,SOFT,3,14
100.627,RIC,2022,29,Bahrain,SOFT,2,12
93.306,PER,2023,49,Saudi Arabia,HARD,2,31
94.01,LAT,2022,22,Silverstone,MEDIUM,3,3
105.023,HAM,2023,1,Singapore,MEDIUM,1,1
101.868,PER,2022,33,Bahrain,MEDIUM,2,18
77.994,VET,2022,48,Monaco,HARD,4,26
86.992,ALB,2022,8,Australia,HARD,1,8
78.709,BOT,2022,50,Monaco,HARD,3,30
99.509,RIC,2024,2,Bahrain,SOFT,1,5
121.097,GAS,2023,54,Monaco,MEDIUM,2,7
99.777,NOR,2023,3,Bahrain,SOFT,1,3
100.28,GAS,2023,63,Monaco,INTERMEDIATE,3,9
93.201,HAM,2023,19,Silverstone,MEDIUM,1,19
92.802,ALO,2023,48,Saudi Arabia,HARD,2,31
88.053,PIA,2023,2,Monza,MEDIUM,1,2
98.422,ALB,2024,4,Bahrain,SOFT,1,4
96.551,NOR,2023,1,Silverstone,MEDIUM,1,1
78.844,VER,2024,38,Monaco,MEDIUM,2,37
81.652,PIA,2023,46,Australia,HARD,2,38
98.896,ZHO,2023,20,Bahrain,HARD,2,8
79.171,SAI,2024,42,Monaco,HARD,2,41
101.339,ZHO,2022,10,Bahrain,SOFT,1,10
94.81,STR,2022,42,Saudi Arabia,HARD,2,30
95.182,HAM,2023,22,Saudi Arabia,MEDIUM,2,4
82.244,PER,2023,28,Australia,HARD,4,21
98.626,ALO,2022,30,Bahrain,HARD,3,5
119.87,ALB,2023,27,Bahrain,HARD,3,1
83.054,ALO,2023,22,Australia,HARD,2,14
78.586,ZHO,2023,35,Monaco,HARD,2,34
97.675,TSU,2023,53,Bahrain,SOFT,4,16
98.75,LEC,2023,2,Bahrain,SOFT,1,2
134.267,LEC,2023,18,Saudi Arabia,HARD,2,2
101.708,ZHO,2023,54,Singapore,MEDIUM,3,34
96.604,BOT,2024,47,Bahrain,HARD,3,17
97.612,MSC,2022,10,Monaco,INTERMEDIATE,2,6
94.132,TSU,2022,47,Silverstone,SOFT,4,9
93.607,BOT,2023,21,Silverstone,HARD,1,21
80.487,MAG,2023,12,Monaco,HARD,1,12
78.001,VER,2023,29,Monaco,MEDIUM,1,29
93.244,LEC,2023,8,Silverstone,MEDIUM,1,8
95.638,TSU,2023,16,Saudi Arabia,MEDIUM,1,16
97.806,ZHO,2023,19,Australia,HARD,3,18
132.105,VER,2023,2,Australia,MEDIUM,1,2
82.464,ZHO,2023,39,Australia,HARD,3,38
80.536,STR,2024,33,Monaco,MEDIUM,2,33
79.317,GAS,2023,8,Monaco,HARD,1,8
104.265,ALO,2022,11,Bahrain,SOFT,1,14
90.997,PER,2022,49,Silverstone,SOFT,4,10
87.353,NOR,2022,18,Monza,MEDIUM,1,18
82.671,HUL,2023,30,Australia,HARD,2,22
127.055,MAG,2023,55,Monaco,HARD,1,55
94.611,BOT,2023,4,Silverstone,HARD,1,4
78.812,ALO,2022,52,Monaco,MEDIUM,3,22
96.035,RIC,2022,11,Saudi Arabia,HARD,2,3
103.306,LEC,2023,1,Saudi Arabia,SOFT,1,1
88.232,OCO,2023,12,Monza,MEDIUM,1,12
77.22,SAI,2023,46,Monaco,MEDIUM,2,13
99.971,HUL,2023,47,Singapore,HARD,2,27
81.303,ALO,2024,27,Monaco,MEDIUM,2,27
83.374,ZHO,2023,17,Australia,HARD,3,16
97.717,VER,2022,18,Bahrain,SOFT,2,4
79.265,PIA,2023,13,Monaco,HARD,1,13
74.813,SAI,2024,64,Monaco,HARD,2,63
100.113,ALB,2022,49,Bahrain,SOFT,4,6
80.605,ALO,2024,19,Monaco,MEDIUM,2,19
93.138,GAS,2023,17,Silverstone,MEDIUM,1,17
80.671,VER,2023,53,Australia,HARD,2,45
104.374,OCO,2022,49,Monza,HARD,2,30
95.229,SAR,2023,43,Saudi Arabia,MEDIUM,2,25
94.16,PER,2023,12,Saudi Arabia,MEDIUM,1,12
102.61,ALB,2023,26,Bahrain,SOFT,2,15
95.534,SAR,2023,36,Saudi Arabia,MEDIUM,2,18
95.247,RIC,2022,13,Silverstone,MEDIUM,2,13
77.228,ALO,2023,27,Monaco,HARD,1,28
93.193,SAR,2023,69,Monaco,INTERMEDIATE,4,17
84.199,NOR,2022,32,Australia,HARD,2,12
87.942,BOT,2022,10,Monza,MEDIUM,1,10
108.986,HAM,2022,3,Australia,MEDIUM,1,3
97.741,SAI,2024,6,Bahrain,SOFT,1,9
83.234,RUS,2022,31,Australia,HARD,2,8
77.672,STR,2022,56,Monaco,None,5,33
96.987,PER,2022,39,Bahrain,SOFT,3,9
97.631,LEC,2023,20,Bahrain,HARD,2,7
97.706,TSU,2023,51,Bahrain,SOFT,4,14
102.049,MSC,2022,5,Bahrain,SOFT,1,5
75.532,RUS,2024,77,Monaco,MEDIUM,2,76
94.797,TSU,2023,33,Saudi Arabia,HARD,2,16
119.006,SAI,2023,14,Bahrain,HARD,2,1
118.795,DEV,2023,53,Monaco,MEDIUM,1,53
96.144,SAR,2023,38,Saudi Arabia,MEDIUM,2,20
94.811,ZHO,2023,29,Saudi Arabia,MEDIUM,3,11
2513.184,ALO,2024,1,Monaco,HARD,1,2
78.001,PIA,2023,48,Monaco,HARD,1,48
101.478,GAS,2023,56,Monaco,INTERMEDIATE,3,2
99.948,OCO,2023,3,Bahrain,SOFT,1,6
94.969,NOR,2023,41,Saudi Arabia,MEDIUM,3,22
97.782,RUS,2024,10,Bahrain,SOFT,1,13
76.798,RUS,2023,48,Monaco,HARD,1,48
99.134,GAS,2022,20,Bahrain,MEDIUM,2,6
82.153,ZHO,2024,54,Monaco,HARD,2,53
89.657,SAR,2023,37,Australia,HARD,5,8
85.776,SAI,2023,76,Monaco,INTERMEDIATE,3,21
80.32,GAS,2024,39,Monaco,MEDIUM,2,38
95.169,HAM,2024,44,Bahrain,HARD,3,11
97.37,SAI,2023,21,Saudi Arabia,HARD,2,6
99.035,BOT,2024,53,Bahrain,HARD,3,23
98.384,HAM,2023,23,Bahrain,HARD,2,11
75.162,LEC,2024,71,Monaco,HARD,2,70
82.634,RUS,2022,33,Australia,HARD,2,10
97.361,ALO,2024,18,Bahrain,HARD,2,3
94.354,BOT,2023,11,Silverstone,HARD,1,11
85.428,PIA,2023,4,Australia,MEDIUM,1,4
97.211,BOT,2023,4,Saudi Arabia,MEDIUM,1,4
99.695,MAG,2023,60,Singapore,SOFT,3,20
81.675,OCO,2023,41,Australia,HARD,3,40
93.318,GAS,2023,68,Monaco,INTERMEDIATE,3,14
92.769,HAM,2023,26,Silverstone,MEDIUM,1,26
80.463,ALB,2024,26,Monaco,HARD,2,25
96.262,STR,2023,15,Saudi Arabia,HARD,2,3
93.111,HUL,2023,73,Monaco,WET,4,14
101.679,ALO,2024,1,Bahrain,SOFT,1,4
81.827,TSU,2023,51,Australia,HARD,2,43
94.701,LEC,2023,32,Saudi Arabia,HARD,2,16
100.858,OCO,2023,10,Bahrain,SOFT,1,13
132.367,VER,2022,53,Monza,SOFT,3,5
84.62,TSU,2023,5,Australia,MEDIUM,1,5
97.565,TSU,2022,56,Bahrain,SOFT,4,15
77.128,PER,2023,45,Monaco,MEDIUM,3,12
75.827,RUS,2024,71,Monaco,MEDIUM,2,70
94.609,OCO,2023,26,Saudi Arabia,HARD,2,10
81.664,ZHO,2023,50,Monaco,HARD,2,49
85.7,ALO,2023,75,Monaco,INTERMEDIATE,3,20
78.825,ALB,2023,41,Monaco,HARD,2,23
86.987,NOR,2022,29,Monza,MEDIUM,1,29
87.402,STR,2022,21,Monaco,INTERMEDIATE,3,19
97.712,VER,2023,19,Bahrain,SOFT,2,5
91.042,HAM,2023,42,Silverstone,SOFT,2,12
98.859,MAG,2022,21,Bahrain,SOFT,2,10
99.127,DEV,2023,16,Bahrain,HARD,2,5
129.886,NOR,2023,11,Bahrain,HARD,2,1
81.031,SAR,2024,18,Monaco,HARD,2,18
97.796,HUL,2024,16,Bahrain,HARD,2,15
103.463,RUS,2023,59,Monaco,INTERMEDIATE,2,5
82.825,PIA,2023,28,Australia,HARD,2,20
82.855,PIA,2023,32,Australia,HARD,2,24
116.358,BOT,2024,2,Monaco,MEDIUM,2,1
97.006,TSU,2023,4,Saudi Arabia,MEDIUM,1,4
79.097,GAS,2024,58,Monaco,MEDIUM,2,57
78.771,RIC,2024,61,Monaco,HARD,2,61
76.512,NOR,2024,77,Monaco,HARD,2,77
95.325,BOT,2023,42,Saudi Arabia,SOFT,4,7
99.677,NOR,2023,62,Singapore,HARD,2,42
93.275,MSC,2022,37,Silverstone,HARD,3,18
77.941,LEC,2024,48,Monaco,HARD,2,47
78.702,RUS,2024,48,Monaco,MEDIUM,2,47
100.247,VER,2023,31,Singapore,HARD,1,31
92.162,MAG,2023,10,Australia,HARD,3,3
94.622,ZHO,2023,44,Saudi Arabia,MEDIUM,3,26
95.083,SAI,2024,52,Bahrain,HARD,3,17
94.774,STR,2022,1,Monza,MEDIUM,1,2
100.067,RUS,2023,30,Singapore,HARD,2,10
97.72,STR,2023,36,Bahrain,HARD,3,6
101.215,ZHO,2023,56,Singapore,MEDIUM,3,36
77.237,LEC,2023,40,Monaco,HARD,1,40
146.366,RUS,2023,36,Silverstone,MEDIUM,2,8
76.8,VER,2023,42,Monaco,MEDIUM,1,42
80.286,ALO,2024,43,Monaco,MEDIUM,2,43
82.647,MAG,2023,38,Australia,HARD,3,31
94.656,SAI,2023,24,Saudi Arabia,HARD,2,9
95.57,MAG,2024,34,Bahrain,HARD,3,2
95.028,HUL,2023,33,Saudi Arabia,HARD,2,22
100.314,PER,2023,14,Singapore,HARD,1,14
116.325,LEC,2022,32,Bahrain,MEDIUM,3,1
82.869,OCO,2022,46,Australia,HARD,2,29
97.766,RIC,2024,24,Bahrain,HARD,2,11
96.304,MAG,2023,7,Saudi Arabia,MEDIUM,1,7
95.265,LAT,2022,14,Silverstone,SOFT,2,13
99.503,ZHO,2023,24,Bahrain,HARD,2,12
98.78,OCO,2023,17,Bahrain,HARD,3,5
99.8,GAS,2022,30,Bahrain,MEDIUM,2,16
92.419,PER,2023,45,Saudi Arabia,HARD,2,27
108.483,PER,2023,18,Australia,HARD,4,11
95.238,PIA,2024,44,Bahrain,HARD,3,10
79.289,OCO,2023,33,Monaco,HARD,2,1
92.506,HUL,2023,39,Monza,HARD,2,30
93.008,STR,2023,45,Silverstone,SOFT,2,17
85.544,ALO,2022,15,Australia,HARD,1,15
87.16,OCO,2022,22,Monza,HARD,2,3
76.248,VER,2024,78,Monaco,HARD,3,27
95.004,STR,2022,15,Silverstone,MEDIUM,2,16
103.833,STR,2022,30,Monaco,None,5,7
99.56,RUS,2023,25,Singapore,HARD,2,5
80.132,DEV,2023,25,Monaco,MEDIUM,1,25
103.031,NOR,2022,16,Bahrain,MEDIUM,1,16
80.849,SAR,2024,21,Monaco,HARD,2,21
85.511,ZHO,2022,17,Australia,MEDIUM,1,17
78.136,PIA,2024,49,Monaco,HARD,2,49
102.86,GAS,2023,39,Singapore,HARD,2,19
80.972,NOR,2024,10,Monaco,HARD,2,10
142.565,ALB,2023,35,Silverstone,SOFT,2,7
84.919,VER,2022,36,Monza,MEDIUM,2,11
95.117,BOT,2022,14,Silverstone,MEDIUM,2,13
94.515,LEC,2023,67,Monaco,INTERMEDIATE,3,12
111.997,ZHO,2023,52,Monaco,HARD,2,51
100.221,RUS,2023,6,Singapore,MEDIUM,1,6
128.973,GAS,2023,33,Silverstone,SOFT,2,5
99.758,SAR,2024,17,Bahrain,HARD,2,7
94.609,VET,2022,19,Silverstone,MEDIUM,3,15
95.257,NOR,2023,50,Bahrain,SOFT,6,7
92.32,ALO,2023,39,Silverstone,SOFT,2,9
79.753,MAG,2023,30,Monaco,HARD,1,30
84.411,ALB,2022,31,Australia,HARD,1,31
92.256,HAM,2022,33,Silverstone,MEDIUM,2,32
76.214,NOR,2024,66,Monaco,HARD,2,66
80.254,BOT,2024,35,Monaco,HARD,3,21
97.684,ALB,2023,48,Bahrain,SOFT,4,8
95.338,RIC,2024,42,Bahrain,SOFT,3,7
93.424,ALO,2023,3,Silverstone,MEDIUM,1,4
100.897,ALO,2023,59,Monaco,INTERMEDIATE,3,4
83.159,RUS,2023,6,Australia,MEDIUM,1,6
78.393,LEC,2024,31,Monaco,HARD,2,30
98.44,NOR,2023,26,Bahrain,SOFT,3,12
81.091,ALO,2024,25,Monaco,MEDIUM,2,25
110.311,ALO,2023,54,Monaco,HARD,1,55
84.528,BOT,2023,27,Australia,HARD,3,26
128.94,ALB,2022,17,Saudi Arabia,HARD,2,4
99.467,SAR,2023,67,Monaco,INTERMEDIATE,4,15
78.498,STR,2023,40,Monaco,HARD,1,41
98.022,GAS,2023,34,Bahrain,HARD,3,9
79.01,NOR,2023,18,Monaco,MEDIUM,1,18
82.662,PIA,2023,31,Australia,HARD,2,23
77.433,OCO,2023,26,Monaco,MEDIUM,1,26
98.803,MAG,2023,19,Bahrain,HARD,2,4
133.896,STR,2022,45,Bahrain,MEDIUM,3,7
75.688,SAR,2024,63,Monaco,MEDIUM,3,6
78.109,GAS,2023,19,Monaco,HARD,1,19
87.405,TSU,2022,16,Monza,MEDIUM,1,16
86.108,PER,2023,48,Monza,HARD,2,27
78.557,STR,2024,70,Monaco,SOFT,4,22
98.045,RIC,2024,28,Bahrain,HARD,2,15
95.066,ALO,2024,55,Bahrain,HARD,3,14
98.152,TSU,2023,21,Saudi Arabia,HARD,2,4
79.707,PIA,2023,5,Monaco,HARD,1,5
95.141,GAS,2022,20,Silverstone,HARD,3,5
98.86,RIC,2022,56,Bahrain,SOFT,4,12
85.547,ALO,2022,16,Australia,HARD,1,16
95.229,SAR,2023,43,Saudi Arabia,MEDIUM,2,25
95.596,RUS,2023,4,Saudi Arabia,MEDIUM,1,4
77.335,RUS,2023,37,Monaco,HARD,1,37
98.184,HUL,2023,39,Bahrain,HARD,3,13
114.405,TSU,2022,49,Bahrain,SOFT,4,8
97.056,ALO,2024,32,Bahrain,HARD,2,17
95.671,GAS,2022,15,Silverstone,SOFT,2,14
87.339,ALO,2023,12,Monza,MEDIUM,1,12
93.07,PIA,2023,1,Monaco,HARD,1,1
97.167,RUS,2024,13,Bahrain,HARD,2,2
94.836,PER,2022,10,Saudi Arabia,MEDIUM,1,10
101.971,VER,2023,24,Singapore,HARD,1,24
101.123,OCO,2023,63,Monaco,INTERMEDIATE,3,9
86.718,VER,2023,16,Monza,MEDIUM,1,16
100.823,ALO,2022,7,Bahrain,SOFT,1,10
99.464,SAR,2024,7,Bahrain,SOFT,1,7
91.36,PER,2023,49,Silverstone,SOFT,2,21
94.133,STR,2022,29,Silverstone,HARD,3,15
87.547,HUL,2023,31,Monza,HARD,2,22
87.164,ZHO,2023,26,Monza,HARD,2,18
100.897,ALO,2023,59,Monaco,INTERMEDIATE,3,4
78.041,PIA,2023,44,Monaco,HARD,1,44
100.108,PIA,2023,55,Singapore,HARD,2,35
97.179,ALO,2024,25,Bahrain,HARD,2,10
83.759,PIA,2023,12,Australia,HARD,2,4
103.171,PER,2023,37,Singapore,HARD,1,37
84.999,SAI,2022,35,Monza,SOFT,2,5
82.391,BOT,2023,45,Australia,HARD,3,44
95.371,NOR,2024,46,Bahrain,HARD,3,13
98.36,SAI,2022,39,Silverstone,HARD,3,19
78.776,ALO,2023,4,Monaco,HARD,1,5
75.836,HAM,2024,68,Monaco,HARD,3,18
99.083,MAG,2023,20,Bahrain,HARD,2,5
81.452,RUS,2024,11,Monaco,MEDIUM,2,10
92.021,LEC,2022,28,Silverstone,HARD,3,3
96.733,PIA,2024,21,Bahrain,HARD,2,9
99.594,OCO,2023,27,Bahrain,HARD,3,15
100.894,GAS,2023,4,Bahrain,SOFT,1,4
82.28,NOR,2023,33,Australia,HARD,2,25
99.096,RUS,2022,27,Bahrain,HARD,2,13
99.934,HUL,2023,22,Bahrain,HARD,2,11
109.541,ZHO,2022,19,Monza,HARD,2,1
85.473,LEC,2022,21,Monza,MEDIUM,2,9
95.209,HAM,2024,51,Monaco,MEDIUM,2,50
96.613,HUL,2023,9,Saudi Arabia,MEDIUM,1,9
96.218,ALB,2024,52,Bahrain,HARD,3,16
86.59,SAI,2022,16,Monza,MEDIUM,1,16
93.056,LEC,2023,47,Saudi Arabia,HARD,2,31
98.226,MAG,2024,27,Bahrain,HARD,2,16
82.757,PER,2023,20,Australia,HARD,4,13
80.214,SAR,2023,5,Monaco,MEDIUM,1,5
97.686,VER,2023,33,Bahrain,SOFT,2,19
81.881,SAR,2023,43,Australia,HARD,5,14
99.386,SAI,2022,32,Bahrain,SOFT,2,18
100.596,ZHO,2023,3,Bahrain,SOFT,1,3
79.587,RIC,2022,44,Monaco,HARD,3,25
96.151,RUS,2024,55,Bahrain,HARD,3,24
98.423,SAI,2023,27,Bahrain,HARD,2,14
97.298,MAG,2023,5,Saudi Arabia,MEDIUM,1,5
101.173,MSC,2022,7,Monaco,INTERMEDIATE,2,3
95.07,RUS,2023,22,Saudi Arabia,HARD,2,4
81.337,SAI,2023,44,Australia,HARD,3,37
103.53,RUS,2023,60,Monaco,INTERMEDIATE,2,6
93.555,HUL,2023,20,Silverstone,MEDIUM,2,13
135.298,ZHO,2023,19,Saudi Arabia,MEDIUM,3,1
82.155,STR,2023,20,Australia,HARD,2,12
78.714,SAI,2024,41,Monaco,HARD,2,40
79.373,ALO,2022,44,Monaco,MEDIUM,3,14
96.066,ALB,2023,12,Saudi Arabia,MEDIUM,1,12
83.282,NOR,2022,41,Australia,HARD,2,21
75.274,HAM,2024,61,Monaco,HARD,3,11
75.595,SAI,2024,68,Monaco,HARD,2,67
78.925,LEC,2024,37,Monaco,HARD,2,36
282.084,OCO,2022,1,Silverstone,MEDIUM,1,1
92.176,ALB,2023,40,Silverstone,SOFT,2,12
85.336,RUS,2022,13,Australia,MEDIUM,1,13
93.625,HAM,2023,37,Saudi Arabia,MEDIUM,2,19
77.846,PIA,2023,45,Monaco,HARD,1,45
102.13,NOR,2023,58,Monaco,INTERMEDIATE,3,4
96.821,LEC,2024,19,Bahrain,HARD,2,8
87.964,ZHO,2023,72,Monaco,INTERMEDIATE,3,20
78.393,LEC,2024,31,Monaco,HARD,2,30
94.52,PIA,2023,41,Monza,HARD,2,23
87.266,LAT,2022,36,Monza,HARD,2,21
83.563,ZHO,2023,30,Australia,HARD,3,29
79.518,HAM,2024,35,Monaco,MEDIUM,2,34
98.971,ALB,2024,7,Bahrain,SOFT,1,7
93.323,LEC,2022,21,Silverstone,MEDIUM,2,20
100.881,HUL,2023,53,Monaco,HARD,2,52
84.926,NOR,2022,40,Monza,SOFT,2,7
79.672,RIC,2024,57,Monaco,HARD,2,57
123.711,HUL,2022,20,Bahrain,SOFT,2,1
87.47,BOT,2023,17,Monza,HARD,1,20
95.667,SAI,2023,6,Saudi Arabia,MEDIUM,1,6
99.021,TSU,2023,17,Bahrain,HARD,2,7
97.046,TSU,2024,38,Bahrain,HARD,3,4
91.296,PER,2022,48,Silverstone,SOFT,4,9
95.611,MAG,2022,8,Silverstone,MEDIUM,2,9
100.693,HUL,2023,15,Singapore,MEDIUM,1,15
98.24,SAI,2023,21,Bahrain,HARD,2,8
98.747,RUS,2022,43,Bahrain,MEDIUM,3,10
97.955,PIA,2024,6,Bahrain,SOFT,1,9
82.425,PER,2022,51,Australia,HARD,2,31
96.583,SAI,2023,2,Saudi Arabia,MEDIUM,1,2
80.021,BOT,2023,2,Monaco,HARD,1,2
85.683,VER,2023,37,Monza,HARD,2,17
94.791,TSU,2023,29,Saudi Arabia,HARD,2,12
128.097,PER,2022,28,Monaco,HARD,3,6
81.004,PER,2023,46,Australia,HARD,4,39
87.291,NOR,2022,19,Monza,MEDIUM,1,19
99.701,NOR,2023,35,Singapore,HARD,2,15
81.4,HAM,2023,37,Australia,HARD,2,29
100.774,ALO,2023,7,Singapore,MEDIUM,1,7
94.086,NOR,2022,22,Silverstone,MEDIUM,2,22
93.931,STR,2023,15,Silverstone,MEDIUM,1,16
132.096,PER,2023,1,Australia,HARD,1,1
88.269,GAS,2024,3,Monaco,MEDIUM,2,2
78.9,ALB,2023,46,Monaco,HARD,2,28
95.702,MAG,2023,23,Saudi Arabia,HARD,2,15
80.068,BOT,2023,24,Monaco,HARD,1,24
95.341,GAS,2024,47,Bahrain,SOFT,4,4
95.567,ALO,2023,2,Saudi Arabia,MEDIUM,1,2
98.497,TSU,2023,65,Monaco,INTERMEDIATE,2,12
102.375,RIC,2022,14,Bahrain,MEDIUM,1,14
96.905,VER,2022,16,Bahrain,SOFT,2,2
145.061,DEV,2023,36,Silverstone,SOFT,3,4
77.688,BOT,2022,54,Monaco,HARD,3,34
82.896,BOT,2022,34,Monaco,HARD,3,14
93.168,HAM,2022,17,Silverstone,MEDIUM,2,16
81.896,TSU,2024,9,Monaco,HARD,2,9
81.586,GAS,2023,41,Australia,HARD,2,33
120.375,MAG,2022,35,Bahrain,MEDIUM,3,1
103.787,OCO,2023,12,Bahrain,SOFT,1,15
96.745,OCO,2022,9,Saudi Arabia,MEDIUM,1,9
92.702,LAT,2022,22,Monaco,HARD,3,20
79.529,SAR,2023,9,Monaco,MEDIUM,1,9
100.664,HAM,2023,1,Silverstone,MEDIUM,1,1
81.53,HUL,2023,43,Australia,HARD,2,35
144.429,LEC,2022,50,Bahrain,SOFT,4,7
78.778,BOT,2024,70,Monaco,HARD,3,56
82.108,HAM,2022,54,Australia,HARD,2,32
84.377,SAR,2023,33,Australia,MEDIUM,4,25
97.363,OCO,2024,13,Bahrain,HARD,2,3
80.858,ALO,2024,26,Monaco,MEDIUM,2,26
105.755,ALB,2022,4,Monaco,WET,1,4
93.79,LAT,2022,44,Silverstone,SOFT,4,6
129.246,LEC,2023,55,Monaco,MEDIUM,2,11
89.474,OCO,2023,23,Monza,MEDIUM,1,23
97.251,OCO,2022,55,Bahrain,SOFT,4,15
85.455,HAM,2022,2,Australia,MEDIUM,1,2
80.487,PER,2023,16,Monaco,HARD,2,15
98.279,STR,2024,3,Bahrain,SOFT,1,3
102.139,OCO,2023,62,Monaco,INTERMEDIATE,3,8
79.134,PIA,2023,15,Monaco,HARD,1,15
97.792,MAG,2024,19,Bahrain,HARD,2,8
94.34,NOR,2022,33,Saudi Arabia,HARD,2,17
78.926,MAG,2023,23,Monaco,HARD,1,23
80.723,ALO,2023,50,Australia,HARD,2,42
83.87,STR,2022,54,Australia,HARD,4,35
96.649,OCO,2024,44,Bahrain,HARD,3,14
92.935,PER,2022,34,Saudi Arabia,HARD,2,19
80.763,ZHO,2024,25,Monaco,HARD,2,24
95.644,PIA,2023,33,Saudi Arabia,HARD,2,32
92.306,TSU,2023,42,Silverstone,SOFT,3,10
80.084,ALB,2024,42,Monaco,HARD,2,41
78.449,RUS,2024,45,Monaco,MEDIUM,2,44
84.429,ZHO,2022,38,Australia,HARD,2,17
93.026,STR,2023,20,Monza,MEDIUM,1,20
95.932,HUL,2023,16,Saudi Arabia,HARD,2,5
100.295,HUL,2023,25,Bahrain,HARD,2,14
86.733,NOR,2023,48,Monza,HARD,2,30
96.62,NOR,2024,21,Bahrain,HARD,2,8
103.346,VER,2023,23,Singapore,HARD,1,23
96.412,BOT,2023,25,Saudi Arabia,MEDIUM,3,8
85.283,NOR,2024,3,Monaco,HARD,2,3
79.07,STR,2024,62,Monaco,SOFT,4,14
85.444,NOR,2023,4,Australia,MEDIUM,1,4
85.981,HUL,2023,49,Monza,MEDIUM,3,13
77.111,ALO,2023,29,Monaco,HARD,1,30
77.816,ALO,2023,33,Monaco,HARD,1,34
94.045,ALB,2023,10,Silverstone,MEDIUM,1,10
103.554,RUS,2023,57,Monaco,INTERMEDIATE,2,3
101.354,PER,2023,4,Singapore,HARD,1,4
82.37,BOT,2023,47,Australia,HARD,3,46
88.625,RUS,2023,53,Monaco,HARD,1,53
95.56,ZHO,2023,25,Saudi Arabia,MEDIUM,3,7
101.827,STR,2022,7,Bahrain,SOFT,1,7
81.81,ZHO,2024,9,Monaco,HARD,2,8
96.089,PER,2022,52,Bahrain,SOFT,4,12
124.571,ALO,2024,2,Monaco,MEDIUM,2,2
87.103,SAR,2023,38,Monza,HARD,2,27
76.701,SAI,2024,77,Monaco,HARD,2,76
100.424,RIC,2022,35,Bahrain,HARD,3,2
96.951,HUL,2023,22,Saudi Arabia,HARD,2,11
97.501,MAG,2022,2,Saudi Arabia,HARD,1,4
86.402,NOR,2023,26,Monza,HARD,2,8
85.784,LEC,2022,8,Monza,SOFT,1,8
96.449,DEV,2023,14,Saudi Arabia,MEDIUM,1,14
78.351,MAG,2023,41,Monaco,HARD,1,41
86.435,LEC,2023,76,Monaco,INTERMEDIATE,3,21
100.52,SAI,2023,12,Bahrain,SOFT,1,15
78.149,NOR,2023,42,Monaco,MEDIUM,1,42
82.16,NOR,2023,32,Australia,HARD,2,24
94.878,TSU,2023,35,Saudi Arabia,HARD,2,18
81.563,ZHO,2024,11,Monaco,HARD,2,10
77.837,RUS,2023,27,Monaco,HARD,1,27
91.921,SAR,2023,68,Monaco,INTERMEDIATE,4,16
87.467,STR,2022,34,Monza,HARD,2,17
95.568,PER,2024,56,Bahrain,SOFT,3,20
117.389,ALO,2023,35,Bahrain,HARD,3,1
80.302,PIA,2023,12,Monaco,HARD,1,12
81.944,SAR,2024,10,Monaco,HARD,2,10
96.262,GAS,2023,10,Saudi Arabia,MEDIUM,1,10
95.37,VER,2022,15,Saudi Arabia,MEDIUM,1,15
98.351,PER,2023,48,Singapore,MEDIUM,2,9
92.305,SAI,2022,16,Monaco,WET,1,16
94.287,ZHO,2023,66,Monaco,INTERMEDIATE,3,14
78.387,RUS,2024,46,Monaco,MEDIUM,2,45
99.588,DEV,2023,44,Bahrain,HARD,3,17
84.349,DEV,2023,22,Australia,MEDIUM,2,14
99.52,HAM,2023,29,Singapore,HARD,2,9
102.923,GAS,2023,60,Monaco,INTERMEDIATE,3,6
86.93,TSU,2022,38,Monza,HARD,2,20
98.713,ZHO,2023,52,Bahrain,SOFT,3,23
81.761,RIC,2024,45,Monaco,HARD,2,45
100.07,HUL,2022,33,Bahrain,SOFT,2,14
97.902,DEV,2023,32,Bahrain,HARD,3,5
83.243,LEC,2023,52,Monaco,MEDIUM,2,8
77.254,ZHO,2023,8,Monaco,HARD,2,7
81.732,VER,2023,36,Australia,HARD,2,28
97.392,RIC,2024,21,Bahrain,HARD,2,8
79.101,ZHO,2022,53,Monaco,MEDIUM,3,24
105.936,NOR,2022,44,Bahrain,SOFT,3,3
97.495,RUS,2023,39,Bahrain,HARD,3,8
82.965,VER,2022,25,Monaco,HARD,3,3
93.052,PIA,2023,26,Silverstone,MEDIUM,1,26
81.972,HAM,2022,49,Australia,HARD,2,27
95.62,HUL,2023,28,Saudi Arabia,HARD,2,17
80.353,STR,2024,19,Monaco,MEDIUM,2,19
103.137,RIC,2022,7,Bahrain,MEDIUM,1,7
77.028,LEC,2024,58,Monaco,HARD,2,57
101.561,ALB,2022,7,Bahrain,SOFT,1,7
97.878,RIC,2022,4,Silverstone,MEDIUM,2,4
81.233,ZHO,2024,39,Monaco,HARD,2,38
96.364,STR,2024,38,Bahrain,HARD,3,11
86.453,ALO,2023,46,Monza,HARD,2,28
94.374,NOR,2022,36,Saudi Arabia,HARD,2,20
99.029,GAS,2023,18,Bahrain,HARD,2,9
99.397,BOT,2023,3,Bahrain,SOFT,1,3
100.167,HAM,2023,59,Singapore,MEDIUM,3,15
97.954,HAM,2023,49,Bahrain,HARD,3,19
77.214,VER,2023,20,Monaco,MEDIUM,1,20
94.837,ALO,2023,14,Saudi Arabia,MEDIUM,1,14
75.463,VER,2024,69,Monaco,HARD,3,18
89.168,SAI,2022,52,Monza,SOFT,3,5
86.034,ALO,2022,19,Australia,HARD,1,19
82.658,ALB,2022,56,Australia,HARD,1,56
100.28,GAS,2023,30,Singapore,HARD,2,10
100.664,NOR,2023,5,Bahrain,SOFT,1,5
80.38,DEV,2023,39,Monaco,MEDIUM,1,39
93.732,SAI,2022,8,Silverstone,MEDIUM,2,7
100.295,ALO,2022,40,Bahrain,HARD,3,15
77.637,ALO,2023,32,Monaco,HARD,1,33
93.911,HAM,2022,32,Saudi Arabia,HARD,1,33
96.239,BOT,2023,24,Saudi Arabia,MEDIUM,3,7
77.513,PIA,2023,47,Monaco,HARD,1,47
96.613,HUL,2023,9,Saudi Arabia,MEDIUM,1,9
97.79,RUS,2022,40,Bahrain,MEDIUM,3,7
149.507,DEV,2023,18,Saudi Arabia,HARD,2,1
78.019,VER,2023,5,Monaco,MEDIUM,1,5
114.237,BOT,2022,47,Monza,SOFT,2,12
95.9,PIA,2023,9,Saudi Arabia,HARD,2,8
92.822,SAI,2023,50,Saudi Arabia,HARD,2,35
98.331,SAI,2023,26,Bahrain,HARD,2,13
109.865,RIC,2022,12,Monza,MEDIUM,1,12
83.735,SAR,2023,28,Australia,MEDIUM,4,20
80.271,ALB,2024,29,Monaco,HARD,2,28
98.294,VER,2022,21,Bahrain,SOFT,2,7
82.059,PER,2023,36,Australia,HARD,4,29
82.064,PER,2023,25,Australia,HARD,4,18
99.268,BOT,2022,30,Bahrain,MEDIUM,2,16
84.49,HAM,2022,41,Monza,SOFT,2,8
97.987,NOR,2023,34,Bahrain,MEDIUM,4,7
99.444,ZHO,2023,65,Monaco,INTERMEDIATE,3,13
82.634,STR,2024,7,Monaco,MEDIUM,2,7
95.228,HAM,2023,16,Saudi Arabia,HARD,1,16
97.45,NOR,2024,4,Bahrain,SOFT,1,7
148.38,RUS,2022,25,Australia,HARD,2,2
79.916,TSU,2022,47,Monaco,MEDIUM,4,18
95.702,BOT,2022,16,Silverstone,MEDIUM,2,15
96.744,PER,2023,71,Monaco,INTERMEDIATE,6,1
80.545,STR,2023,16,Monaco,HARD,1,17
93.846,HAM,2023,31,Saudi Arabia,MEDIUM,2,13
83.076,STR,2023,6,Australia,MEDIUM,1,7
93.985,HAM,2023,27,Saudi Arabia,MEDIUM,2,9
97.255,VER,2022,39,Bahrain,MEDIUM,3,9
98.625,OCO,2024,4,Bahrain,SOFT,1,4
120.846,LEC,2023,45,Singapore,HARD,2,25
94.962,LAT,2022,24,Silverstone,MEDIUM,3,5
97.47,HAM,2022,35,Bahrain,MEDIUM,3,8
128.607,NOR,2023,18,Bahrain,SOFT,3,4
104.444,DEV,2023,1,Silverstone,SOFT,1,1
84.369,TSU,2023,14,Australia,HARD,2,6
82.502,STR,2023,26,Australia,HARD,2,18
76.95,OCO,2023,34,Monaco,HARD,2,2
137.528,MAG,2022,48,Monza,SOFT,3,2
75.383,NOR,2022,62,Monaco,MEDIUM,5,11
117.417,TSU,2024,35,Bahrain,HARD,3,1
95.783,PER,2024,16,Bahrain,HARD,2,4
97.639,PER,2022,41,Bahrain,SOFT,3,11
98.665,OCO,2024,26,Bahrain,HARD,2,16
81.836,ZHO,2023,50,Australia,HARD,3,49
94.191,TSU,2022,50,Silverstone,SOFT,4,12
96.773,ALB,2023,32,Silverstone,MEDIUM,1,32
94.581,RIC,2022,24,Silverstone,HARD,3,4
83.376,RIC,2022,41,Australia,HARD,2,20
76.628,SAI,2023,35,Monaco,MEDIUM,2,2
81.506,STR,2023,40,Australia,HARD,2,32
83.475,MAG,2022,49,Australia,MEDIUM,2,12
80.272,SAI,2024,8,Monaco,HARD,2,7
77.048,OCO,2023,38,Monaco,HARD,2,6
90.926,NOR,2023,10,Australia,HARD,2,2
100.999,LAW,2023,30,Singapore,HARD,2,10
98.368,ZHO,2023,39,Bahrain,SOFT,3,10
81.918,PER,2023,30,Australia,HARD,4,23
78.778,SAI,2024,33,Monaco,HARD,2,32
96.218,BOT,2023,11,Saudi Arabia,HARD,2,2
98.25,STR,2023,25,Bahrain,HARD,2,10
95.543,GAS,2022,13,Silverstone,SOFT,2,12
99.337,SAI,2023,58,Singapore,HARD,2,38
99.614,LEC,2024,34,Bahrain,HARD,2,23
77.568,RUS,2023,35,Monaco,HARD,1,35
99.434,ZHO,2022,10,Monaco,WET,1,10
84.518,MSC,2022,17,Australia,HARD,2,3
149.368,ZHO,2022,25,Australia,HARD,2,4
98.425,MAG,2023,1,Monaco,HARD,1,1
78.382,NOR,2024,55,Monaco,HARD,2,55
96.242,STR,2024,35,Bahrain,HARD,3,8
99.885,GAS,2023,40,Singapore,HARD,2,20
102.174,STR,2022,8,Bahrain,SOFT,1,8
113.399,SAI,2023,16,Saudi Arabia,HARD,2,1
84.51,TSU,2022,33,Australia,HARD,2,15
80.068,BOT,2024,73,Monaco,HARD,3,59
76.798,RUS,2023,48,Monaco,HARD,1,48
78.659,ZHO,2023,39,Monaco,HARD,2,38
93.233,PIA,2023,8,Silverstone,MEDIUM,1,8
99.763,SAR,2023,33,Singapore,HARD,2,14
102.309,PIA,2023,7,Singapore,MEDIUM,1,7
103.949,ZHO,2023,24,Singapore,MEDIUM,3,4
117.545,RUS,2023,54,Monaco,HARD,1,54
94.498,BOT,2022,29,Saudi Arabia,HARD,2,13
91.636,DEV,2023,70,Monaco,INTERMEDIATE,2,17
101.659,SAI,2023,1,Bahrain,SOFT,1,4
82.159,ZHO,2022,36,Monaco,MEDIUM,3,7
82.471,PIA,2023,35,Australia,HARD,2,27
82.674,SAR,2023,40,Australia,HARD,5,11
92.329,ZHO,2023,46,Silverstone,SOFT,4,13
96.844,SAR,2023,4,Saudi Arabia,HARD,1,4
96.635,GAS,2023,51,Bahrain,SOFT,4,11
95.976,NOR,2024,56,Bahrain,HARD,3,23
82.704,STR,2022,34,Monaco,None,5,11
81.308,SAI,2023,46,Australia,HARD,3,39
94.039,OCO,2023,39,Saudi Arabia,HARD,2,23
79.768,STR,2022,47,Monaco,None,5,24
99.09,MSC,2022,56,Bahrain,SOFT,3,23
120.171,TSU,2022,6,Monaco,WET,1,6
100.947,HUL,2023,70,Monaco,WET,4,11
97.885,TSU,2022,32,Bahrain,SOFT,3,3
97.275,HAM,2022,6,Saudi Arabia,HARD,1,7
78.014,ALB,2024,74,Monaco,HARD,2,73
100.315,VER,2023,18,Australia,HARD,2,10
83.298,BOT,2023,28,Australia,HARD,3,27
98.124,NOR,2023,51,Singapore,HARD,2,31
114.305,STR,2023,14,Saudi Arabia,HARD,2,2
98.124,ALO,2023,18,Bahrain,HARD,2,4
93.662,HAM,2023,3,Silverstone,MEDIUM,1,3
119.45,BOT,2023,12,Bahrain,HARD,2,1
94.126,DEV,2023,45,Saudi Arabia,HARD,2,28
96.744,PER,2023,71,Monaco,INTERMEDIATE,6,1
103.431,PIA,2023,57,Monaco,INTERMEDIATE,2,3
80.786,SAI,2022,34,Monaco,HARD,3,13
79.065,ZHO,2023,49,Monaco,HARD,2,48
101.47,SAR,2024,14,Bahrain,HARD,2,4
88.923,MAG,2023,2,Monza,HARD,1,6
95.283,BOT,2023,46,Saudi Arabia,SOFT,4,11
97.48,RUS,2023,43,Bahrain,HARD,3,12
96.276,PER,2024,32,Bahrain,HARD,2,20
98.121,DEV,2023,29,Bahrain,HARD,3,2
99.094,RUS,2022,7,Monaco,WET,1,7
85.44,ZHO,2022,14,Australia,MEDIUM,1,14
94.853,LEC,2023,23,Saudi Arabia,HARD,2,7
99.972,NOR,2023,7,Singapore,MEDIUM,1,7
97.918,BOT,2024,18,Bahrain,HARD,2,6
100.638,ALO,2023,60,Monaco,INTERMEDIATE,3,5
78.248,RIC,2024,66,Monaco,HARD,2,66
91.019,TSU,2023,53,Australia,HARD,2,45
94.818,NOR,2023,47,Saudi Arabia,MEDIUM,3,28
83.574,MAG,2023,17,Australia,HARD,3,10
86.052,RUS,2022,44,Monza,HARD,2,21
79.52,PIA,2023,23,Monaco,HARD,1,23
126.293,RUS,2023,41,Bahrain,HARD,3,10
2468.042,NOR,2024,1,Monaco,MEDIUM,1,2
95.279,BOT,2022,15,Silverstone,MEDIUM,2,14
107.237,ZHO,2023,12,Monza,HARD,2,4
114.146,HUL,2023,32,Silverstone,MEDIUM,2,25
93.151,LEC,2023,17,Silverstone,MEDIUM,1,17
95.747,VER,2022,45,Bahrain,SOFT,4,5
83.424,ALO,2023,14,Australia,HARD,2,6
100.595,PER,2023,59,Monaco,WET,5,2
76.755,PER,2023,40,Monaco,MEDIUM,3,7
100.646,ALB,2023,7,Bahrain,SOFT,1,7
78.084,HAM,2023,13,Monaco,MEDIUM,1,13
100.987,ZHO,2023,62,Monaco,INTERMEDIATE,3,10
81.748,GAS,2023,37,Australia,HARD,2,29
86.997,ALO,2023,29,Monza,HARD,2,11
93.874,HAM,2023,33,Saudi Arabia,MEDIUM,2,15
96.128,GAS,2023,12,Saudi Arabia,MEDIUM,1,12
96.153,ZHO,2023,30,Saudi Arabia,MEDIUM,3,12
92.952,TSU,2023,17,Silverstone,HARD,2,3
76.387,LEC,2024,75,Monaco,HARD,2,74
94.104,PER,2022,13,Monaco,WET,1,13
81.788,OCO,2023,34,Australia,HARD,3,33
77.454,LEC,2024,62,Monaco,HARD,2,61
81.963,MAG,2023,45,Australia,HARD,3,38
95.037,BOT,2022,16,Monaco,WET,1,16
96.622,GAS,2024,34,Bahrain,HARD,3,3
85.886,SAI,2023,37,Monza,HARD,2,18
78.299,RUS,2023,19,Monaco,HARD,1,19
96.838,TSU,2024,53,Bahrain,HARD,3,19
97.049,PER,2023,49,Bahrain,HARD,3,15
86.783,LEC,2023,51,Monza,HARD,2,31
94.287,PIA,2023,48,Saudi Arabia,HARD,2,47
95.361,ALO,2022,25,Saudi Arabia,HARD,2,9
75.594,SAR,2024,59,Monaco,MEDIUM,3,2
78.162,LEC,2023,11,Monaco,HARD,1,11
87.2,DEV,2022,46,Monza,MEDIUM,2,27
95.142,SAI,2024,50,Bahrain,HARD,3,15
79.527,BOT,2023,10,Monaco,HARD,1,10
84.966,STR,2022,51,Australia,HARD,4,32
101.556,PIA,2023,7,Australia,MEDIUM,1,7
102.309,DEV,2023,27,Bahrain,HARD,2,16
94.859,LAT,2022,30,Silverstone,MEDIUM,3,11
75.955,GAS,2023,50,Monaco,MEDIUM,2,3
100.62,HAM,2023,33,Singapore,HARD,2,13
103.097,RUS,2022,15,Bahrain,SOFT,1,18
98.399,MAG,2024,3,Bahrain,SOFT,1,3
85.833,RUS,2022,46,Monza,HARD,2,23
93.391,STR,2023,24,Silverstone,MEDIUM,1,25
78.91,SAR,2023,47,Monaco,SOFT,3,24
142.448,VET,2022,40,Silverstone,MEDIUM,4,3
97.211,SAR,2023,20,Monaco,MEDIUM,1,20
97.343,MAG,2022,51,Bahrain,SOFT,4,8
86.733,VER,2023,17,Monza,MEDIUM,1,17
93.55,GAS,2022,43,Saudi Arabia,HARD,2,28
82.298,STR,2023,37,Australia,HARD,2,29
96.298,STR,2024,47,Bahrain,HARD,3,20
99.22,HAM,2023,3,Bahrain,SOFT,1,6
96.647,VER,2024,4,Bahrain,SOFT,1,7
94.981,ALO,2024,44,Bahrain,HARD,3,3
98.04,MAG,2024,30,Bahrain,HARD,2,19
101.189,HUL,2022,4,Bahrain,SOFT,1,4
84.246,ZHO,2022,35,Australia,HARD,2,14
97.715,VER,2022,8,Monaco,WET,1,8
95.612,LEC,2023,10,Saudi Arabia,SOFT,1,10
91.422,PIA,2023,49,Silverstone,HARD,2,20
79.297,STR,2024,36,Monaco,MEDIUM,2,36
100.344,RUS,2023,13,Singapore,MEDIUM,1,13
96.91,BOT,2024,49,Bahrain,HARD,3,19
87.186,RUS,2023,11,Monza,MEDIUM,1,11
94.825,PER,2022,9,Saudi Arabia,MEDIUM,1,9
98.044,PER,2024,5,Bahrain,SOFT,1,8
99.011,GAS,2023,17,Bahrain,HARD,2,8
96.546,STR,2023,32,Bahrain,HARD,3,2
102.333,MAG,2022,1,Bahrain,SOFT,1,1
99.143,ZHO,2023,17,Bahrain,HARD,2,5
87.438,NOR,2023,12,Monza,MEDIUM,1,12
100.487,STR,2022,37,Bahrain,SOFT,2,19
81.679,SAR,2024,9,Monaco,HARD,2,9
98.888,GAS,2022,18,Bahrain,MEDIUM,2,4
89.919,VER,2023,53,Monaco,MEDIUM,1,53
94.577,SAR,2023,3,Silverstone,MEDIUM,1,3
114.67,NOR,2022,48,Bahrain,SOFT,4,6
81.826,TSU,2024,7,Monaco,HARD,2,7
96.436,PER,2022,55,Bahrain,SOFT,4,15
96.249,MAG,2024,44,Bahrain,HARD,3,12
101.173,GAS,2023,8,Bahrain,SOFT,1,8
80.898,PIA,2024,11,Monaco,HARD,2,11
94.729,SAI,2022,9,Saudi Arabia,MEDIUM,1,9
84.984,HAM,2022,44,Monza,SOFT,2,11
93.605,ALO,2023,31,Saudi Arabia,HARD,2,14
98.86,TSU,2024,13,Bahrain,SOFT,1,13
95.13,SAR,2024,44,Bahrain,SOFT,4,4
100.565,MSC,2022,17,Bahrain,MEDIUM,2,5
80.709,STR,2024,73,Monaco,SOFT,4,25
98.436,ALO,2023,56,Singapore,SOFT,3,14
94.399,GAS,2023,7,Silverstone,MEDIUM,1,7
85.239,BOT,2022,10,Australia,MEDIUM,1,10
101.57,HUL,2023,29,Singapore,HARD,2,9
101.118,LAT,2022,24,Bahrain,SOFT,2,10
97.289,STR,2024,13,Bahrain,HARD,2,4
99.495,OCO,2022,23,Bahrain,MEDIUM,2,9
84.122,SAR,2023,29,Australia,MEDIUM,4,21
95.164,ZHO,2023,35,Saudi Arabia,MEDIUM,3,17
96.308,ALB,2024,53,Bahrain,HARD,3,17
2497.695,GAS,2024,1,Monaco,HARD,1,1
78.001,VER,2023,29,Monaco,MEDIUM,1,29
95.459,PER,2024,54,Bahrain,SOFT,3,18
117.076,ZHO,2024,29,Bahrain,HARD,3,1
94.439,OCO,2022,50,Saudi Arabia,HARD,2,34
86.991,NOR,2022,30,Monza,MEDIUM,1,30
77.936,ZHO,2024,59,Monaco,HARD,2,58
75.121,VER,2024,61,Monaco,HARD,3,10
81.004,PER,2023,46,Australia,HARD,4,39
95.22,LEC,2024,45,Bahrain,HARD,3,11
80.009,DEV,2023,29,Monaco,MEDIUM,1,29
96.644,PIA,2024,20,Bahrain,HARD,2,8
100.542,ALB,2023,32,Singapore,HARD,2,12
98.062,LEC,2024,3,Bahrain,SOFT,1,6
80.682,HAM,2023,51,Australia,HARD,2,43
82.944,BOT,2023,42,Australia,HARD,3,41
83.325,LEC,2022,12,Australia,MEDIUM,1,12
90.077,SAR,2024,3,Monaco,HARD,2,3
98.031,ALB,2024,22,Bahrain,HARD,2,7
93.592,GAS,2023,9,Silverstone,MEDIUM,1,9
127.5,DEV,2023,2,Australia,HARD,1,2
105.803,HUL,2022,1,Saudi Arabia,HARD,1,2
103.345,LEC,2022,3,Australia,MEDIUM,1,3
101.384,LAT,2022,37,Bahrain,MEDIUM,3,5
78.952,ALB,2023,29,Monaco,HARD,2,11
115.281,BOT,2023,41,Bahrain,HARD,3,12
80.48,BOT,2023,16,Monaco,HARD,1,16
78.044,STR,2022,54,Monaco,None,5,31
95.048,BOT,2023,66,Monaco,INTERMEDIATE,2,15
100.354,SAR,2023,22,Singapore,HARD,2,3
77.395,NOR,2024,58,Monaco,HARD,2,58
76.86,HAM,2023,48,Monaco,HARD,2,17
97.256,ALO,2024,28,Bahrain,HARD,2,13
100.274,HAM,2022,9,Bahrain,SOFT,1,11
101.338,LEC,2023,2,Singapore,SOFT,1,5
92.932,TSU,2023,40,Silverstone,SOFT,3,8
92.666,PER,2022,26,Silverstone,MEDIUM,3,22
79.071,DEV,2023,33,Monaco,MEDIUM,1,33
97.345,ALB,2022,15,Saudi Arabia,HARD,2,2
96.576,GAS,2022,5,Silverstone,SOFT,2,4
97.963,MAG,2023,52,Bahrain,SOFT,4,12
82.934,ZHO,2024,7,Monaco,HARD,2,6
95.973,GAS,2023,5,Saudi Arabia,MEDIUM,1,5
97.087,DEV,2023,7,Saudi Arabia,MEDIUM,1,7
97.866,STR,2023,51,Bahrain,HARD,3,21
136.225,SAR,2023,18,Saudi Arabia,HARD,1,18
80.579,SAI,2024,16,Monaco,HARD,2,15
96.945,ALO,2024,27,Bahrain,HARD,2,12
96.043,HUL,2023,26,Saudi Arabia,HARD,2,15
78.645,RIC,2024,75,Monaco,HARD,2,75
98.741,PER,2022,4,Bahrain,SOFT,1,7
93.651,STR,2023,17,Silverstone,MEDIUM,1,18
135.708,OCO,2023,16,Bahrain,HARD,3,4
78.545,ZHO,2024,60,Monaco,HARD,2,59
80.799,SAR,2024,66,Monaco,MEDIUM,3,9
96.432,LEC,2024,13,Bahrain,HARD,2,2
99.418,LEC,2022,50,Monza,SOFT,4,5
94.811,ZHO,2023,29,Saudi Arabia,MEDIUM,3,11
83.386,BOT,2024,4,Monaco,MEDIUM,2,3
87.343,ALO,2023,11,Monza,MEDIUM,1,11
83.4,VER,2024,5,Monaco,MEDIUM,2,4
98.058,TSU,2024,26,Bahrain,HARD,2,12
95.282,SAI,2024,51,Bahrain,HARD,3,16
96.156,ALO,2023,36,Bahrain,HARD,3,2
91.613,LEC,2022,37,Silverstone,HARD,3,12
75.543,VER,2024,77,Monaco,HARD,3,26
103.041,SAI,2023,60,Monaco,INTERMEDIATE,3,5
100.886,LAW,2023,9,Singapore,MEDIUM,1,9
77.46,PER,2023,42,Monaco,MEDIUM,3,9
81.804,NOR,2024,6,Monaco,HARD,2,6
77.588,ALO,2023,12,Monaco,HARD,1,13
100.016,MAG,2023,63,Monaco,WET,2,7
134.475,RIC,2022,6,Australia,MEDIUM,1,6
80.594,ALB,2024,46,Monaco,HARD,2,45
79.789,STR,2024,34,Monaco,MEDIUM,2,34
81.842,GAS,2023,35,Australia,HARD,2,27
144.227,LAT,2022,51,Monza,SOFT,3,4
82.739,NOR,2022,51,Australia,HARD,2,31
88.954,HAM,2022,3,Monza,MEDIUM,1,3
99.698,HAM,2023,41,Singapore,HARD,2,21
86.103,LAW,2023,38,Monza,MEDIUM,3,8
2456.33,LEC,2024,1,Monaco,MEDIUM,1,1
92.638,VER,2023,41,Saudi Arabia,HARD,2,23
87.771,BOT,2022,26,Monza,MEDIUM,1,26
85.974,MAG,2022,18,Australia,HARD,1,18
80.37,VER,2024,15,Monaco,MEDIUM,2,14
76.602,PER,2022,49,Monaco,MEDIUM,4,19
85.322,SAI,2022,32,Monza,SOFT,2,2
80.511,ALB,2022,34,Monaco,MEDIUM,4,12
97.427,VER,2023,51,Bahrain,HARD,3,15
78.225,HAM,2024,44,Monaco,MEDIUM,2,43
97.379,VER,2023,27,Bahrain,SOFT,2,13
94.694,LAT,2022,43,Silverstone,SOFT,4,5
126.323,BOT,2022,49,Bahrain,SOFT,4,6
83.012,RUS,2024,6,Monaco,MEDIUM,2,5
99.713,RUS,2023,63,Monaco,INTERMEDIATE,2,9
99.779,SAI,2023,8,Bahrain,SOFT,1,11
88.489,OCO,2023,21,Monza,MEDIUM,1,21
118.858,PER,2022,16,Bahrain,MEDIUM,2,1
80.734,ALO,2023,49,Australia,HARD,2,41
97.379,VER,2023,27,Bahrain,SOFT,2,13
98.751,HUL,2022,40,Bahrain,MEDIUM,3,3
95.051,LEC,2024,44,Bahrain,HARD,3,10
116.216,HAM,2022,34,Silverstone,HARD,3,1
106.74,DEV,2023,1,Saudi Arabia,MEDIUM,1,1
77.879,TSU,2023,45,Monaco,MEDIUM,1,45
82.105,HAM,2022,55,Australia,HARD,2,33
83.594,ZHO,2022,44,Australia,HARD,2,23
97.742,SAR,2024,19,Bahrain,HARD,2,9
95.13,SAR,2023,45,Saudi Arabia,MEDIUM,2,27
101.4,HUL,2023,3,Singapore,MEDIUM,1,3
95.64,DEV,2023,31,Saudi Arabia,HARD,2,14
94.043,MAG,2023,50,Saudi Arabia,HARD,2,42
98.107,MAG,2023,48,Singapore,SOFT,3,8
102.782,HUL,2023,60,Monaco,WET,4,1
88.022,BOT,2023,24,Monza,HARD,1,27
96.912,NOR,2024,15,Bahrain,HARD,2,2
92.042,PER,2022,46,Saudi Arabia,HARD,2,31
80.255,VER,2024,21,Monaco,MEDIUM,2,20
83.084,TSU,2023,37,Australia,HARD,2,29
98.152,RIC,2024,27,Bahrain,HARD,2,14
96.582,HUL,2022,15,Saudi Arabia,HARD,1,16
83.377,ALO,2024,52,Monaco,MEDIUM,2,52
97.884,LEC,2024,10,Bahrain,SOFT,1,13
96.802,GAS,2024,38,Bahrain,HARD,3,7
98.031,LEC,2023,17,Bahrain,HARD,2,4
110.785,GAS,2022,23,Australia,HARD,2,2
78.115,PIA,2023,31,Monaco,HARD,1,31
97.953,LEC,2023,16,Bahrain,HARD,2,3
100.515,RUS,2024,11,Bahrain,SOFT,1,14
84.473,GAS,2024,51,Monaco,MEDIUM,2,50
87.024,ALB,2023,28,Monza,HARD,2,16
95.938,TSU,2023,14,Saudi Arabia,MEDIUM,1,14
80.171,VER,2024,19,Monaco,MEDIUM,2,18
77.79,LEC,2024,51,Monaco,HARD,2,50
91.338,ALO,2023,48,Silverstone,SOFT,2,18
91.592,SAI,2023,47,Silverstone,HARD,2,21
80.389,ALB,2024,39,Monaco,HARD,2,38
80.509,ALB,2024,27,Monaco,HARD,2,26
97.73,BOT,2024,21,Bahrain,HARD,2,9
82.026,GAS,2023,28,Australia,HARD,2,20
78.807,RUS,2022,37,Monaco,MEDIUM,3,7
84.969,ZHO,2024,40,Monaco,HARD,2,39
98.628,ZHO,2023,49,Bahrain,SOFT,3,20
98.882,PIA,2023,63,Monaco,INTERMEDIATE,2,9
103.866,SAI,2023,1,Australia,MEDIUM,1,1
77.065,LEC,2023,29,Monaco,HARD,1,29
86.448,ZHO,2023,48,Monza,MEDIUM,3,15
116.297,STR,2022,14,Saudi Arabia,HARD,2,2
97.219,MAG,2023,2,Saudi Arabia,MEDIUM,1,2
122.167,SAR,2023,35,Silverstone,SOFT,2,6
97.955,HAM,2023,55,Bahrain,HARD,3,25
101.375,OCO,2023,4,Singapore,MEDIUM,1,4
95.509,RIC,2022,10,Silverstone,MEDIUM,2,10
97.956,BOT,2024,56,Bahrain,HARD,3,26
98.543,STR,2023,13,Saudi Arabia,MEDIUM,1,13
97.304,PER,2023,23,Bahrain,SOFT,2,8
101.755,OCO,2023,56,Monaco,INTERMEDIATE,3,2
99.413,SAI,2023,1,Saudi Arabia,MEDIUM,1,1
80.584,SAR,2024,35,Monaco,HARD,2,35
97.258,TSU,2023,46,Bahrain,SOFT,4,9
78.068,RIC,2024,72,Monaco,HARD,2,72
81.772,VER,2023,29,Australia,HARD,2,21
80.593,GAS,2024,26,Monaco,MEDIUM,2,25
80.97,ZHO,2024,52,Monaco,HARD,2,51
96.34,MAG,2024,41,Bahrain,HARD,3,9
95.6,VER,2024,53,Bahrain,SOFT,3,16
87.709,ZHO,2022,11,Monza,MEDIUM,1,11
77.768,VER,2022,63,Monaco,MEDIUM,4,33
97.689,SAR,2023,1,Monaco,MEDIUM,1,1
96.89,MAG,2024,13,Bahrain,HARD,2,2
96.551,SAI,2024,34,Bahrain,HARD,2,20
85.618,VER,2022,8,Monza,SOFT,1,8
77.408,ALO,2023,50,Monaco,HARD,1,51
99.393,SAI,2023,40,Singapore,HARD,2,20
81.725,STR,2023,41,Australia,HARD,2,33
77.64,LEC,2024,57,Monaco,HARD,2,56
93.295,NOR,2022,44,Saudi Arabia,HARD,2,28
96.232,MAG,2024,43,Bahrain,HARD,3,11
81.728,ALO,2023,35,Australia,HARD,2,27
101.501,ZHO,2023,61,Monaco,INTERMEDIATE,3,9
95.12,TSU,2022,34,Silverstone,HARD,3,17
99.686,RUS,2023,18,Singapore,MEDIUM,1,18
85.324,NOR,2022,11,Australia,MEDIUM,1,11
81.646,SAR,2023,21,Monaco,HARD,2,1
80.252,LEC,2024,12,Monaco,HARD,2,11
97.96,PER,2022,23,Bahrain,MEDIUM,2,8
92.895,PER,2023,47,Saudi Arabia,HARD,2,29
96.026,ALB,2024,47,Bahrain,HARD,3,11
96.735,PIA,2023,25,Saudi Arabia,HARD,2,24
78.028,PER,2022,52,Monaco,MEDIUM,4,22
97.787,NOR,2024,3,Bahrain,SOFT,1,6
80.949,GAS,2024,24,Monaco,MEDIUM,2,23
93.358,SAI,2023,44,Saudi Arabia,HARD,2,29
109.902,BOT,2023,18,Australia,HARD,3,17
93.647,PER,2022,30,Saudi Arabia,HARD,2,15
79.152,TSU,2023,22,Monaco,MEDIUM,1,22
103.041,HAM,2023,19,Australia,HARD,2,11
76.712,VER,2023,18,Monaco,MEDIUM,1,18
101.536,GAS,2023,28,Singapore,HARD,2,8
83.442,MAG,2023,28,Australia,HARD,3,21
81.969,HUL,2023,37,Australia,HARD,2,29
96.44,BOT,2023,65,Monaco,INTERMEDIATE,2,14
77.873,OCO,2023,23,Monaco,MEDIUM,1,23
92.141,ALB,2023,73,Monaco,INTERMEDIATE,3,21
78.012,GAS,2023,27,Monaco,HARD,1,27
99.251,VER,2022,9,Bahrain,SOFT,1,12
100.387,OCO,2023,16,Singapore,MEDIUM,1,16
99.228,RUS,2024,1,Bahrain,SOFT,1,4
95.041,SAI,2023,23,Saudi Arabia,HARD,2,8
87.285,ZHO,2023,23,Monza,HARD,2,15
98.27,PER,2022,6,Monaco,WET,1,6
140.945,MAG,2022,17,Saudi Arabia,HARD,1,19
84.378,SAR,2024,41,Monaco,HARD,2,41
91.469,MSC,2022,15,Australia,HARD,2,1
100.29,PER,2023,29,Singapore,HARD,1,29
131.086,MAG,2023,19,Saudi Arabia,HARD,2,11
96.995,ZHO,2024,12,Bahrain,HARD,2,3
100.39,ALO,2023,32,Singapore,HARD,2,12
98.035,VER,2023,5,Bahrain,SOFT,1,8
96.97,ALO,2024,17,Bahrain,HARD,2,2
85.522,PER,2023,39,Monza,HARD,2,18
113.224,HUL,2023,43,Singapore,HARD,2,23
95.551,STR,2023,6,Saudi Arabia,MEDIUM,1,6
78.284,GAS,2023,15,Monaco,HARD,1,15
91.359,HAM,2023,45,Silverstone,SOFT,2,15
86.273,LAW,2023,40,Monza,MEDIUM,3,10
99.011,ALB,2023,21,Saudi Arabia,HARD,2,4
83.634,ALO,2023,13,Australia,HARD,2,5
100.598,LAW,2023,10,Singapore,MEDIUM,1,10
78.009,HUL,2023,23,Monaco,HARD,2,22
95.485,NOR,2024,47,Bahrain,HARD,3,14
77.789,VET,2022,52,Monaco,HARD,4,30
94.816,OCO,2022,29,Saudi Arabia,HARD,2,13
82.635,PIA,2023,29,Australia,HARD,2,21
87.409,HAM,2022,18,Monza,MEDIUM,1,18
97.824,MAG,2022,46,Monza,HARD,2,22
113.094,DEV,2023,28,Silverstone,MEDIUM,2,1
79.626,ZHO,2023,32,Monaco,HARD,2,31
95.277,MAG,2022,1,Monza,MEDIUM,1,1
96.271,MSC,2022,14,Monaco,INTERMEDIATE,2,10
96.183,NOR,2023,42,Saudi Arabia,MEDIUM,3,23
78.39,PIA,2023,32,Monaco,HARD,1,32
151.929,LEC,2022,1,Monaco,WET,1,1
85.782,VER,2022,4,Monza,SOFT,1,4
102.41,TSU,2023,17,Saudi Arabia,MEDIUM,1,17
79.297,ALO,2023,34,Monaco,HARD,1,35
97.304,STR,2023,43,Bahrain,HARD,3,13
88.792,MAG,2023,11,Monza,HARD,1,15
99.485,GAS,2023,22,Bahrain,HARD,2,13
99.931,PER,2022,11,Bahrain,SOFT,1,14
99.489,LEC,2023,12,Bahrain,SOFT,1,12
107.389,SAR,2023,15,Monza,HARD,2,4
83.025,ZHO,2023,32,Australia,HARD,3,31
83.486,OCO,2023,13,Australia,HARD,3,12
99.054,DEV,2023,18,Bahrain,HARD,2,7
75.19,HAM,2024,65,Monaco,HARD,3,15
96.957,HAM,2022,11,Saudi Arabia,HARD,1,12
88.76,LAT,2022,8,Monza,MEDIUM,1,8
142.255,ALB,2024,2,Monaco,HARD,2,1
98.794,ZHO,2023,19,Bahrain,HARD,2,7
81.531,RUS,2024,10,Monaco,MEDIUM,2,9
83.369,HAM,2024,6,Monaco,MEDIUM,2,5
103.482,PIA,2023,56,Monaco,INTERMEDIATE,2,2
76.652,PIA,2024,72,Monaco,HARD,2,72
96.151,RUS,2024,55,Bahrain,HARD,3,24
102.923,GAS,2023,60,Monaco,INTERMEDIATE,3,6
82.125,SAR,2023,44,Monaco,SOFT,3,21
79.654,RIC,2022,45,Monaco,HARD,3,26
81.307,STR,2024,22,Monaco,MEDIUM,2,22
119.413,RUS,2022,32,Monaco,MEDIUM,3,2
84.341,OCO,2023,21,Australia,HARD,3,20
99.602,SAR,2023,27,Bahrain,SOFT,2,15
94.973,VER,2023,22,Saudi Arabia,HARD,2,4
94.947,ALO,2022,6,Silverstone,MEDIUM,2,5
83.034,HUL,2023,44,Australia,HARD,2,36
86.448,LEC,2023,42,Monza,HARD,2,22
77.696,GAS,2022,53,Monaco,HARD,4,31
79.347,TSU,2024,70,Monaco,HARD,2,70
96.138,HAM,2022,11,Monaco,WET,1,11
97.675,PER,2023,65,Monaco,WET,5,8
84.944,HAM,2022,46,Monza,SOFT,2,13
93.337,ALO,2023,33,Saudi Arabia,HARD,2,16
101.063,PER,2023,1,Bahrain,SOFT,1,4
92.524,ZHO,2023,26,Silverstone,HARD,2,2
93.249,ALO,2023,39,Saudi Arabia,HARD,2,22
96.597,BOT,2023,5,Saudi Arabia,MEDIUM,1,5
169.321,GAS,2022,1,Silverstone,MEDIUM,1,1
81.09,ZHO,2024,38,Monaco,HARD,2,37
125.703,MAG,2022,3,Silverstone,MEDIUM,2,4
98.243,VER,2022,22,Bahrain,SOFT,2,8
84.566,PER,2022,45,Monza,SOFT,3,3
94.774,PIA,2024,37,Bahrain,HARD,3,3
96.647,HUL,2023,65,Monaco,WET,4,6
97.667,ZHO,2022,43,Bahrain,MEDIUM,3,6
95.644,RIC,2024,41,Bahrain,SOFT,3,6
96.205,VER,2024,36,Bahrain,HARD,2,19
149.635,VER,2022,19,Saudi Arabia,HARD,2,3
103.496,GAS,2023,57,Monaco,INTERMEDIATE,3,3
94.918,ALO,2023,13,Saudi Arabia,MEDIUM,1,13
83.204,RIC,2022,42,Australia,HARD,2,21
95.158,ZHO,2023,38,Saudi Arabia,MEDIUM,3,20
94.771,ALO,2023,23,Saudi Arabia,HARD,2,6
77.979,SAI,2023,36,Monaco,MEDIUM,2,3
93.941,SAI,2023,14,Silverstone,MEDIUM,1,14
87.296,RIC,2022,45,Monza,HARD,2,26
76.855,HAM,2024,58,Monaco,HARD,3,8
93.317,ALO,2023,18,Silverstone,MEDIUM,1,19
81.033,SAI,2023,47,Australia,HARD,3,40
97.971,SAR,2023,39,Bahrain,HARD,3,9
99.899,LEC,2023,27,Singapore,HARD,2,7
79.314,TSU,2023,24,Monaco,MEDIUM,1,24
91.711,HAM,2022,36,Silverstone,HARD,3,3
85.597,ALO,2022,14,Australia,HARD,1,14
92.445,DEV,2023,51,Silverstone,SOFT,3,19
82.221,SAR,2024,8,Monaco,HARD,2,8
105.705,ZHO,2022,4,Monaco,WET,1,4
97.104,ALO,2024,29,Bahrain,HARD,2,14
99.136,HUL,2023,16,Bahrain,HARD,2,5
107.973,OCO,2022,20,Monza,HARD,2,1
96.373,VER,2023,57,Bahrain,HARD,3,21
95.822,NOR,2023,51,Bahrain,SOFT,6,8
96.698,HAM,2022,9,Saudi Arabia,HARD,1,10
96.881,SAI,2022,10,Monaco,WET,1,10
102.305,LEC,2023,59,Monaco,INTERMEDIATE,3,4
96.794,LEC,2024,20,Bahrain,HARD,2,9
96.621,OCO,2024,41,Bahrain,HARD,3,11
116.108,HUL,2024,42,Bahrain,SOFT,4,2
78.857,HUL,2023,47,Monaco,HARD,2,46
94.892,RUS,2023,17,Saudi Arabia,MEDIUM,1,17
98.537,GAS,2023,39,Bahrain,HARD,3,14
81.683,PIA,2023,52,Australia,HARD,2,44
85.035,DEV,2023,43,Australia,MEDIUM,2,35
87.251,SAR,2023,7,Monza,MEDIUM,1,10
93.424,OCO,2022,47,Saudi Arabia,HARD,2,31
93.279,TSU,2023,31,Silverstone,HARD,2,17
89.345,HAM,2022,52,Monza,SOFT,2,19
98.985,SAI,2023,4,Bahrain,SOFT,1,7
106.575,BOT,2023,26,Monza,MEDIUM,2,4
97.114,PER,2023,40,Bahrain,HARD,3,6
84.117,ZHO,2023,36,Australia,HARD,3,35
79.403,SAI,2024,20,Monaco,HARD,2,19
96.997,SAR,2023,3,Saudi Arabia,HARD,1,3
92.069,ALO,2022,19,Monaco,WET,1,19
97.843,OCO,2024,15,Bahrain,HARD,2,5
81.196,BOT,2024,36,Monaco,HARD,3,22
97.807,BOT,2023,55,Bahrain,HARD,3,26
98.777,STR,2024,17,Bahrain,HARD,2,8
104.388,LAT,2022,13,Australia,MEDIUM,1,13
81.817,SAR,2024,51,Monaco,HARD,2,51
112.724,SAR,2023,30,Silverstone,SOFT,2,1
80.484,ZHO,2024,69,Monaco,HARD,2,68
87.344,HUL,2023,26,Monza,HARD,2,17
93.322,ALB,2023,68,Monaco,INTERMEDIATE,3,16
98.054,LEC,2023,23,Bahrain,HARD,2,10
78.316,LEC,2023,16,Monaco,HARD,1,16
98.809,OCO,2023,20,Bahrain,HARD,3,8
95.392,TSU,2023,27,Saudi Arabia,HARD,2,10
84.005,LAT,2022,43,Australia,HARD,3,20
94.545,PER,2022,11,Saudi Arabia,MEDIUM,1,11
79.489,OCO,2022,43,Monaco,MEDIUM,3,13
98.567,OCO,2023,16,Saudi Arabia,MEDIUM,1,16
99.298,MAG,2023,27,Bahrain,HARD,2,12
97.648,VER,2023,17,Bahrain,SOFT,2,3
97.994,STR,2024,25,Bahrain,HARD,2,16
97.021,TSU,2023,45,Bahrain,SOFT,4,8
85.7,PER,2022,41,Monza,HARD,2,34
81.072,STR,2023,35,Monaco,HARD,1,36
97.242,HUL,2023,50,Bahrain,SOFT,4,13
98.303,HAM,2024,3,Bahrain,SOFT,1,6
97.78,ALB,2023,54,Bahrain,SOFT,4,14
86.313,ZHO,2023,44,Monza,MEDIUM,3,11
94.19,OCO,2022,32,Saudi Arabia,HARD,2,16
83.172,BOT,2024,39,Monaco,HARD,3,25
77.397,VER,2023,8,Monaco,MEDIUM,1,8
95.673,PIA,2023,30,Saudi Arabia,HARD,2,29
83.057,TSU,2023,38,Australia,HARD,2,30
83.485,BOT,2023,23,Australia,HARD,3,22
94.684,LAT,2022,26,Silverstone,MEDIUM,3,7
79.508,ALB,2022,47,Monaco,MEDIUM,4,25
98.345,NOR,2023,20,Bahrain,SOFT,3,6
96.579,OCO,2023,14,Saudi Arabia,MEDIUM,1,14
78.537,SAI,2024,25,Monaco,HARD,2,24
82.473,BOT,2023,49,Australia,HARD,3,48
95.285,HAM,2024,46,Bahrain,HARD,3,13
93.294,HUL,2023,23,Silverstone,MEDIUM,2,16
81.189,STR,2023,43,Australia,HARD,2,35
93.058,ALO,2022,1,Monza,MEDIUM,1,1
99.165,ALB,2022,37,Bahrain,MEDIUM,3,4
84.48,HUL,2023,51,Australia,HARD,2,43
95.334,GAS,2024,51,Bahrain,SOFT,4,8
95.549,NOR,2023,40,Saudi Arabia,MEDIUM,3,21
81.54,BOT,2024,13,Monaco,MEDIUM,2,12
81.259,NOR,2023,53,Australia,HARD,2,45
82.593,HUL,2023,52,Australia,HARD,2,44
92.931,HAM,2023,16,Silverstone,MEDIUM,1,16
98.478,HAM,2023,20,Bahrain,HARD,2,8
96.272,SAI,2024,27,Bahrain,HARD,2,13
77.14,OCO,2023,37,Monaco,HARD,2,5
101.148,HUL,2023,7,Bahrain,SOFT,1,10
87.072,STR,2023,40,Monza,HARD,2,24
78.035,TSU,2024,59,Monaco,HARD,2,59
95.987,STR,2024,37,Bahrain,HARD,3,10
93.18,NOR,2023,3,Silverstone,MEDIUM,1,3
97.345,PER,2023,53,Bahrain,HARD,3,19
97.86,RUS,2023,55,Bahrain,HARD,3,24
78.583,STR,2023,34,Monaco,HARD,1,35
123.428,STR,2023,35,Silverstone,SOFT,2,7
98.229,RUS,2023,64,Monaco,INTERMEDIATE,2,10
82.589,ALB,2022,54,Australia,HARD,1,54
84.967,ALO,2023,52,Monaco,HARD,1,53
84.964,PER,2022,18,Australia,MEDIUM,1,18
83.006,RIC,2022,50,Australia,HARD,2,29
93.61,LEC,2022,16,Silverstone,MEDIUM,2,15
83.785,NOR,2022,37,Australia,HARD,2,17
91.803,STR,2023,43,Silverstone,SOFT,2,15
96.092,TSU,2022,16,Silverstone,SOFT,2,15
78.189,TSU,2023,42,Monaco,MEDIUM,1,42
84.11,TSU,2023,6,Australia,MEDIUM,1,6
94.113,OCO,2023,3,Silverstone,SOFT,1,3
97.048,HAM,2023,44,Bahrain,HARD,3,14
76.353,PER,2023,38,Monaco,MEDIUM,3,5
95.242,MAG,2022,7,Silverstone,MEDIUM,2,8
79.039,ALB,2022,45,Monaco,MEDIUM,4,23
120.029,BOT,2023,35,Silverstone,SOFT,2,3
94.662,MAG,2023,36,Saudi Arabia,HARD,2,28
77.305,RUS,2024,55,Monaco,MEDIUM,2,54
95.715,SAR,2024,30,Bahrain,HARD,3,2
94.134,MAG,2023,45,Saudi Arabia,HARD,2,37
105.134,LAT,2022,3,Monaco,HARD,3,1
82.805,VET,2022,35,Monaco,HARD,4,13
93.964,OCO,2023,42,Saudi Arabia,HARD,2,26
93.575,OCO,2022,42,Saudi Arabia,HARD,2,26
91.906,VER,2023,50,Saudi Arabia,HARD,2,32
94.354,HUL,2023,4,Silverstone,HARD,1,4
94.897,LAT,2022,27,Silverstone,MEDIUM,3,8
96.347,PER,2024,26,Bahrain,HARD,2,14
98.343,ALO,2024,36,Bahrain,HARD,2,21
96.795,HUL,2024,36,Bahrain,HARD,3,16
81.715,BOT,2024,9,Monaco,MEDIUM,2,8
82.824,HUL,2023,16,Australia,HARD,2,8
100.372,VER,2023,36,Singapore,HARD,1,36
79.028,SAR,2023,46,Monaco,SOFT,3,23
130.108,RIC,2024,2,Monaco,HARD,2,2
95.462,LAT,2022,10,Silverstone,SOFT,2,9
81.804,PIA,2023,2,Monaco,HARD,1,2
87.491,MSC,2022,26,Monza,MEDIUM,1,26
95.656,HUL,2023,67,Monaco,WET,4,8
102.641,RIC,2022,11,Bahrain,MEDIUM,1,11
99.939,SAI,2023,42,Singapore,HARD,2,22
104.201,GAS,2023,9,Bahrain,SOFT,1,9
79.973,DEV,2023,28,Monaco,MEDIUM,1,28
98.154,RIC,2024,31,Bahrain,HARD,2,18
94.343,ALB,2023,16,Silverstone,MEDIUM,1,16
93.833,MAG,2023,47,Saudi Arabia,HARD,2,39
85.266,OCO,2023,11,Australia,HARD,3,10
100.087,ALO,2022,21,Bahrain,MEDIUM,2,10
98.911,MAG,2024,2,Bahrain,SOFT,1,2
94.227,LAT,2022,23,Silverstone,MEDIUM,3,4
99.679,LEC,2022,5,Monaco,WET,1,5
77.528,SAI,2024,51,Monaco,HARD,2,50
83.261,HUL,2023,12,Australia,HARD,2,4
81.452,OCO,2023,51,Australia,HARD,3,50
75.941,LEC,2024,67,Monaco,HARD,2,66
93.28,HAM,2023,13,Silverstone,MEDIUM,1,13
86.41,RUS,2023,26,Monza,HARD,2,10
81.959,PER,2022,54,Australia,HARD,2,34
98.744,GAS,2024,3,Bahrain,SOFT,1,3
79.342,HAM,2024,25,Monaco,MEDIUM,2,24
98.476,TSU,2022,9,Monaco,INTERMEDIATE,2,3
93.005,PIA,2023,16,Silverstone,MEDIUM,1,16
76.828,SAI,2022,45,Monaco,HARD,3,24
83.747,STR,2022,49,Australia,HARD,4,30
78.608,HUL,2023,46,Monaco,HARD,2,45
81.97,STR,2024,17,Monaco,MEDIUM,2,17
87.369,STR,2023,11,Monza,MEDIUM,1,11
99.208,LEC,2023,30,Singapore,HARD,2,10
93.79,VER,2023,17,Saudi Arabia,MEDIUM,1,17
78.816,VER,2023,32,Monaco,MEDIUM,1,32
97.213,LAT,2022,9,Monaco,HARD,3,7
100.547,MSC,2022,26,Bahrain,MEDIUM,2,14
80.612,TSU,2024,18,Monaco,HARD,2,18
100.271,RUS,2023,7,Singapore,MEDIUM,1,7
93.056,BOT,2023,40,Silverstone,SOFT,2,8
96.126,ALB,2023,9,Saudi Arabia,MEDIUM,1,9
98.357,VER,2022,3,Bahrain,SOFT,1,6
98.346,ALB,2023,39,Bahrain,HARD,3,13
84.166,ALO,2022,36,Australia,HARD,1,36
115.804,RUS,2023,55,Monaco,INTERMEDIATE,2,1
97.859,PIA,2024,5,Bahrain,SOFT,1,8
107.735,GAS,2023,17,Saudi Arabia,HARD,2,3
93.175,ALB,2023,26,Silverstone,MEDIUM,1,26
98.474,SAI,2023,28,Bahrain,HARD,2,15
82.866,ALO,2024,7,Monaco,MEDIUM,2,7
96.601,ALB,2022,14,Monaco,WET,1,14
86.643,DEV,2022,25,Monza,MEDIUM,2,6
77.699,ALO,2023,17,Monaco,HARD,1,18
91.718,RUS,2023,45,Silverstone,MEDIUM,2,17
95.359,VER,2023,5,Saudi Arabia,MEDIUM,1,5
97.062,STR,2024,42,Monaco,MEDIUM,2,42
80.613,HAM,2023,49,Australia,HARD,2,41
97.204,NOR,2022,43,Bahrain,SOFT,3,2
84.327,ALB,2023,4,Australia,MEDIUM,1,4
112.222,ZHO,2022,47,Bahrain,SOFT,4,5
95.109,PIA,2024,41,Bahrain,HARD,3,7
101.088,HAM,2023,3,Singapore,MEDIUM,1,3
79.176,RIC,2024,54,Monaco,HARD,2,54
83.519,MAG,2023,14,Australia,HARD,3,7
82.635,PIA,2023,29,Australia,HARD,2,21
77.874,ALB,2024,67,Monaco,HARD,2,66
97.998,SAI,2022,6,Monaco,WET,1,6
79.632,ZHO,2022,48,Monaco,MEDIUM,3,19
83.238,ALB,2022,42,Australia,HARD,1,42
84.732,NOR,2023,5,Australia,MEDIUM,1,5
92.164,GAS,2022,20,Monaco,INTERMEDIATE,2,19
98.697,PER,2022,28,Bahrain,MEDIUM,2,13
98.316,SAR,2023,55,Bahrain,SOFT,4,15
99.884,LAW,2023,54,Singapore,HARD,2,34
98.689,RIC,2024,6,Bahrain,SOFT,1,9
97.189,BOT,2024,39,Bahrain,HARD,3,9
86.3,MAG,2023,35,Monza,MEDIUM,3,2
98.493,SAR,2024,12,Bahrain,HARD,2,2
77.019,TSU,2024,65,Monaco,HARD,2,65
100.815,ALB,2023,16,Singapore,MEDIUM,1,16
95.005,PIA,2024,40,Bahrain,HARD,3,6
100.028,BOT,2023,56,Monaco,INTERMEDIATE,2,5
83.31,TSU,2023,36,Australia,HARD,2,28
78.574,VER,2024,30,Monaco,MEDIUM,2,29
96.975,OCO,2024,46,Bahrain,HARD,3,16
102.668,MAG,2023,2,Singapore,MEDIUM,1,2
97.931,ALO,2023,45,Bahrain,HARD,3,11
81.53,GAS,2024,13,Monaco,MEDIUM,2,12
96.087,TSU,2023,13,Saudi Arabia,MEDIUM,1,13
143.979,SAI,2022,1,Silverstone,MEDIUM,1,1
84.29,GAS,2023,5,Australia,SOFT,1,5
119.77,GAS,2024,32,Bahrain,HARD,3,1
95.295,NOR,2024,43,Bahrain,HARD,3,10
84.939,BOT,2022,18,Australia,MEDIUM,1,18
111.232,ZHO,2022,49,Bahrain,SOFT,4,7
80.335,TSU,2024,17,Monaco,HARD,2,17
83.715,LEC,2022,16,Australia,MEDIUM,1,16
92.41,PER,2022,43,Saudi Arabia,HARD,2,28
81.232,PER,2023,44,Australia,HARD,4,37
79.784,SAI,2024,31,Monaco,HARD,2,30
83.995,STR,2022,52,Australia,HARD,4,33
83.647,ALB,2024,54,Monaco,HARD,2,53
97.062,PER,2023,52,Bahrain,HARD,3,18
88.096,STR,2022,3,Monza,MEDIUM,1,4
78.988,NOR,2023,16,Monaco,MEDIUM,1,16
75.641,VER,2024,76,Monaco,HARD,3,25
91.141,SAI,2022,50,Silverstone,SOFT,4,11
87.035,GAS,2023,20,Monza,HARD,2,13
78.9,PIA,2023,11,Monaco,HARD,1,11
83.225,OCO,2022,45,Australia,HARD,2,28
80.857,BOT,2024,29,Monaco,HARD,3,15
98.379,GAS,2024,26,Bahrain,HARD,2,14
99.686,ALO,2022,33,Bahrain,HARD,3,8
77.182,ALO,2023,25,Monaco,HARD,1,26
100.134,SAR,2023,39,Singapore,HARD,2,20
127.597,MAG,2023,2,Australia,MEDIUM,1,2
83.647,STR,2023,15,Australia,HARD,2,7
99.91,ZHO,2022,13,Monaco,WET,1,13
87.253,SAR,2023,27,Monza,HARD,2,16
97.285,PER,2022,8,Monaco,WET,1,8
94.811,BOT,2023,1,Monza,HARD,1,4
95.942,GAS,2023,43,Bahrain,SOFT,4,3
95.082,SAI,2022,12,Saudi Arabia,MEDIUM,1,12
82.901,TSU,2023,40,Australia,HARD,2,32
77.975,NOR,2024,48,Monaco,HARD,2,48
81.657,VER,2024,8,Monaco,MEDIUM,2,7
98.257,VER,2022,20,Bahrain,SOFT,2,6
78.837,LEC,2023,5,Monaco,HARD,1,5
134.32,TSU,2022,50,Bahrain,SOFT,4,9
79.243,NOR,2024,34,Monaco,HARD,2,34
83.418,ZHO,2023,23,Australia,HARD,3,22
95.741,MAG,2024,37,Bahrain,HARD,3,5
98.088,GAS,2023,35,Bahrain,HARD,3,10
78.018,OCO,2023,15,Monaco,MEDIUM,1,15
79.109,NOR,2023,27,Monaco,MEDIUM,1,27
87.83,HAM,2023,20,Monza,HARD,1,23
100.995,MAG,2023,9,Singapore,MEDIUM,1,9
82.741,NOR,2023,20,Australia,HARD,2,12
99.361,ZHO,2023,29,Bahrain,HARD,2,17
100.946,HUL,2023,52,Singapore,HARD,2,32
94.493,ALB,2022,41,Saudi Arabia,HARD,2,28
97.357,ALO,2024,20,Bahrain,HARD,2,5
100.225,ALB,2022,18,Bahrain,MEDIUM,2,5
84.327,ALB,2023,4,Australia,MEDIUM,1,4
95.333,LAT,2022,13,Silverstone,SOFT,2,12
90.63,ALB,2023,70,Monaco,INTERMEDIATE,3,18
85.785,OCO,2022,14,Australia,MEDIUM,1,14
81.814,PER,2023,37,Australia,HARD,4,30
79.812,ALB,2024,40,Monaco,HARD,2,39
95.901,OCO,2023,11,Saudi Arabia,MEDIUM,1,11
98.985,GAS,2023,15,Bahrain,HARD,2,6
80.495,TSU,2024,30,Monaco,HARD,2,30
81.063,ALO,2023,45,Australia,HARD,2,37
102.409,SAR,2023,30,Bahrain,SOFT,2,18
86.485,NOR,2023,27,Monza,HARD,2,9
79.929,MAG,2023,10,Monaco,HARD,1,10
94.996,HAM,2024,42,Bahrain,HARD,3,9
92.83,PER,2023,40,Saudi Arabia,HARD,2,22
84.798,VER,2022,30,Monza,MEDIUM,2,5
80.612,TSU,2024,18,Monaco,HARD,2,18
97.577,ALB,2023,7,Saudi Arabia,MEDIUM,1,7
94.19,PER,2023,16,Saudi Arabia,MEDIUM,1,16
77.709,RUS,2023,24,Monaco,HARD,1,24
81.583,STR,2023,42,Australia,HARD,2,34
87.567,NOR,2023,38,Monza,HARD,2,20
78.169,TSU,2023,47,Monaco,MEDIUM,1,47
85.584,PER,2023,28,Monza,HARD,2,7
93.465,SAI,2023,39,Saudi Arabia,HARD,2,24
87.661,NOR,2023,49,Monza,HARD,2,31
96.561,LEC,2022,36,Bahrain,MEDIUM,3,5
103.31,SAI,2023,13,Bahrain,SOFT,1,16
76.764,SAI,2022,42,Monaco,HARD,3,21
77.326,SAI,2024,30,Monaco,HARD,2,29
80.671,VER,2023,53,Australia,HARD,2,45
81.082,ALO,2024,38,Monaco,MEDIUM,2,38
91.68,PIA,2023,31,Silverstone,HARD,2,2
96.352,ZHO,2022,15,Monaco,WET,1,15
101.549,ALO,2022,5,Monaco,WET,1,5
80.124,SAR,2024,46,Monaco,HARD,2,46
86.442,VER,2023,12,Monza,MEDIUM,1,12
97.991,STR,2023,57,Bahrain,HARD,3,27
96.717,HAM,2024,23,Bahrain,HARD,2,11
100.363,ALB,2023,11,Singapore,MEDIUM,1,11
78.069,BOT,2022,58,Monaco,HARD,3,38
82.047,OCO,2023,27,Australia,HARD,3,26
96.803,GAS,2023,49,Bahrain,SOFT,4,9
82.613,HUL,2023,20,Australia,HARD,2,12
80.295,STR,2023,14,Monaco,HARD,1,15
97.542,ALO,2023,16,Bahrain,HARD,2,2
95.292,OCO,2022,27,Saudi Arabia,HARD,2,11
117.79,MAG,2023,7,Australia,MEDIUM,1,7
93.483,HAM,2023,8,Silverstone,MEDIUM,1,8
112.131,ZHO,2024,2,Monaco,HARD,2,1
100.615,LEC,2023,61,Singapore,HARD,2,41
78.958,HAM,2023,6,Monaco,MEDIUM,1,6
118.339,RIC,2022,21,Silverstone,HARD,3,1
82.737,PER,2023,22,Australia,HARD,4,15
93.438,RIC,2022,47,Silverstone,SOFT,5,9
86.126,SAI,2023,34,Monza,HARD,2,15
89.909,OCO,2023,53,Monaco,HARD,2,21
83.496,PIA,2023,13,Australia,HARD,2,5
99.302,TSU,2023,18,Bahrain,HARD,2,8
87.5,TSU,2022,17,Monza,MEDIUM,1,17
88.128,GAS,2023,73,Monaco,INTERMEDIATE,3,19
93.087,HAM,2023,25,Silverstone,MEDIUM,1,25
146.908,BOT,2023,33,Silverstone,SOFT,2,1
83.996,PIA,2023,21,Australia,HARD,2,13
111.842,DEV,2023,18,Australia,MEDIUM,2,10
101.949,HUL,2023,6,Singapore,MEDIUM,1,6
108.467,ZHO,2023,1,Bahrain,SOFT,1,1
95.368,HUL,2023,32,Saudi Arabia,HARD,2,21
80.727,ZHO,2023,16,Monaco,HARD,2,15
77.179,OCO,2023,29,Monaco,MEDIUM,1,29
76.303,RUS,2024,78,Monaco,MEDIUM,2,77
93.864,HAM,2023,34,Saudi Arabia,MEDIUM,2,16
87.796,NOR,2023,15,Monza,MEDIUM,1,15
86.64,RUS,2023,47,Monza,HARD,2,31
95.268,OCO,2022,1,Australia,MEDIUM,1,1
101.291,BOT,2022,13,Bahrain,SOFT,1,16
101.684,ZHO,2023,19,Singapore,HARD,2,17
99.439,TSU,2023,22,Bahrain,HARD,2,12
83.719,HUL,2023,13,Australia,HARD,2,5
78.619,ALB,2023,35,Monaco,HARD,2,17
149.075,MAG,2023,20,Saudi Arabia,HARD,2,12
104.975,BOT,2023,1,Silverstone,HARD,1,1
78.197,TSU,2024,66,Monaco,HARD,2,66
92.806,NOR,2023,29,Silverstone,MEDIUM,1,29
86.2,MSC,2022,36,Monza,SOFT,2,3
99.635,BOT,2022,9,Monaco,WET,1,9
92.034,NOR,2023,1,Monaco,MEDIUM,1,1
85.668,ALO,2023,78,Monaco,INTERMEDIATE,3,23
95.7,ALB,2022,31,Saudi Arabia,HARD,2,18
79.043,NOR,2024,20,Monaco,HARD,2,20
94.829,PER,2023,3,Saudi Arabia,MEDIUM,1,3
97.644,MAG,2023,32,Bahrain,SOFT,3,3
93.621,LEC,2023,12,Silverstone,MEDIUM,1,12
80.807,VER,2023,45,Australia,HARD,2,37
94.827,PIA,2023,38,Saudi Arabia,HARD,2,37
94.946,RUS,2023,15,Saudi Arabia,MEDIUM,1,15
94.235,TSU,2023,9,Silverstone,SOFT,1,9
78.465,SAI,2024,35,Monaco,HARD,2,34
97.774,BOT,2023,34,Bahrain,HARD,3,5
95.176,HUL,2023,29,Saudi Arabia,HARD,2,18
78.601,PIA,2024,21,Monaco,HARD,2,21
87.363,GAS,2023,15,Monza,HARD,2,8
95.512,PIA,2023,4,Saudi Arabia,HARD,2,3
100.1,LAT,2022,20,Monaco,HARD,3,18
98.507,ALB,2024,3,Bahrain,SOFT,1,3
85.868,PER,2022,38,Monza,HARD,2,31
99.213,ALO,2022,8,Monaco,WET,1,8
146.231,HAM,2023,22,Singapore,HARD,2,2
96.007,ALB,2023,25,Saudi Arabia,HARD,2,8
79.998,STR,2023,4,Monaco,HARD,1,5
77.778,PER,2022,51,Monaco,MEDIUM,4,21
100.528,MSC,2022,51,Bahrain,SOFT,3,18
78.606,HUL,2023,41,Monaco,HARD,2,40
78.774,BOT,2024,76,Monaco,HARD,3,62
2468.042,NOR,2024,1,Monaco,MEDIUM,1,2
86.75,ALB,2022,9,Australia,HARD,1,9
78.638,SAR,2023,35,Monaco,SOFT,3,12
86.646,BOT,2023,74,Monaco,INTERMEDIATE,2,23
96.678,VER,2023,54,Bahrain,HARD,3,18
84.45,MAG,2022,52,Australia,MEDIUM,2,15
78.619,ALB,2023,35,Monaco,HARD,2,17
77.922,PER,2022,50,Monaco,MEDIUM,4,20
96.64,STR,2024,53,Bahrain,HARD,3,26
85.275,HAM,2022,13,Australia,MEDIUM,1,13
99.744,SAI,2023,9,Bahrain,SOFT,1,12
77.11,HAM,2023,50,Monaco,HARD,2,19
80.571,STR,2024,54,Monaco,SOFT,4,6
76.793,ALB,2023,25,Monaco,HARD,2,7
86.748,DEV,2022,22,Monza,MEDIUM,2,3
97.393,OCO,2024,55,Bahrain,HARD,3,25
96.899,VER,2023,55,Singapore,MEDIUM,2,15
82.141,HUL,2023,36,Australia,HARD,2,28
78.607,ZHO,2023,40,Monaco,HARD,2,39
96.437,BOT,2024,41,Bahrain,HARD,3,11
103.464,VER,2023,57,Monaco,INTERMEDIATE,2,2
95.449,MAG,2023,40,Saudi Arabia,HARD,2,32
79.854,TSU,2024,53,Monaco,HARD,2,53
85.121,SAR,2023,48,Australia,HARD,5,19
100.783,NOR,2023,9,Bahrain,SOFT,1,9
96.35,RUS,2024,56,Bahrain,HARD,3,25
86.779,PER,2023,15,Monza,MEDIUM,1,15
93.491,SAI,2022,12,Silverstone,MEDIUM,2,11
83.169,RUS,2023,12,Australia,HARD,3,5
102.809,MSC,2022,11,Bahrain,SOFT,1,11
87.749,STR,2022,25,Monza,HARD,2,8
85.492,MAG,2022,56,Australia,MEDIUM,2,19
78.207,HAM,2023,19,Monaco,MEDIUM,1,19
87.712,MSC,2022,6,Monza,MEDIUM,1,6
80.336,ALO,2024,74,Monaco,MEDIUM,2,74
80.283,PER,2023,14,Monaco,HARD,2,13
121.235,SAR,2024,2,Monaco,HARD,2,2
98.062,LEC,2024,3,Bahrain,SOFT,1,6
129.65,SAI,2023,33,Silverstone,HARD,2,7
78.025,OCO,2023,13,Monaco,MEDIUM,1,13
94.131,GAS,2023,44,Saudi Arabia,HARD,2,30
101.345,MAG,2023,12,Bahrain,HARD,1,12
98.163,TSU,2023,35,Bahrain,HARD,3,9
80.23,BOT,2024,41,Monaco,HARD,3,27
121.65,NOR,2022,16,Saudi Arabia,MEDIUM,1,16
78.964,BOT,2024,62,Monaco,HARD,3,48
97.056,ALO,2024,32,Bahrain,HARD,2,17
97.316,RUS,2023,45,Bahrain,HARD,3,14
79.785,STR,2023,6,Monaco,HARD,1,7
80.341,BOT,2023,4,Monaco,HARD,1,4
81.074,SAI,2023,43,Australia,HARD,3,36
87.182,BOT,2022,33,Monza,MEDIUM,1,33
99.674,ALO,2023,6,Bahrain,SOFT,1,9
101.545,LEC,2022,31,Bahrain,SOFT,2,19
83.821,RIC,2022,38,Australia,HARD,2,17
79.134,ALB,2024,34,Monaco,HARD,2,33
83.537,PER,2023,21,Australia,HARD,4,14
127.663,NOR,2023,28,Bahrain,MEDIUM,4,1
81.474,SAR,2024,56,Monaco,HARD,2,56
86.903,GAS,2023,35,Monza,MEDIUM,3,4
100.397,ZHO,2023,13,Singapore,HARD,2,11
96.551,SAI,2024,34,Bahrain,HARD,2,20
104.039,LAT,2022,4,Monaco,HARD,3,2
100.978,HUL,2023,9,Singapore,MEDIUM,1,9
92.962,PER,2023,26,Silverstone,MEDIUM,1,26
94.509,PIA,2023,47,Saudi Arabia,HARD,2,46
100.29,ALO,2022,6,Monaco,WET,1,6
83.893,TSU,2023,29,Australia,HARD,2,21
92.35,VER,2023,24,Silverstone,MEDIUM,1,24
79.376,GAS,2024,29,Monaco,MEDIUM,2,28
92.584,VER,2022,47,Silverstone,SOFT,5,8
95.992,SAI,2022,51,Bahrain,SOFT,4,10
78.363,PIA,2023,30,Monaco,HARD,1,30
80.882,MAG,2023,33,Monaco,HARD,1,33
98.94,STR,2022,20,Bahrain,SOFT,2,2
119.887,DEV,2023,1,Australia,HARD,1,1
80.662,RIC,2024,23,Monaco,HARD,2,23
145.332,SAI,2022,48,Monza,SOFT,3,1
98.758,PER,2023,4,Bahrain,SOFT,1,7
101.91,LAW,2023,59,Singapore,HARD,2,39
97.15,TSU,2023,3,Saudi Arabia,MEDIUM,1,3
77.994,RUS,2022,38,Monaco,MEDIUM,3,8
93.78,HUL,2023,50,Saudi Arabia,HARD,2,39
94.4,PER,2024,41,Bahrain,SOFT,3,5
81.741,STR,2022,37,Monaco,None,5,14
79.28,BOT,2024,58,Monaco,HARD,3,44
132.726,VET,2022,4,Australia,HARD,1,5
81.894,VER,2023,34,Australia,HARD,2,26
80.307,STR,2024,27,Monaco,MEDIUM,2,27
97.426,NOR,2023,45,Bahrain,HARD,5,8
81.071,RIC,2024,47,Monaco,HARD,2,47
81.125,RIC,2024,16,Monaco,HARD,2,16
91.148,VER,2023,47,Silverstone,SOFT,2,17
75.815,VER,2024,54,Monaco,HARD,3,3
80.525,RUS,2024,13,Monaco,MEDIUM,2,12
78.854,MAG,2023,49,Monaco,HARD,1,49
96.332,STR,2024,34,Bahrain,HARD,3,7
117.098,RIC,2022,48,Bahrain,SOFT,4,4
98.442,MAG,2022,18,Bahrain,SOFT,2,7
98.262,BOT,2024,25,Bahrain,HARD,2,13
79.194,NOR,2024,23,Monaco,HARD,2,23
78.67,VER,2022,60,Monaco,MEDIUM,4,30
79.112,BOT,2023,37,Monaco,HARD,1,37
97.159,SAR,2023,9,Saudi Arabia,HARD,1,9
96.91,BOT,2024,50,Bahrain,HARD,3,20
94.831,ALO,2022,26,Saudi Arabia,HARD,2,10
98.014,HAM,2023,51,Bahrain,HARD,3,21
79.219,ALO,2024,59,Monaco,MEDIUM,2,59
81.306,GAS,2024,23,Monaco,MEDIUM,2,22
93.004,TSU,2023,22,Silverstone,HARD,2,8
78.396,NOR,2024,26,Monaco,HARD,2,26
78.694,LEC,2024,41,Monaco,HARD,2,40
98.712,LEC,2022,6,Bahrain,SOFT,1,6
100.364,HAM,2023,18,Singapore,MEDIUM,1,18
79.511,SAR,2024,44,Monaco,HARD,2,44
96.437,BOT,2024,41,Bahrain,HARD,3,11
103.485,TSU,2024,1,Bahrain,SOFT,1,1
124.094,VER,2022,54,Bahrain,SOFT,4,14
95.42,ALB,2023,65,Monaco,INTERMEDIATE,3,13
96.644,PIA,2024,20,Bahrain,HARD,2,8
78.284,NOR,2022,41,Monaco,HARD,4,19
81.872,HUL,2023,50,Australia,HARD,2,42
114.974,HAM,2024,34,Bahrain,HARD,3,1
100.798,RIC,2022,8,Monaco,WET,1,8
96.911,ALO,2023,43,Bahrain,HARD,3,9
81.942,HUL,2023,49,Australia,HARD,2,41
99.62,SAR,2023,28,Bahrain,SOFT,2,16
95.047,HAM,2023,17,Saudi Arabia,HARD,1,17
98.137,MSC,2022,43,Bahrain,SOFT,3,10
75.944,ALO,2022,59,Monaco,MEDIUM,3,29
93.864,MSC,2022,35,Silverstone,HARD,3,16
83.122,RIC,2022,49,Australia,HARD,2,28
97.211,SAR,2023,20,Monaco,MEDIUM,1,20
131.878,BOT,2022,50,Monza,SOFT,2,15
95.129,NOR,2022,49,Saudi Arabia,HARD,2,33
82.91,TSU,2023,41,Australia,HARD,2,33
98.315,MAG,2023,50,Bahrain,SOFT,4,10
75.595,SAI,2024,68,Monaco,HARD,2,67
80.471,VER,2023,50,Australia,HARD,2,42
98.572,LEC,2023,6,Bahrain,SOFT,1,6
78.525,HAM,2022,53,Monaco,MEDIUM,4,23
78.412,SAI,2024,38,Monaco,HARD,2,37
96.313,GAS,2024,35,Bahrain,HARD,3,4
78.977,PER,2022,60,Monaco,MEDIUM,4,30
83.104,VER,2023,5,Australia,MEDIUM,1,5
97.388,HAM,2023,37,Bahrain,HARD,3,7
101.448,ALO,2022,9,Bahrain,SOFT,1,12
94.509,LAT,2022,19,Silverstone,SOFT,2,18
96.678,VER,2023,54,Bahrain,HARD,3,18
95.383,LEC,2024,50,Bahrain,HARD,3,16
98.643,BOT,2024,4,Bahrain,SOFT,1,4
92.495,BOT,2023,70,Monaco,INTERMEDIATE,2,19
94.977,SAI,2022,11,Saudi Arabia,MEDIUM,1,11
124.797,NOR,2023,3,Australia,MEDIUM,1,3
120.381,OCO,2023,13,Bahrain,HARD,2,1
96.113,PER,2022,53,Bahrain,SOFT,4,13
84.809,GAS,2022,36,Australia,HARD,2,15
98.029,SAR,2023,35,Bahrain,HARD,3,5
96.537,GAS,2024,39,Bahrain,HARD,3,8
99.677,NOR,2022,39,Bahrain,HARD,2,15
96.683,ZHO,2024,40,Bahrain,HARD,3,12
98.664,GAS,2024,5,Bahrain,SOFT,1,5
79.053,LEC,2024,29,Monaco,HARD,2,28
76.917,SAI,2023,50,Monaco,MEDIUM,2,17
120.808,GAS,2022,33,Bahrain,HARD,3,1
87.454,GAS,2023,23,Monza,HARD,2,16
87.918,MAG,2022,6,Monza,MEDIUM,1,6
77.966,GAS,2022,59,Monaco,HARD,4,37
96.138,HAM,2024,57,Bahrain,HARD,3,24
93.046,VER,2023,14,Silverstone,MEDIUM,1,14
95.836,BOT,2022,14,Monaco,WET,1,14
82.187,STR,2023,21,Australia,HARD,2,13
105.921,SAR,2024,1,Bahrain,SOFT,1,1
96.89,MAG,2024,54,Bahrain,HARD,3,22
84.53,RUS,2022,36,Australia,HARD,2,13
82.681,HUL,2023,21,Australia,HARD,2,13
102.527,OCO,2023,60,Monaco,INTERMEDIATE,3,6
86.511,STR,2022,9,Australia,HARD,3,5
93.22,HAM,2023,41,Saudi Arabia,MEDIUM,2,23
103.106,ZHO,2022,15,Bahrain,SOFT,1,15
92.109,MSC,2022,48,Silverstone,SOFT,4,9
76.567,BOT,2024,18,Monaco,HARD,3,4
132.056,BOT,2022,4,Australia,MEDIUM,1,4
97.638,ALO,2024,26,Bahrain,HARD,2,11
105.543,ALO,2023,1,Australia,MEDIUM,1,2
101.175,HAM,2023,30,Bahrain,HARD,2,18
85.406,MAG,2023,4,Australia,MEDIUM,1,4
95.527,GAS,2022,9,Silverstone,SOFT,2,8
97.065,ALB,2023,3,Saudi Arabia,MEDIUM,1,3
98.645,HAM,2024,9,Bahrain,SOFT,1,12
76.517,NOR,2024,75,Monaco,HARD,2,75
96.289,NOR,2023,14,Saudi Arabia,HARD,2,12
100.844,GAS,2022,9,Bahrain,SOFT,1,12
82.72,HAM,2023,22,Australia,HARD,2,14
97.274,STR,2022,51,Bahrain,SOFT,4,6
95.782,NOR,2024,53,Bahrain,HARD,3,20
92.079,HAM,2022,32,Silverstone,MEDIUM,2,31
82.155,SAI,2023,30,Australia,HARD,3,23
91.902,BOT,2023,42,Silverstone,SOFT,2,10
83.059,OCO,2022,56,Australia,HARD,2,39
78.165,HAM,2023,32,Monaco,HARD,2,1
98.161,SAI,2023,17,Bahrain,HARD,2,4
77.571,OCO,2022,50,Monaco,MEDIUM,3,20
79.989,STR,2023,2,Monaco,HARD,1,3
85.912,VER,2023,42,Monza,HARD,2,22
91.253,PIA,2023,69,Monaco,INTERMEDIATE,2,15
102.235,STR,2022,13,Bahrain,SOFT,1,13
79.023,MAG,2023,26,Monaco,HARD,1,26
98.336,ZHO,2023,46,Bahrain,SOFT,3,17
84.856,PER,2023,50,Monaco,MEDIUM,3,17
80.593,SAI,2023,2,Monaco,HARD,1,2
82.846,VER,2022,35,Australia,HARD,2,17
97.243,ALO,2023,39,Bahrain,HARD,3,5
133.679,RUS,2022,5,Australia,MEDIUM,1,5
99.926,RIC,2022,32,Silverstone,HARD,3,12
101.931,STR,2022,4,Bahrain,SOFT,1,4
131.044,HAM,2022,46,Bahrain,SOFT,4,5
92.302,LEC,2022,29,Silverstone,HARD,3,4
78.151,NOR,2023,39,Monaco,MEDIUM,1,39
101.789,NOR,2023,60,Monaco,INTERMEDIATE,3,6
94.761,DEV,2023,5,Silverstone,SOFT,1,5
81.764,GAS,2024,30,Monaco,MEDIUM,2,29
77.493,SAR,2023,31,Monaco,SOFT,3,8
91.539,GAS,2023,42,Silverstone,SOFT,2,14
127.15,PIA,2023,2,Australia,MEDIUM,1,2
78.361,LEC,2023,18,Monaco,HARD,1,18
98.664,LEC,2023,5,Bahrain,SOFT,1,5
146.603,ALB,2023,33,Silverstone,SOFT,2,5
80.734,ALO,2023,49,Australia,HARD,2,41
80.418,PER,2023,15,Monaco,HARD,2,14
79.148,NOR,2023,11,Monaco,MEDIUM,1,11
95.799,ALB,2024,42,Bahrain,HARD,3,6
97.695,ALB,2023,50,Bahrain,SOFT,4,10
78.345,NOR,2022,50,Monaco,HARD,4,28
93.035,RUS,2022,44,Saudi Arabia,HARD,2,28
92.869,VER,2023,28,Saudi Arabia,HARD,2,10
96.251,NOR,2023,24,Saudi Arabia,MEDIUM,3,5
97.974,VER,2023,2,Bahrain,SOFT,1,5
98.012,GAS,2023,29,Bahrain,HARD,3,4
90.387,RUS,2023,1,Monaco,HARD,1,1
122.932,PIA,2023,54,Australia,HARD,2,46
119.039,PER,2022,29,Monaco,HARD,3,7
78.469,GAS,2024,62,Monaco,MEDIUM,2,61
133.261,ALO,2022,50,Bahrain,SOFT,4,8
103.42,NOR,2022,10,Bahrain,MEDIUM,1,10
98.596,ZHO,2023,48,Bahrain,SOFT,3,19
76.414,LEC,2024,60,Monaco,HARD,2,59
78.8,MAG,2023,21,Monaco,HARD,1,21
78.681,NOR,2023,24,Monaco,MEDIUM,1,24
86.878,RUS,2022,5,Monza,SOFT,1,5
95.653,PIA,2024,49,Bahrain,HARD,3,15
99.307,HUL,2022,24,Bahrain,SOFT,2,5
95.005,PIA,2023,36,Saudi Arabia,HARD,2,35
84.527,DEV,2023,29,Australia,MEDIUM,2,21
104.691,RUS,2023,13,Bahrain,SOFT,1,16
88.664,LAT,2022,11,Monza,MEDIUM,1,11
96.582,NOR,2024,57,Bahrain,HARD,3,24
88.059,HUL,2023,8,Monza,MEDIUM,1,11
87.227,TSU,2022,31,Monza,HARD,2,13
126.609,LEC,2023,34,Silverstone,MEDIUM,3,2
79.045,NOR,2023,6,Monaco,MEDIUM,1,6
79.594,VER,2024,34,Monaco,MEDIUM,2,33
97.26,NOR,2023,29,Bahrain,MEDIUM,4,2
87.105,TSU,2022,34,Monza,HARD,2,16
99.22,SAR,2023,19,Bahrain,SOFT,2,7
98.111,NOR,2023,32,Bahrain,MEDIUM,4,5
94.402,MAG,2023,33,Saudi Arabia,HARD,2,25
99.407,MAG,2023,69,Monaco,WET,2,13
100.718,PIA,2023,4,Bahrain,SOFT,1,4
77.545,RUS,2023,45,Monaco,HARD,1,45
93.734,RUS,2023,69,Monaco,INTERMEDIATE,2,15
83.753,BOT,2023,22,Australia,HARD,3,21
78.185,LEC,2024,50,Monaco,HARD,2,49
110.311,ALO,2023,54,Monaco,HARD,1,55
85.297,VER,2022,7,Monza,SOFT,1,7
98.361,ALO,2023,19,Bahrain,HARD,2,5
86.439,GAS,2023,33,Monza,MEDIUM,3,2
77.874,ALB,2024,67,Monaco,HARD,2,66
82.223,HUL,2023,29,Australia,HARD,2,21
97.807,BOT,2023,55,Bahrain,HARD,3,26
97.783,RUS,2022,41,Bahrain,MEDIUM,3,8
97.763,ALB,2024,19,Bahrain,HARD,2,4
88.199,MSC,2022,8,Monza,MEDIUM,1,8
93.259,LEC,2023,53,Monaco,MEDIUM,2,9
97.097,MAG,2023,33,Bahrain,SOFT,3,4
81.938,RUS,2022,56,Australia,HARD,2,33
94.272,VET,2022,33,Silverstone,MEDIUM,3,29
109.636,ALO,2022,21,Monaco,WET,1,21
80.751,GAS,2024,34,Monaco,MEDIUM,2,33
97.813,TSU,2023,31,Bahrain,HARD,3,5
87.466,DEV,2022,6,Monza,SOFT,1,6
81.691,STR,2023,39,Australia,HARD,2,31
84.834,OCO,2023,76,Monaco,INTERMEDIATE,3,22
97.947,BOT,2023,52,Bahrain,HARD,3,23
106.79,HUL,2023,11,Bahrain,SOFT,1,14
97.313,LEC,2023,36,Bahrain,HARD,3,3
91.85,LEC,2023,46,Silverstone,MEDIUM,3,14
90.709,RUS,2023,71,Monaco,INTERMEDIATE,2,17
95.616,TSU,2022,10,Silverstone,SOFT,2,9
85.761,RUS,2022,6,Monza,SOFT,1,6
84.651,HAM,2023,76,Monaco,INTERMEDIATE,3,22
100.734,HUL,2023,8,Singapore,MEDIUM,1,8
97.581,SAI,2022,19,Bahrain,SOFT,2,5
78.512,RIC,2024,73,Monaco,HARD,2,73
99.485,GAS,2023,22,Bahrain,HARD,2,13
96.324,TSU,2022,14,Monaco,INTERMEDIATE,2,8
2516.858,SAR,2024,1,Monaco,HARD,1,1
98.76,RIC,2024,3,Bahrain,SOFT,1,6
95.821,STR,2024,32,Bahrain,HARD,3,5
102.727,ALO,2023,61,Monaco,INTERMEDIATE,3,6
100.259,BOT,2022,16,Bahrain,MEDIUM,2,2
81.029,RIC,2024,25,Monaco,HARD,2,25
78.951,TSU,2023,8,Monaco,MEDIUM,1,8
80.77,TSU,2024,19,Monaco,HARD,2,19
90.849,VER,2023,20,Monza,MEDIUM,1,20
81.913,ALB,2024,7,Monaco,HARD,2,6
123.623,LAT,2022,39,Silverstone,MEDIUM,3,20
76.445,PER,2023,39,Monaco,MEDIUM,3,6
80.98,LEC,2024,7,Monaco,HARD,2,6
92.111,HAM,2022,35,Silverstone,HARD,3,2
99.725,ZHO,2022,51,Bahrain,SOFT,4,9
95.031,GAS,2022,16,Monaco,INTERMEDIATE,2,15
79.768,MAG,2023,28,Monaco,HARD,1,28
94.973,VER,2022,18,Silverstone,MEDIUM,3,6
75.396,VER,2024,75,Monaco,HARD,3,24
81.869,OCO,2023,38,Australia,HARD,3,37
84.203,MSC,2022,34,Australia,HARD,2,20
94.467,PIA,2023,46,Saudi Arabia,HARD,2,45
78.177,NOR,2024,49,Monaco,HARD,2,49
77.801,LEC,2023,42,Monaco,HARD,1,42
83.236,SAR,2023,17,Monaco,MEDIUM,1,17
94.826,VER,2022,22,Silverstone,MEDIUM,3,10
85.108,PER,2023,4,Australia,HARD,3,2
94.118,RUS,2023,27,Saudi Arabia,HARD,2,9
81.073,VER,2023,48,Australia,HARD,2,40
81.801,GAS,2023,40,Australia,HARD,2,32
91.397,HAM,2022,50,Silverstone,SOFT,4,11
98.985,GAS,2023,15,Bahrain,HARD,2,6
95.993,BOT,2022,6,Saudi Arabia,MEDIUM,1,6
81.121,GAS,2024,32,Monaco,MEDIUM,2,31
95.25,DEV,2023,34,Saudi Arabia,HARD,2,17
94.781,LEC,2022,11,Saudi Arabia,MEDIUM,1,11
79.837,ALO,2024,49,Monaco,MEDIUM,2,49
119.179,HAM,2023,13,Bahrain,HARD,2,1
76.356,PIA,2024,74,Monaco,HARD,2,74
78.502,TSU,2024,56,Monaco,HARD,2,56
87.324,DEV,2022,38,Monza,MEDIUM,2,19
100.38,HAM,2023,17,Singapore,MEDIUM,1,17
85.188,LAT,2022,30,Australia,HARD,3,7
79.006,RUS,2024,26,Monaco,MEDIUM,2,25
100.097,NOR,2023,29,Singapore,HARD,2,9
80.171,HUL,2023,17,Monaco,HARD,2,16
84.568,GAS,2023,13,Australia,HARD,2,5
96.071,MAG,2024,40,Bahrain,HARD,3,8
81.102,SAI,2023,49,Australia,HARD,3,42
95.955,OCO,2023,10,Saudi Arabia,MEDIUM,1,10
99.801,STR,2023,8,Bahrain,SOFT,1,11
95.981,TSU,2024,42,Bahrain,HARD,3,8
79.853,BOT,2023,28,Monaco,HARD,1,28
80.238,HUL,2023,50,Monaco,HARD,2,49
96.506,ZHO,2023,7,Saudi Arabia,MEDIUM,1,7
78.732,STR,2024,65,Monaco,SOFT,4,17
96.522,STR,2023,12,Saudi Arabia,MEDIUM,1,12
79.385,NOR,2024,14,Monaco,HARD,2,14
101.035,OCO,2023,11,Bahrain,SOFT,1,14
82.456,HAM,2023,25,Australia,HARD,2,17
87.424,MSC,2022,30,Monza,MEDIUM,1,30
99.631,MAG,2022,8,Monaco,WET,1,8
77.344,SAR,2023,33,Monaco,SOFT,3,10
93.787,LEC,2023,33,Saudi Arabia,HARD,2,17
87.158,OCO,2023,26,Monza,HARD,2,5
90.107,DEV,2023,71,Monaco,INTERMEDIATE,2,18
92.723,HAM,2022,25,Silverstone,MEDIUM,2,24
82.007,RIC,2024,56,Monaco,HARD,2,56
78.314,RUS,2024,47,Monaco,MEDIUM,2,46
97.422,STR,2022,6,Saudi Arabia,MEDIUM,1,7
128.599,ALB,2023,20,Singapore,MEDIUM,1,20
100.465,ALO,2022,5,Bahrain,SOFT,1,8
98.829,STR,2022,56,Bahrain,SOFT,4,11
96.859,SAR,2024,35,Bahrain,HARD,3,7
77.108,ALO,2023,47,Monaco,HARD,1,48
78.618,HAM,2024,32,Monaco,MEDIUM,2,31
98.45,NOR,2023,19,Australia,HARD,2,11
86.237,HAM,2023,52,Monaco,HARD,2,21
78.36,SAI,2023,17,Monaco,HARD,1,17
99.605,RUS,2022,6,Bahrain,SOFT,1,9
76.458,PER,2023,6,Monaco,HARD,2,5
78.309,HAM,2022,62,Monaco,MEDIUM,4,32
93.816,PER,2022,18,Silverstone,MEDIUM,3,14
94.436,GAS,2023,36,Saudi Arabia,HARD,2,22
96.673,LEC,2024,16,Bahrain,HARD,2,5
83.563,ZHO,2023,30,Australia,HARD,3,29
83.529,GAS,2023,6,Australia,SOFT,1,6
97.72,TSU,2023,54,Bahrain,SOFT,4,17
77.01,OCO,2023,42,Monaco,HARD,2,10
84.046,VER,2023,52,Monaco,MEDIUM,1,52
76.414,LEC,2024,60,Monaco,HARD,2,59
92.436,SAI,2022,43,Saudi Arabia,HARD,2,27
99.506,HUL,2022,26,Bahrain,SOFT,2,7
98.529,MAG,2024,6,Bahrain,SOFT,1,6
92.732,PIA,2023,23,Silverstone,MEDIUM,1,23
97.891,HUL,2023,31,Bahrain,HARD,3,5
98.164,TSU,2024,28,Bahrain,HARD,2,14
78.458,LEC,2024,23,Monaco,HARD,2,22
114.161,HAM,2022,32,Monaco,MEDIUM,4,2
98.389,ZHO,2024,54,Bahrain,HARD,3,26
93.537,HAM,2023,49,Saudi Arabia,MEDIUM,2,31
96.692,HUL,2024,34,Bahrain,HARD,3,14
86.977,GAS,2022,27,Australia,HARD,2,6
98.862,PER,2023,2,Bahrain,SOFT,1,5
94.869,PER,2022,13,Silverstone,MEDIUM,3,9
80.934,STR,2023,50,Australia,HARD,2,42
108.077,ZHO,2022,3,Monaco,WET,1,3
99.614,LEC,2024,34,Bahrain,HARD,2,23
94.764,ZHO,2023,40,Saudi Arabia,MEDIUM,3,22
86.454,MAG,2023,37,Monza,MEDIUM,3,4
100.231,LAW,2023,27,Singapore,HARD,2,7
117.267,RUS,2024,32,Bahrain,HARD,3,1
100.595,RIC,2024,35,Bahrain,HARD,2,22
78.245,ZHO,2023,21,Monaco,HARD,2,20
90.405,ZHO,2023,70,Monaco,INTERMEDIATE,3,18
93.207,ALO,2023,43,Saudi Arabia,HARD,2,26
95.807,GAS,2022,12,Silverstone,SOFT,2,11
82.656,RIC,2022,34,Monaco,HARD,3,15
96.041,GAS,2023,46,Bahrain,SOFT,4,6
96.511,PER,2022,36,Bahrain,SOFT,3,6
82.341,NOR,2023,49,Australia,HARD,2,41
78.087,OCO,2023,20,Monaco,MEDIUM,1,20
96.617,ALO,2022,9,Saudi Arabia,MEDIUM,1,9
100.914,MSC,2022,31,Bahrain,MEDIUM,2,19
81.552,SAI,2023,38,Australia,HARD,3,31
98.275,LEC,2023,46,Singapore,HARD,2,26
94.75,TSU,2022,37,Silverstone,HARD,3,20
99.501,RUS,2023,24,Singapore,HARD,2,4
99.426,SAR,2023,2,Saudi Arabia,HARD,1,2
79.543,SAI,2024,15,Monaco,HARD,2,14
96.282,HUL,2023,8,Saudi Arabia,MEDIUM,1,8
81.961,GAS,2024,17,Monaco,MEDIUM,2,16
87.476,OCO,2023,36,Monza,HARD,2,15
98.885,DEV,2023,54,Bahrain,HARD,3,27
82.233,GAS,2024,7,Monaco,MEDIUM,2,6
102.379,OCO,2023,55,Monaco,INTERMEDIATE,3,1
98.204,GAS,2022,40,Bahrain,HARD,3,8
94.658,ALO,2023,6,Saudi Arabia,MEDIUM,1,6
92.617,LEC,2022,43,Silverstone,HARD,3,18
85.668,ALO,2023,78,Monaco,INTERMEDIATE,3,23
78.294,HAM,2023,51,Monaco,HARD,2,20
88.585,HAM,2023,1,Monaco,MEDIUM,1,1
86.283,SAI,2023,78,Monaco,INTERMEDIATE,3,23
77.215,RUS,2023,40,Monaco,HARD,1,40
79.224,DEV,2023,6,Monaco,MEDIUM,1,6
95.27,GAS,2023,25,Saudi Arabia,HARD,2,11
95.673,LEC,2022,56,Bahrain,SOFT,4,13
96.1,NOR,2023,11,Saudi Arabia,HARD,2,9
86.277,PIA,2023,35,Monza,HARD,2,17
100.423,VER,2023,7,Singapore,HARD,1,7
92.932,HUL,2023,40,Silverstone,SOFT,3,8
97.774,BOT,2023,37,Bahrain,HARD,3,8
100.169,GAS,2022,2,Bahrain,SOFT,1,5
98.61,RIC,2024,4,Bahrain,SOFT,1,7
99.95,TSU,2023,4,Bahrain,SOFT,1,4
95.951,PIA,2023,42,Saudi Arabia,HARD,2,41
76.706,PER,2023,37,Monaco,MEDIUM,3,4
78.148,PIA,2023,43,Monaco,HARD,1,43
95.725,LEC,2023,54,Monaco,MEDIUM,2,10
96.723,HUL,2024,37,Bahrain,HARD,3,17
126.949,BOT,2023,43,Singapore,MEDIUM,2,3
92.35,MSC,2022,46,Silverstone,SOFT,4,7
92.933,PER,2023,46,Saudi Arabia,HARD,2,28
88.08,SAR,2023,2,Monza,MEDIUM,1,5
100.18,ALO,2023,41,Singapore,HARD,2,21
85.76,SAR,2023,11,Australia,MEDIUM,4,3
98.916,ALB,2023,2,Saudi Arabia,MEDIUM,1,2
78.057,OCO,2023,22,Monaco,MEDIUM,1,22
124.025,MAG,2023,3,Australia,MEDIUM,1,3
108.83,MAG,2022,41,Silverstone,MEDIUM,3,19
82.613,HUL,2023,20,Australia,HARD,2,12
96.518,ZHO,2024,34,Bahrain,HARD,3,6
82.049,ZHO,2023,45,Australia,HARD,3,44
97.537,OCO,2024,14,Bahrain,HARD,2,4
104.27,GAS,2022,1,Bahrain,SOFT,1,4
84.353,DEV,2023,26,Australia,MEDIUM,2,18
94.798,GAS,2022,30,Saudi Arabia,HARD,2,15
100.635,NOR,2024,13,Bahrain,SOFT,1,16
95.788,HAM,2022,12,Saudi Arabia,HARD,1,13
79.884,GAS,2023,48,Monaco,MEDIUM,2,1
78.107,SAI,2023,14,Monaco,HARD,1,14
95.59,HUL,2024,44,Bahrain,SOFT,4,4
82.587,MAG,2023,29,Australia,HARD,3,22
84.624,LEC,2024,3,Monaco,HARD,2,2
98.518,ALO,2023,59,Singapore,SOFT,3,17
100.532,RUS,2023,10,Bahrain,SOFT,1,13
87.059,ALO,2022,2,Australia,HARD,1,2
100.961,ALB,2023,25,Singapore,HARD,2,5
77.542,HAM,2024,42,Monaco,MEDIUM,2,41
99.033,SAR,2023,15,Bahrain,SOFT,2,3
118.19,PER,2023,1,Monaco,MEDIUM,1,1
80.869,ZHO,2024,26,Monaco,HARD,2,25
79.58,LEC,2024,18,Monaco,HARD,2,17
80.957,STR,2023,53,Australia,HARD,2,45
79.179,PIA,2024,19,Monaco,HARD,2,19
94.286,OCO,2023,36,Saudi Arabia,HARD,2,20
93.607,VER,2023,48,Saudi Arabia,HARD,2,30
84.926,VER,2022,42,Monza,MEDIUM,2,17
76.609,NOR,2024,71,Monaco,HARD,2,71
101.057,ZHO,2022,11,Bahrain,SOFT,1,11
98.69,SAR,2023,49,Singapore,MEDIUM,3,6
100.265,BOT,2023,6,Bahrain,SOFT,1,6
96.571,GAS,2024,41,Bahrain,HARD,3,10
82.869,VER,2023,14,Australia,HARD,2,6
95.298,PIA,2024,38,Bahrain,HARD,3,4
97.21,STR,2023,33,Bahrain,HARD,3,3
97.936,NOR,2024,10,Bahrain,SOFT,1,13
83.636,BOT,2024,5,Monaco,MEDIUM,2,4
93.021,ALB,2023,22,Silverstone,MEDIUM,1,22
94.06,HUL,2022,42,Saudi Arabia,MEDIUM,2,6
79.367,VER,2023,2,Monaco,MEDIUM,1,2
126.598,HAM,2022,39,Saudi Arabia,HARD,1,40
79.889,BOT,2023,35,Monaco,HARD,1,35
96.406,RUS,2024,3,Bahrain,SOFT,1,6
97.668,ALB,2022,10,Saudi Arabia,MEDIUM,1,10
96.607,BOT,2023,48,Saudi Arabia,SOFT,4,13
99.904,SAR,2023,30,Singapore,HARD,2,11
95.881,HUL,2022,32,Saudi Arabia,HARD,1,33
86.639,PIA,2023,36,Monza,HARD,2,18
81.506,STR,2023,40,Australia,HARD,2,32
75.543,VER,2024,77,Monaco,HARD,3,26
81.681,VER,2023,35,Australia,HARD,2,27
96.942,VER,2023,40,Bahrain,HARD,3,4
94.047,HUL,2023,41,Saudi Arabia,HARD,2,30
87.331,LAT,2022,43,Monza,HARD,2,28
117.225,SAI,2024,15,Bahrain,HARD,2,1
94.159,HAM,2022,31,Saudi Arabia,HARD,1,32
79.364,VER,2024,24,Monaco,MEDIUM,2,23
77.496,NOR,2022,48,Monaco,HARD,4,26
78.573,STR,2023,48,Monaco,HARD,1,49
85.471,LEC,2022,23,Monza,MEDIUM,2,11
79.784,SAI,2024,31,Monaco,HARD,2,30
96.753,HUL,2023,5,Saudi Arabia,MEDIUM,1,5
81.528,RIC,2024,9,Monaco,HARD,2,9
93.44,BOT,2023,31,Silverstone,HARD,1,31
78.383,BOT,2023,49,Monaco,HARD,1,49
98.356,ALB,2022,54,Bahrain,SOFT,4,11
78.032,SAI,2023,20,Monaco,HARD,1,20
94.769,TSU,2023,14,Silverstone,SOFT,1,14
84.369,TSU,2023,14,Australia,HARD,2,6
96.807,LEC,2022,40,Bahrain,MEDIUM,3,9
97.083,NOR,2024,31,Bahrain,HARD,2,18
95.805,RUS,2024,47,Bahrain,HARD,3,16
85.197,LEC,2022,27,Australia,HARD,2,5
85.499,ALB,2022,18,Australia,HARD,1,18
99.017,GAS,2023,20,Bahrain,HARD,2,11
100.425,HUL,2023,27,Singapore,HARD,2,7
116.347,HAM,2022,27,Monaco,HARD,3,5
80.749,TSU,2024,33,Monaco,HARD,2,33
87.526,HAM,2023,14,Monza,HARD,1,17
105.007,LEC,2022,34,Monza,SOFT,3,1
90.126,NOR,2023,69,Monaco,INTERMEDIATE,3,15
100.489,LAT,2022,20,Bahrain,SOFT,2,6
93.156,ALO,2023,42,Saudi Arabia,HARD,2,25
77.501,SAI,2024,58,Monaco,HARD,2,57
82.141,HUL,2023,36,Australia,HARD,2,28
94.27,MAG,2023,41,Saudi Arabia,HARD,2,33
86.896,ZHO,2022,33,Monza,HARD,2,15
86.376,HAM,2022,36,Monza,SOFT,2,3
81.957,ZHO,2024,42,Monaco,HARD,2,41
105.589,TSU,2023,1,Saudi Arabia,MEDIUM,1,1
84.48,HUL,2023,51,Australia,HARD,2,43
114.623,MAG,2022,3,Australia,HARD,1,3
85.363,RIC,2022,18,Australia,MEDIUM,1,18
86.535,LEC,2022,2,Monza,SOFT,1,2
83.682,SAR,2024,4,Monaco,HARD,2,4
95.392,TSU,2023,27,Saudi Arabia,HARD,2,10
109.251,MAG,2022,40,Saudi Arabia,MEDIUM,2,5
77.45,ZHO,2023,23,Monaco,HARD,2,22
142.826,LAT,2022,40,Silverstone,SOFT,4,2
91.754,OCO,2022,19,Monza,SOFT,1,19
89.729,ALB,2023,71,Monaco,INTERMEDIATE,3,19
98.704,HAM,2023,17,Bahrain,HARD,2,5
81.864,ALO,2024,10,Monaco,MEDIUM,2,10
94.662,MAG,2023,36,Saudi Arabia,HARD,2,28
83.883,STR,2022,46,Australia,HARD,4,27
95.842,PER,2024,53,Bahrain,SOFT,3,17
77.117,SAI,2024,70,Monaco,HARD,2,69
93.756,RUS,2023,35,Saudi Arabia,HARD,2,17
84.282,SAR,2023,30,Australia,MEDIUM,4,22
81.974,SAR,2023,41,Australia,HARD,5,12
94.982,VER,2022,13,Saudi Arabia,MEDIUM,1,13
98.075,TSU,2023,37,Bahrain,HARD,3,11
79.963,STR,2024,55,Monaco,SOFT,4,7
78.467,BOT,2024,67,Monaco,HARD,3,53
78.78,NOR,2024,31,Monaco,HARD,2,31
79.468,LEC,2023,4,Monaco,HARD,1,4
100.895,OCO,2023,25,Singapore,HARD,2,5
96.191,ALO,2022,5,Saudi Arabia,MEDIUM,1,5
93.27,RUS,2023,15,Silverstone,SOFT,1,18
102.59,RIC,2022,2,Bahrain,MEDIUM,1,2
95.706,HAM,2024,56,Bahrain,HARD,3,23
96.858,HUL,2024,22,Bahrain,HARD,3,2
80.84,SAR,2024,30,Monaco,HARD,2,30
131.146,LAT,2022,52,Monza,SOFT,3,5
97.976,VER,2023,4,Bahrain,SOFT,1,7
77.427,VER,2023,51,Monaco,MEDIUM,1,51
78.041,PIA,2023,44,Monaco,HARD,1,44
86.869,OCO,2022,45,Monza,HARD,2,26
111.408,HUL,2023,1,Australia,MEDIUM,1,1
95.387,STR,2022,12,Monaco,INTERMEDIATE,3,10
92.573,ALO,2022,23,Australia,HARD,1,23
91.926,LEC,2023,42,Silverstone,MEDIUM,3,10
79.596,HUL,2023,11,Monaco,HARD,2,10
85.471,NOR,2023,74,Monaco,INTERMEDIATE,3,20
78.564,VER,2024,31,Monaco,MEDIUM,2,30
127.597,MAG,2023,2,Australia,MEDIUM,1,2
76.931,ALO,2023,48,Monaco,HARD,1,49
97.236,SAI,2024,2,Bahrain,SOFT,1,5
92.284,BOT,2023,46,Silverstone,SOFT,2,14
147.771,LEC,2022,1,Silverstone,MEDIUM,1,1
105.002,OCO,2023,59,Monaco,INTERMEDIATE,3,5
96.338,ZHO,2023,26,Saudi Arabia,MEDIUM,3,8
103.238,GAS,2023,58,Monaco,INTERMEDIATE,3,4
96.831,HAM,2023,35,Bahrain,HARD,3,5
94.94,HAM,2024,41,Bahrain,HARD,3,8
96.661,PER,2023,47,Bahrain,HARD,3,13
99.789,MAG,2023,62,Monaco,WET,2,6
102.332,PER,2023,54,Monaco,INTERMEDIATE,4,1
108.77,DEV,2023,55,Monaco,INTERMEDIATE,2,2
97.133,LEC,2022,39,Australia,HARD,2,17
82.102,SAI,2023,20,Australia,HARD,3,13
80.255,GAS,2024,20,Monaco,MEDIUM,2,19
78.15,LEC,2023,12,Monaco,HARD,1,12
94.656,RIC,2022,30,Silverstone,HARD,3,10
83.46,VER,2023,11,Australia,HARD,2,3
82.59,HUL,2023,23,Australia,HARD,2,15
85.782,MSC,2022,9,Australia,MEDIUM,1,11
98.567,RUS,2022,22,Bahrain,HARD,2,8
79.47,BOT,2023,32,Monaco,HARD,1,32
82.294,TSU,2023,49,Australia,HARD,2,41
86.805,MSC,2022,41,Monza,SOFT,2,8
77.77,VER,2023,28,Monaco,MEDIUM,1,28
128.105,BOT,2023,20,Saudi Arabia,MEDIUM,3,3
97.652,HAM,2022,1,Monza,MEDIUM,1,1
96.546,HAM,2023,36,Bahrain,HARD,3,6
89.188,ALO,2024,3,Monaco,MEDIUM,2,3
97.617,HUL,2023,30,Bahrain,HARD,3,4
95.158,NOR,2023,36,Saudi Arabia,MEDIUM,3,17
81.255,RIC,2024,39,Monaco,HARD,2,39
82.661,BOT,2023,52,Australia,HARD,3,51
87.331,LAW,2023,8,Monza,MEDIUM,1,11
97.314,HUL,2023,45,Bahrain,SOFT,4,8
75.121,VER,2024,61,Monaco,HARD,3,10
86.697,ZHO,2022,19,Australia,MEDIUM,1,19
98.494,BOT,2023,16,Bahrain,HARD,2,5
96.503,VER,2023,4,Saudi Arabia,MEDIUM,1,4
110.214,STR,2024,1,Bahrain,SOFT,1,1
125.614,SAR,2023,41,Bahrain,SOFT,4,1
94.805,GAS,2024,45,Bahrain,SOFT,4,2
97.286,OCO,2023,19,Australia,HARD,3,18
97.803,HAM,2023,52,Bahrain,HARD,3,22
84.422,STR,2022,45,Australia,HARD,4,26
101.399,LAW,2023,25,Singapore,HARD,2,5
100.096,BOT,2023,61,Monaco,INTERMEDIATE,2,10
94.306,NOR,2022,15,Monaco,WET,1,15
80.972,HUL,2023,15,Monaco,HARD,2,14
97.675,RIC,2022,4,Saudi Arabia,MEDIUM,1,4
76.467,SAI,2023,42,Monaco,MEDIUM,2,9
96.949,BOT,2024,52,Bahrain,HARD,3,22
97.393,BOT,2024,40,Bahrain,HARD,3,10
80.696,RIC,2024,52,Monaco,HARD,2,52
95.279,HAM,2024,36,Bahrain,HARD,3,3
102.673,PIA,2023,6,Singapore,MEDIUM,1,6
94.014,STR,2023,30,Silverstone,MEDIUM,1,31
77.614,NOR,2024,61,Monaco,HARD,2,61
119.681,MSC,2022,50,Monza,SOFT,2,17
85.15,STR,2022,50,Australia,HARD,4,31
86.764,ALB,2023,76,Monaco,INTERMEDIATE,3,24
81.399,ZHO,2024,55,Monaco,HARD,2,54
86.763,VET,2022,8,Australia,HARD,1,9
97.688,BOT,2023,45,Bahrain,HARD,3,16
94.844,PER,2024,46,Bahrain,SOFT,3,10
80.294,TSU,2024,46,Monaco,HARD,2,46
80.462,BOT,2024,21,Monaco,HARD,3,7
100.355,NOR,2023,11,Singapore,MEDIUM,1,11
96.125,TSU,2024,39,Bahrain,HARD,3,5
80.157,RUS,2024,19,Monaco,MEDIUM,2,18
82.817,VER,2023,15,Australia,HARD,2,7
91.25,SAI,2022,48,Silverstone,SOFT,4,9
81.566,RIC,2024,28,Monaco,HARD,2,28
94.469,SAR,2023,49,Saudi Arabia,MEDIUM,2,31
79.658,SAR,2023,2,Monaco,MEDIUM,1,2
77.942,GAS,2023,23,Monaco,HARD,1,23
100.247,OCO,2023,14,Singapore,MEDIUM,1,14
87.285,RUS,2023,14,Monza,MEDIUM,1,14
95.489,HAM,2024,35,Bahrain,HARD,3,2
103.091,OCO,2023,24,Singapore,HARD,2,4
97.803,HAM,2023,52,Bahrain,HARD,3,22
88.569,STR,2022,36,Monza,HARD,2,19
78.282,RIC,2024,48,Monaco,HARD,2,48
80.13,GAS,2022,40,Monaco,HARD,4,18
99.042,SAI,2023,3,Bahrain,SOFT,1,6
80.851,BOT,2024,26,Monaco,HARD,3,12
94.799,PER,2024,44,Bahrain,SOFT,3,8
84.882,GAS,2022,31,Australia,HARD,2,10
91.646,PIA,2023,39,Silverstone,HARD,2,10
93.525,HUL,2023,10,Silverstone,MEDIUM,2,3
82.456,HAM,2023,25,Australia,HARD,2,17
78.785,HAM,2024,24,Monaco,MEDIUM,2,23
93.731,SAR,2023,27,Silverstone,MEDIUM,1,27
93.089,RUS,2023,11,Silverstone,SOFT,1,14
77.879,RUS,2023,22,Monaco,HARD,1,22
98.259,BOT,2024,2,Bahrain,SOFT,1,2
97.636,MAG,2022,38,Bahrain,MEDIUM,3,4
96.608,OCO,2024,40,Bahrain,HARD,3,10
77.384,GAS,2023,32,Monaco,HARD,1,32
97.473,ALO,2023,56,Bahrain,HARD,3,22
78.62,LEC,2024,22,Monaco,HARD,2,21
87.106,OCO,2022,24,Monza,HARD,2,5
87.093,SAI,2022,18,Monza,MEDIUM,1,18
93.435,PER,2022,8,Silverstone,MEDIUM,3,4
98.199,ALO,2023,28,Bahrain,HARD,2,14
101.933,LAW,2023,6,Singapore,MEDIUM,1,6
102.212,ALO,2023,14,Bahrain,SOFT,1,17
81.976,STR,2023,33,Australia,HARD,2,25
94.106,HUL,2023,49,Saudi Arabia,HARD,2,38
78.774,BOT,2024,76,Monaco,HARD,3,62
110.128,DEV,2023,32,Silverstone,MEDIUM,2,5
83.759,PIA,2023,12,Australia,HARD,2,4
93.867,BOT,2023,17,Silverstone,HARD,1,17
95.101,OCO,2022,15,Silverstone,SOFT,2,14
96.652,ZHO,2024,42,Bahrain,HARD,3,14
100.143,ALB,2023,3,Bahrain,SOFT,1,3
87.15,BOT,2023,6,Monza,HARD,1,9
95.973,GAS,2023,5,Saudi Arabia,MEDIUM,1,5
77.069,NOR,2022,64,Monaco,MEDIUM,5,13
78.602,RUS,2024,52,Monaco,MEDIUM,2,51
77.787,RUS,2023,13,Monaco,HARD,1,13
98.512,RUS,2023,19,Bahrain,HARD,2,6
87.094,RIC,2022,24,Monza,HARD,2,5
81.427,GAS,2024,31,Monaco,MEDIUM,2,30
83.558,TSU,2023,30,Australia,HARD,2,22
80.624,ALB,2023,17,Monaco,MEDIUM,1,17
98.008,ALO,2024,7,Bahrain,SOFT,1,10
87.521,GAS,2023,28,Monza,HARD,2,21
149.175,LEC,2022,25,Australia,HARD,2,3
89.326,DEV,2023,52,Monaco,MEDIUM,1,52
96.854,PER,2022,9,Monaco,WET,1,9
93.011,HAM,2023,43,Saudi Arabia,MEDIUM,2,25
78.727,MAG,2023,18,Monaco,HARD,1,18
80.198,DEV,2023,24,Monaco,MEDIUM,1,24
79.589,ALB,2023,32,Monaco,HARD,2,14
93.966,HUL,2023,11,Silverstone,MEDIUM,2,4
79.292,PER,2023,31,Monaco,HARD,2,30
88.268,RUS,2022,13,Monza,SOFT,1,13
85.325,LEC,2022,47,Monza,SOFT,3,14
94.074,HAM,2022,30,Saudi Arabia,HARD,1,31
121.581,SAR,2024,29,Bahrain,HARD,3,1
79.712,RIC,2022,47,Monaco,HARD,3,28
93.48,PER,2023,15,Silverstone,MEDIUM,1,15
79.758,STR,2023,11,Monaco,HARD,1,12
93.281,TSU,2023,20,Silverstone,HARD,2,6
78.937,NOR,2023,17,Monaco,MEDIUM,1,17
81.334,SAR,2024,29,Monaco,HARD,2,29
79.511,BOT,2023,13,Monaco,HARD,1,13
78.042,GAS,2023,44,Monaco,HARD,1,44
79.089,STR,2024,49,Monaco,SOFT,4,1
2456.33,LEC,2024,1,Monaco,MEDIUM,1,1
95.951,PIA,2023,42,Saudi Arabia,HARD,2,41
82.936,ALB,2022,47,Australia,HARD,1,47
87.59,STR,2023,48,Monza,HARD,2,32
92.994,HUL,2023,72,Monaco,WET,4,13
83.934,TSU,2023,34,Australia,HARD,2,26
87.224,MAG,2022,44,Monza,HARD,2,20
95.867,HAM,2023,5,Saudi Arabia,HARD,1,5
97.898,HAM,2022,40,Bahrain,MEDIUM,3,13
99.287,GAS,2024,8,Bahrain,SOFT,1,8
120.495,VER,2023,41,Bahrain,HARD,3,5
78.449,PIA,2024,31,Monaco,HARD,2,31
80.504,HAM,2024,20,Monaco,MEDIUM,2,19
84.995,LAT,2022,32,Australia,HARD,3,9
100.538,PER,2023,15,Singapore,HARD,1,15
94.978,OCO,2023,30,Saudi Arabia,HARD,2,14
76.37,SAR,2024,73,Monaco,MEDIUM,3,16
99.327,GAS,2023,21,Bahrain,HARD,2,12
88.072,BOT,2022,15,Monza,MEDIUM,1,15
78.925,LEC,2024,37,Monaco,HARD,2,36
82.039,STR,2023,44,Australia,HARD,2,36
99.107,NOR,2022,20,Australia,MEDIUM,1,20
79.167,BOT,2023,7,Monaco,HARD,1,7
136.427,PIA,2023,18,Saudi Arabia,HARD,2,17
81.42,ALB,2024,13,Monaco,HARD,2,12
96.29,BOT,2022,3,Saudi Arabia,MEDIUM,1,3
137.156,BOT,2023,1,Australia,SOFT,1,1
76.786,SAI,2023,38,Monaco,MEDIUM,2,5
95.1,SAI,2024,38,Bahrain,HARD,3,3
94.331,SAI,2023,29,Saudi Arabia,HARD,2,14
81.972,MAG,2023,48,Australia,HARD,3,41
101.615,HUL,2023,9,Bahrain,SOFT,1,12
77.831,HAM,2024,48,Monaco,MEDIUM,2,47
98.054,LEC,2023,23,Bahrain,HARD,2,10
102.849,HUL,2023,2,Singapore,MEDIUM,1,2
81.249,TSU,2024,14,Monaco,HARD,2,14
101.526,ZHO,2023,9,Bahrain,SOFT,1,9
92.757,LEC,2022,19,Silverstone,MEDIUM,2,18
98.725,STR,2024,5,Bahrain,SOFT,1,5
79.753,MAG,2023,30,Monaco,HARD,1,30
92.813,MAG,2022,49,Silverstone,MEDIUM,3,27
93.322,LEC,2023,44,Saudi Arabia,HARD,2,28
78.244,RUS,2023,17,Monaco,HARD,1,17
80.818,BOT,2024,49,Monaco,HARD,3,35
94.925,TSU,2023,34,Saudi Arabia,HARD,2,17
93.484,OCO,2023,68,Monaco,INTERMEDIATE,3,14
94.783,VER,2024,50,Bahrain,SOFT,3,13
97.963,MAG,2023,52,Bahrain,SOFT,4,12
85.143,VET,2022,33,Monaco,HARD,4,11
77.599,SAI,2022,53,Monaco,HARD,3,32
99.78,OCO,2022,9,Monaco,WET,1,9
80.775,LEC,2024,10,Monaco,HARD,2,9
84.799,NOR,2022,41,Monza,SOFT,2,8
84.302,RUS,2022,33,Monaco,MEDIUM,3,3
96.562,PIA,2023,23,Saudi Arabia,HARD,2,22
87.372,TSU,2022,6,Monza,MEDIUM,1,6
86.452,RUS,2022,19,Monza,SOFT,1,19
118.785,PER,2023,35,Bahrain,HARD,3,1
81.903,BOT,2022,37,Monaco,HARD,3,17
80.222,STR,2022,40,Monaco,None,5,17
75.638,HAM,2024,70,Monaco,HARD,3,20
82.977,STR,2024,6,Monaco,MEDIUM,2,6
93.989,TSU,2023,43,Saudi Arabia,HARD,2,26
78.412,SAI,2024,38,Monaco,HARD,2,37
97.728,VER,2022,19,Bahrain,SOFT,2,5
79.482,SAI,2023,4,Monaco,HARD,1,4
83.889,SAI,2023,4,Australia,MEDIUM,1,4
87.155,ZHO,2022,23,Monza,HARD,2,5
123.534,NOR,2023,3,Saudi Arabia,HARD,2,1
97.908,BOT,2022,35,Saudi Arabia,HARD,2,19
86.472,NOR,2023,29,Monza,HARD,2,11
94.364,PER,2024,40,Bahrain,SOFT,3,4
95.275,VER,2022,2,Saudi Arabia,MEDIUM,1,2
85.189,VET,2022,17,Australia,HARD,1,18
93.507,HAM,2023,40,Saudi Arabia,MEDIUM,2,22
92.24,ALO,2023,50,Saudi Arabia,HARD,2,33
82.218,PIA,2023,43,Australia,HARD,2,35
93.55,SAI,2022,16,Silverstone,MEDIUM,2,15
122.37,RUS,2022,16,Bahrain,HARD,2,2
97.78,ALB,2023,54,Bahrain,SOFT,4,14
94.477,PER,2023,8,Saudi Arabia,MEDIUM,1,8
102.789,NOR,2023,23,Singapore,HARD,2,3
76.798,VER,2023,24,Monaco,MEDIUM,1,24
133.606,HAM,2023,45,Singapore,MEDIUM,3,1
96.982,ALO,2024,30,Bahrain,HARD,2,15
93.919,PER,2023,7,Silverstone,MEDIUM,1,7
93.512,SAI,2023,45,Saudi Arabia,HARD,2,30
86.404,RUS,2022,9,Monza,SOFT,1,9
103.592,ZHO,2023,59,Monaco,INTERMEDIATE,3,7
101.538,HUL,2023,59,Singapore,HARD,2,39
78.139,RUS,2024,40,Monaco,MEDIUM,2,39
99.287,BOT,2023,27,Bahrain,HARD,2,16
99.182,DEV,2023,21,Bahrain,HARD,2,10
86.615,ZHO,2023,77,Monaco,INTERMEDIATE,3,25
84.155,BOT,2023,24,Australia,HARD,3,23
98.587,MAG,2023,39,Bahrain,SOFT,3,10
94.924,HUL,2023,74,Monaco,WET,4,15
83.205,PER,2022,35,Australia,HARD,2,15
99.61,VER,2023,63,Monaco,INTERMEDIATE,2,8
98.125,ALB,2022,6,Saudi Arabia,MEDIUM,1,6
94.584,SAR,2023,48,Saudi Arabia,MEDIUM,2,30
78.31,GAS,2023,10,Monaco,HARD,1,10
88.921,RUS,2023,73,Monaco,INTERMEDIATE,2,19
87.26,RIC,2022,4,Monza,MEDIUM,1,4
94.149,PER,2022,23,Monaco,HARD,3,1
86.838,ALB,2023,9,Monza,MEDIUM,1,12
96.628,HAM,2023,3,Saudi Arabia,HARD,1,3
116.481,GAS,2024,44,Bahrain,SOFT,4,1
79.166,ALO,2024,60,Monaco,MEDIUM,2,60
88.688,BOT,2022,22,Monza,MEDIUM,1,22
98.888,ZHO,2023,21,Bahrain,HARD,2,9
93.867,SAI,2023,32,Saudi Arabia,HARD,2,17
97.11,SAR,2023,22,Saudi Arabia,MEDIUM,2,4
91.589,HAM,2023,44,Silverstone,SOFT,2,14
82.433,RIC,2024,8,Monaco,HARD,2,8
80.591,ALB,2024,14,Monaco,HARD,2,13
96.992,RUS,2024,22,Bahrain,HARD,2,11
101.36,PER,2023,17,Bahrain,SOFT,1,20
96.978,PER,2023,44,Bahrain,HARD,3,10
92.77,NOR,2023,20,Silverstone,MEDIUM,1,20
88.038,DEV,2023,77,Monaco,INTERMEDIATE,2,24
102.608,TSU,2023,59,Monaco,INTERMEDIATE,2,6
102.462,STR,2022,12,Bahrain,SOFT,1,12
86.201,SAI,2023,52,Monaco,MEDIUM,2,19
98.826,ALB,2024,2,Bahrain,SOFT,1,2
101.085,RUS,2023,11,Bahrain,SOFT,1,14
94.19,PER,2023,16,Saudi Arabia,MEDIUM,1,16
97.306,OCO,2022,3,Saudi Arabia,MEDIUM,1,3
81.428,ALO,2024,13,Monaco,MEDIUM,2,13
94.275,GAS,2022,26,Silverstone,HARD,3,11
98.719,ZHO,2023,51,Bahrain,SOFT,3,22
82.634,STR,2024,7,Monaco,MEDIUM,2,7
83.802,STR,2023,13,Australia,HARD,2,5
97.065,ALB,2023,3,Saudi Arabia,MEDIUM,1,3
93.774,DEV,2023,9,Silverstone,SOFT,1,9
78.978,NOR,2023,13,Monaco,MEDIUM,1,13
97.761,GAS,2023,28,Bahrain,HARD,3,3
102.262,LEC,2023,61,Monaco,INTERMEDIATE,3,6
134.844,STR,2024,2,Monaco,MEDIUM,2,2
78.522,MAG,2023,43,Monaco,HARD,1,43
76.388,HAM,2024,54,Monaco,HARD,3,4
95.479,PER,2022,4,Silverstone,MEDIUM,2,3
104.231,RIC,2022,6,Monaco,WET,1,6
78.343,BOT,2023,47,Monaco,HARD,1,47
117.239,VER,2022,31,Bahrain,MEDIUM,3,1
97.342,ALB,2023,46,Singapore,MEDIUM,3,3
76.811,LEC,2022,52,Monaco,HARD,4,31
83.986,TSU,2022,44,Australia,HARD,2,26
79.913,LEC,2024,14,Monaco,HARD,2,13
93.158,MAG,2023,33,Monza,MEDIUM,2,21
108.908,GAS,2022,19,Monza,HARD,2,2
95.612,HAM,2024,50,Bahrain,HARD,3,17
98.169,GAS,2023,65,Monaco,INTERMEDIATE,3,11
99.247,ZHO,2023,11,Saudi Arabia,MEDIUM,1,11
97.408,LEC,2022,19,Bahrain,SOFT,2,7
81.439,ALB,2024,30,Monaco,HARD,2,29
116.655,MAG,2024,33,Bahrain,HARD,3,1
93.155,LEC,2023,41,Saudi Arabia,HARD,2,25
80.408,PIA,2023,4,Monaco,HARD,1,4
98.475,ZHO,2024,17,Bahrain,HARD,2,8
85.965,LEC,2023,77,Monaco,INTERMEDIATE,3,22
84.131,DEV,2023,38,Australia,MEDIUM,2,30
86.162,OCO,2022,28,Australia,HARD,2,11
100.773,MAG,2023,4,Bahrain,HARD,1,4
93.711,ALO,2023,10,Silverstone,MEDIUM,1,11
103.041,HAM,2023,60,Monaco,INTERMEDIATE,3,6
96.708,MAG,2022,7,Saudi Arabia,HARD,1,9
81.435,STR,2023,47,Australia,HARD,2,39
78.312,LEC,2023,15,Monaco,HARD,1,15
97.837,TSU,2024,22,Bahrain,HARD,2,8
101.308,VER,2023,5,Singapore,HARD,1,5
102.062,ALO,2023,39,Singapore,HARD,2,19
100.177,VER,2023,8,Singapore,HARD,1,8
98.35,RIC,2024,19,Bahrain,HARD,2,6
85.028,ZHO,2023,15,Australia,HARD,3,14
93.062,RUS,2023,27,Silverstone,SOFT,1,30
84.002,MAG,2022,54,Australia,MEDIUM,2,17
90.993,RIC,2022,22,Australia,HARD,2,1
93.714,NOR,2022,28,Silverstone,MEDIUM,2,28
99.744,SAI,2023,9,Bahrain,SOFT,1,12
129.967,ZHO,2023,1,Australia,SOFT,1,1
93.291,GAS,2023,18,Silverstone,MEDIUM,1,18
78.151,GAS,2022,64,Monaco,HARD,4,42
95.087,LEC,2024,39,Bahrain,HARD,3,5
78.796,ALB,2023,8,Monaco,MEDIUM,1,8
87.176,PER,2022,9,Monza,HARD,2,2
78.795,VER,2024,29,Monaco,MEDIUM,2,28
113.564,ALB,2022,30,Monaco,MEDIUM,4,8
87.153,STR,2023,46,Monza,HARD,2,30
106.657,OCO,2024,1,Bahrain,SOFT,1,1
96.281,ALB,2023,53,Monaco,INTERMEDIATE,3,1
96.68,STR,2024,55,Bahrain,HARD,3,28
96.186,GAS,2023,45,Bahrain,SOFT,4,5
101.532,PER,2023,25,Singapore,HARD,1,25
97.733,PER,2023,29,Bahrain,SOFT,2,14
77.994,NOR,2024,38,Monaco,HARD,2,38
83.945,TSU,2023,15,Australia,HARD,2,7
98.889,PIA,2023,47,Singapore,HARD,2,27
99.973,BOT,2023,17,Bahrain,HARD,2,6
94.038,BOT,2023,68,Monaco,INTERMEDIATE,2,17
130.323,SAI,2023,34,Silverstone,HARD,2,8
98.346,GAS,2022,6,Monaco,INTERMEDIATE,2,5
80.384,HAM,2024,16,Monaco,MEDIUM,2,15
99.613,LEC,2023,15,Singapore,SOFT,1,18
102.379,PIA,2023,59,Monaco,INTERMEDIATE,2,5
98.104,ALB,2023,33,Bahrain,HARD,3,7
95.216,VER,2024,23,Bahrain,HARD,2,6
78.528,LEC,2024,38,Monaco,HARD,2,37
93.793,LEC,2022,12,Silverstone,MEDIUM,2,11
84.597,MSC,2022,31,Australia,HARD,2,17
86.893,NOR,2023,9,Monza,MEDIUM,1,9
96.51,HAM,2024,21,Bahrain,HARD,2,9
132.243,MSC,2022,4,Australia,MEDIUM,1,6
94.157,ALO,2023,5,Silverstone,MEDIUM,1,6
83.537,PER,2023,21,Australia,HARD,4,14
103.093,HUL,2023,23,Singapore,HARD,2,3
98.09,VER,2023,47,Singapore,MEDIUM,2,7
80.903,BOT,2024,34,Monaco,HARD,3,20
96.685,STR,2022,23,Saudi Arabia,HARD,2,11
78.833,HAM,2023,45,Monaco,HARD,2,14
93.489,VER,2022,5,Silverstone,MEDIUM,2,4
100.582,ZHO,2023,18,Singapore,HARD,2,16
95.674,NOR,2024,49,Bahrain,HARD,3,16
86.119,TSU,2022,34,Australia,HARD,2,16
105.544,ZHO,2022,30,Monaco,MEDIUM,3,1
98.332,OCO,2024,19,Bahrain,HARD,2,9
98.483,VER,2023,11,Bahrain,SOFT,1,14
76.37,SAR,2024,73,Monaco,MEDIUM,3,16
86.715,RUS,2023,22,Monza,HARD,2,6
95.034,MAG,2022,17,Monaco,WET,1,17
98.474,SAI,2023,28,Bahrain,HARD,2,15
98.29,HAM,2023,25,Bahrain,HARD,2,13
80.929,ALB,2022,33,Monaco,MEDIUM,4,11
83.771,HAM,2023,13,Australia,HARD,2,5
84.579,BOT,2022,38,Australia,HARD,2,16
77.909,PIA,2024,51,Monaco,HARD,2,51
98.691,LEC,2023,7,Bahrain,SOFT,1,7
78.16,VER,2023,30,Monaco,MEDIUM,1,30
77.865,LEC,2024,43,Monaco,HARD,2,42
75.238,VER,2024,60,Monaco,HARD,3,9
77.434,VER,2023,13,Monaco,MEDIUM,1,13
134.67,NOR,2022,24,Australia,HARD,2,4
102.599,SAR,2023,58,Monaco,INTERMEDIATE,4,6
97.593,HUL,2023,4,Saudi Arabia,MEDIUM,1,4
95.069,NOR,2024,41,Bahrain,HARD,3,8
110.35,TSU,2023,40,Bahrain,HARD,3,14
101.579,MAG,2023,28,Singapore,HARD,2,8
103.166,NOR,2022,19,Bahrain,MEDIUM,1,19
2507.607,RIC,2024,1,Monaco,MEDIUM,1,1
78.568,NOR,2023,30,Monaco,MEDIUM,1,30
97.931,ALB,2023,30,Bahrain,HARD,3,4
88.415,LAT,2022,42,Monza,HARD,2,27
97.936,MAG,2024,28,Bahrain,HARD,2,17
92.075,ALO,2023,49,Silverstone,SOFT,2,19
138.694,OCO,2023,33,Bahrain,HARD,4,1
87.525,MSC,2022,17,Monza,MEDIUM,1,17
80.135,PIA,2024,12,Monaco,HARD,2,12
80.797,GAS,2024,18,Monaco,MEDIUM,2,17
83.982,SAR,2023,23,Australia,MEDIUM,4,15
96.508,NOR,2024,18,Bahrain,HARD,2,5
97.115,RUS,2022,21,Saudi Arabia,HARD,2,5
85.619,GAS,2022,53,Australia,HARD,2,32
101.278,MAG,2023,9,Bahrain,HARD,1,9
78.737,TSU,2024,58,Monaco,HARD,2,58
90.786,NOR,2023,44,Silverstone,HARD,2,11
85.019,MAG,2022,22,Australia,HARD,1,22
95.334,VER,2024,54,Bahrain,SOFT,3,17
87.488,MSC,2022,37,Monza,SOFT,2,4
94.735,SAR,2024,42,Bahrain,SOFT,4,2
100.989,SAR,2024,13,Bahrain,HARD,2,3
91.866,PIA,2023,23,Monza,MEDIUM,1,23
95.434,RUS,2024,36,Bahrain,HARD,3,5
97.205,VER,2023,56,Bahrain,HARD,3,20
116.357,VER,2023,43,Singapore,MEDIUM,2,3
96.821,HUL,2023,14,Saudi Arabia,HARD,2,3
78.363,PIA,2023,30,Monaco,HARD,1,30
76.86,VER,2023,17,Monaco,MEDIUM,1,17
95.296,PIA,2024,46,Bahrain,HARD,3,12
92.88,PIA,2023,19,Silverstone,MEDIUM,1,19
106.634,ZHO,2022,23,Australia,HARD,2,2
84.857,VER,2022,34,Monza,MEDIUM,2,9
96.234,RUS,2024,17,Bahrain,HARD,2,6
96.262,GAS,2023,10,Saudi Arabia,MEDIUM,1,10
78.533,STR,2023,44,Monaco,HARD,1,45
82.328,SAR,2023,19,Monaco,MEDIUM,1,19
84.669,MAG,2022,29,Australia,HARD,1,29
94.968,DEV,2023,42,Saudi Arabia,HARD,2,25
80.471,VER,2023,50,Australia,HARD,2,42
105.425,TSU,2022,11,Silverstone,SOFT,2,10
84.018,PER,2022,29,Australia,HARD,2,9
75.164,NOR,2022,63,Monaco,MEDIUM,5,12
79.036,HUL,2023,49,Monaco,HARD,2,48
78.723,SAI,2023,5,Monaco,HARD,1,5
91.868,SAR,2023,47,Silverstone,SOFT,2,18
77.371,PIA,2024,69,Monaco,HARD,2,69
79.314,TSU,2023,24,Monaco,MEDIUM,1,24
81.993,HUL,2023,41,Australia,HARD,2,33
75.931,RUS,2024,68,Monaco,MEDIUM,2,67
96.284,STR,2022,5,Silverstone,MEDIUM,2,6
77.134,SAI,2024,59,Monaco,HARD,2,58
79.335,TSU,2023,25,Monaco,MEDIUM,1,25
80.709,STR,2024,73,Monaco,SOFT,4,25
100.04,OCO,2023,30,Singapore,HARD,2,10
78.655,BOT,2023,33,Monaco,HARD,1,33
103.75,VER,2023,19,Australia,HARD,2,11
97.012,SAI,2022,38,Bahrain,MEDIUM,3,5
102.492,NOR,2022,9,Bahrain,MEDIUM,1,9
95.323,LEC,2022,11,Monaco,WET,1,11
101.181,RUS,2023,28,Singapore,HARD,2,8
93.786,NOR,2022,48,Saudi Arabia,HARD,2,32
95.973,PIA,2023,27,Saudi Arabia,HARD,2,26
103.289,SAR,2023,63,Monaco,INTERMEDIATE,4,11
104.899,MAG,2023,15,Bahrain,HARD,1,15
93.537,HAM,2023,49,Saudi Arabia,MEDIUM,2,31
97.438,LEC,2024,18,Bahrain,HARD,2,7
97.041,NOR,2024,29,Bahrain,HARD,2,16
99.56,NOR,2023,43,Singapore,HARD,2,23
146.648,MAG,2023,58,Monaco,WET,2,2
97.029,MAG,2022,12,Saudi Arabia,HARD,1,14
87.975,ALO,2022,10,Monza,MEDIUM,1,10
78.602,RUS,2024,52,Monaco,MEDIUM,2,51
100.105,LEC,2023,60,Singapore,HARD,2,40
79.828,STR,2022,42,Monaco,None,5,19
81.964,GAS,2023,31,Australia,HARD,2,23
93.056,LEC,2023,47,Saudi Arabia,HARD,2,31
79.297,TSU,2023,11,Monaco,MEDIUM,1,11
77.876,LEC,2023,31,Monaco,HARD,1,31
87.709,SAR,2023,46,Monza,HARD,2,35
95.659,MAG,2023,35,Saudi Arabia,HARD,2,27
98.79,GAS,2022,12,Monaco,INTERMEDIATE,2,11
82.603,ALO,2023,6,Australia,MEDIUM,1,7
99.405,RUS,2024,31,Bahrain,HARD,2,20
83.723,ZHO,2022,42,Australia,HARD,2,21
77.218,NOR,2022,38,Monaco,HARD,4,16
78.556,ALO,2024,63,Monaco,MEDIUM,2,63
92.815,PER,2022,15,Monaco,WET,1,15
84.805,ALO,2022,33,Monaco,MEDIUM,3,3
131.411,SAI,2023,2,Australia,MEDIUM,1,2
100.987,MSC,2022,27,Bahrain,MEDIUM,2,15
95.838,RUS,2024,33,Bahrain,HARD,3,2
96.691,HUL,2024,30,Bahrain,HARD,3,10
75.831,GAS,2023,49,Monaco,MEDIUM,2,2
97.658,BOT,2023,38,Bahrain,HARD,3,9
98.858,SAR,2023,55,Singapore,MEDIUM,3,12
103.336,HAM,2023,12,Bahrain,SOFT,1,15
82.164,MAG,2023,44,Australia,HARD,3,37
102.83,NOR,2022,15,Bahrain,MEDIUM,1,15
95.537,TSU,2022,21,Silverstone,HARD,3,4
96.582,STR,2024,56,Bahrain,HARD,3,29
78.22,OCO,2023,18,Monaco,MEDIUM,1,18
97.899,BOT,2024,15,Monaco,MEDIUM,2,14
86.456,RUS,2023,21,Monza,HARD,2,5
97.204,HAM,2022,7,Saudi Arabia,HARD,1,8
79.143,ALB,2023,37,Monaco,HARD,2,19
76.195,VER,2022,48,Monaco,MEDIUM,4,18
82.122,RUS,2022,45,Australia,HARD,2,22
76.946,ZHO,2023,4,Monaco,HARD,2,3
80.432,ALO,2024,35,Monaco,MEDIUM,2,35
93.148,VER,2023,46,Saudi Arabia,HARD,2,28
78.555,PIA,2023,41,Monaco,HARD,1,41
78.968,BOT,2023,40,Monaco,HARD,1,40
83.539,HUL,2023,6,Australia,MEDIUM,1,6
80.821,ALB,2024,12,Monaco,HARD,2,11
87.135,SAR,2023,6,Monza,MEDIUM,1,9
81.386,BOT,2024,37,Monaco,HARD,3,23
99.405,RUS,2024,31,Bahrain,HARD,2,20
87.686,STR,2022,22,Monaco,INTERMEDIATE,3,20
81.954,OCO,2023,37,Australia,HARD,3,36
76.58,HAM,2023,42,Monaco,HARD,2,11
99.019,VER,2023,1,Bahrain,SOFT,1,4
78.44,RUS,2022,63,Monaco,MEDIUM,3,33
101.283,MAG,2022,13,Bahrain,SOFT,1,13
82.456,ALO,2023,31,Australia,HARD,2,23
98.911,MAG,2024,2,Bahrain,SOFT,1,2
92.968,VER,2023,45,Saudi Arabia,HARD,2,27
100.498,MSC,2022,57,Bahrain,SOFT,3,24
97.954,HAM,2023,49,Bahrain,HARD,3,19
92.188,PER,2023,38,Saudi Arabia,HARD,2,20
78.699,NOR,2024,24,Monaco,HARD,2,24
81.205,ALO,2024,29,Monaco,MEDIUM,2,29
92.856,LAT,2022,14,Australia,HARD,2,2
97.949,GAS,2024,17,Bahrain,HARD,2,5
88.066,HAM,2022,24,Monza,MEDIUM,1,24
81.765,BOT,2024,28,Monaco,HARD,3,14
75.836,NOR,2022,60,Monaco,MEDIUM,5,9
86.169,RUS,2022,10,Monza,SOFT,1,10
143.361,TSU,2022,26,Australia,HARD,2,8
98.379,DEV,2023,38,Bahrain,HARD,3,11
85.966,RUS,2023,30,Monza,HARD,2,14
91.648,GAS,2023,43,Silverstone,SOFT,2,15
171.845,TSU,2022,1,Monaco,WET,1,1
95.179,MAG,2023,15,Saudi Arabia,HARD,2,7
96.785,SAR,2024,37,Bahrain,HARD,3,9
94.751,RUS,2023,67,Monaco,INTERMEDIATE,2,13
93.288,SAI,2023,43,Saudi Arabia,HARD,2,28
99.112,BOT,2024,10,Bahrain,SOFT,1,10
77.939,ALO,2023,5,Monaco,HARD,1,6
80.78,SAR,2024,52,Monaco,HARD,2,52
87.991,BOT,2023,14,Monza,HARD,1,17
87.235,LAW,2023,49,Monza,MEDIUM,3,19
100.174,MAG,2022,30,Bahrain,SOFT,2,19
100.111,OCO,2022,2,Bahrain,SOFT,1,2
95.713,TSU,2022,22,Silverstone,HARD,3,5
100.565,MAG,2024,32,Bahrain,HARD,2,21
99.88,BOT,2022,28,Bahrain,MEDIUM,2,14
99.663,PIA,2023,21,Saudi Arabia,HARD,2,20
93.459,LEC,2022,17,Silverstone,MEDIUM,2,16
97.623,TSU,2023,67,Monaco,INTERMEDIATE,2,14
88.179,STR,2023,15,Monza,MEDIUM,1,15
95.0,GAS,2023,27,Saudi Arabia,HARD,2,13
101.175,HAM,2023,30,Bahrain,HARD,2,18
79.733,OCO,2022,40,Monaco,MEDIUM,3,10
96.763,STR,2024,51,Bahrain,HARD,3,24
90.363,VER,2023,71,Monaco,INTERMEDIATE,2,16
79.51,ALB,2024,28,Monaco,HARD,2,27
86.822,ALB,2023,48,Monza,HARD,2,36
98.482,MSC,2022,12,Monaco,INTERMEDIATE,2,8
98.882,PIA,2023,63,Monaco,INTERMEDIATE,2,9
95.246,TSU,2023,32,Saudi Arabia,HARD,2,15
101.863,OCO,2023,15,Bahrain,HARD,2,3
78.9,PIA,2023,11,Monaco,HARD,1,11
96.334,ALO,2023,42,Bahrain,HARD,3,8
81.071,OCO,2022,38,Monaco,MEDIUM,3,8
101.349,ALO,2023,3,Singapore,MEDIUM,1,3
99.582,ZHO,2022,24,Bahrain,MEDIUM,2,9
116.78,OCO,2022,44,Bahrain,SOFT,4,4
85.985,RUS,2022,37,Monza,HARD,2,14
88.82,PIA,2023,70,Monaco,INTERMEDIATE,2,16
132.057,BOT,2022,52,Monza,SOFT,2,17
79.472,TSU,2024,36,Monaco,HARD,2,36
98.923,SAI,2022,4,Bahrain,SOFT,1,7
119.408,RIC,2024,14,Bahrain,HARD,2,1
85.462,OCO,2022,12,Australia,MEDIUM,1,12
90.027,OCO,2023,71,Monaco,INTERMEDIATE,3,17
85.125,PER,2022,7,Australia,MEDIUM,1,7
98.807,LEC,2022,9,Bahrain,SOFT,1,9
82.473,PIA,2023,36,Australia,HARD,2,28
98.452,HUL,2022,53,Bahrain,SOFT,4,9
96.801,RUS,2024,26,Bahrain,HARD,2,15
93.122,PER,2022,33,Saudi Arabia,HARD,2,18
108.269,TSU,2022,20,Monza,HARD,2,2
81.665,STR,2022,38,Monaco,None,5,15
85.921,GAS,2023,43,Monza,MEDIUM,3,12
78.156,HAM,2024,45,Monaco,MEDIUM,2,44
99.817,SAR,2024,40,Bahrain,HARD,3,12
94.999,SAI,2023,67,Monaco,INTERMEDIATE,3,12
81.602,ZHO,2023,33,Monaco,HARD,2,32
93.118,TSU,2023,29,Silverstone,HARD,2,15
77.894,SAR,2023,25,Monaco,SOFT,3,2
126.144,STR,2022,16,Saudi Arabia,HARD,2,4
98.828,LEC,2023,9,Bahrain,SOFT,1,9
95.161,STR,2022,34,Saudi Arabia,HARD,2,22
99.489,LEC,2023,12,Bahrain,SOFT,1,12
130.508,ALB,2022,24,Australia,HARD,1,24
121.22,HAM,2022,48,Monza,SOFT,2,15
103.256,MAG,2022,34,Bahrain,SOFT,2,23
80.648,HAM,2024,36,Monaco,MEDIUM,2,35
97.042,ZHO,2024,51,Bahrain,HARD,3,23
95.976,HAM,2023,10,Saudi Arabia,HARD,1,10
78.73,RIC,2024,65,Monaco,HARD,2,65
79.809,SAR,2024,58,Monaco,MEDIUM,3,1
98.644,HAM,2022,17,Bahrain,HARD,2,7
75.409,SAI,2024,66,Monaco,HARD,2,65
81.273,SAR,2024,39,Monaco,HARD,2,39
92.527,HUL,2023,39,Silverstone,SOFT,3,7
86.988,HUL,2023,17,Monza,HARD,2,8
99.453,RIC,2022,49,Bahrain,SOFT,4,5
102.041,NOR,2022,13,Bahrain,MEDIUM,1,13
87.256,TSU,2022,24,Monza,HARD,2,6
86.21,HAM,2023,77,Monaco,INTERMEDIATE,3,23
84.754,RUS,2023,52,Monaco,HARD,1,52
104.244,MAG,2022,14,Bahrain,SOFT,1,14
92.494,VER,2023,21,Silverstone,MEDIUM,1,21
100.576,ZHO,2023,32,Singapore,MEDIUM,3,12
98.835,ALB,2024,11,Bahrain,SOFT,1,11
79.604,STR,2022,46,Monaco,None,5,23
85.486,VER,2023,39,Monza,HARD,2,19
86.88,NOR,2022,22,Monza,MEDIUM,1,22
90.929,RUS,2023,70,Monaco,INTERMEDIATE,2,16
133.934,GAS,2023,38,Silverstone,SOFT,2,10
83.731,STR,2024,5,Monaco,MEDIUM,2,5
130.201,TSU,2023,2,Australia,MEDIUM,1,2
93.072,PER,2023,26,Saudi Arabia,HARD,2,8
109.118,VER,2022,18,Monaco,WET,1,18
96.322,STR,2024,41,Bahrain,HARD,3,14
95.822,NOR,2023,51,Bahrain,SOFT,6,8
77.829,BOT,2024,19,Monaco,HARD,3,5
97.256,ALO,2024,28,Bahrain,HARD,2,13
96.945,MAG,2023,19,Australia,HARD,3,12
95.786,HUL,2024,54,Bahrain,SOFT,4,14
78.605,PIA,2024,35,Monaco,HARD,2,35
106.997,HAM,2022,3,Monaco,WET,1,3
97.694,SAI,2023,54,Bahrain,HARD,3,23
95.783,PER,2024,16,Bahrain,HARD,2,4
78.523,PIA,2024,27,Monaco,HARD,2,27
81.315,HAM,2023,39,Australia,HARD,2,31
77.213,LEC,2023,39,Monaco,HARD,1,39
95.606,PER,2024,14,Bahrain,HARD,2,2
118.262,STR,2022,16,Silverstone,HARD,3,2
101.075,BOT,2022,11,Bahrain,SOFT,1,14
114.264,MSC,2022,47,Monza,SOFT,2,14
100.408,OCO,2023,2,Bahrain,SOFT,1,5
96.975,OCO,2024,46,Bahrain,HARD,3,16
92.267,PER,2023,44,Saudi Arabia,HARD,2,26
85.218,RIC,2024,41,Monaco,HARD,2,41
114.974,HAM,2024,34,Bahrain,HARD,3,1
92.855,VER,2022,33,Saudi Arabia,HARD,2,17
98.028,ALB,2022,9,Saudi Arabia,MEDIUM,1,9
94.94,PER,2024,51,Bahrain,SOFT,3,15
96.249,PER,2024,23,Bahrain,HARD,2,11
102.573,ZHO,2023,64,Monaco,INTERMEDIATE,3,12
86.511,SAI,2023,10,Monza,MEDIUM,1,10
95.347,LEC,2023,6,Saudi Arabia,SOFT,1,6
96.796,PIA,2024,14,Bahrain,HARD,2,2
95.896,MAG,2022,14,Monaco,WET,1,14
98.053,ZHO,2024,27,Bahrain,HARD,2,18
82.451,RIC,2022,54,Australia,HARD,2,33
80.87,NOR,2024,11,Monaco,HARD,2,11
97.579,STR,2023,52,Bahrain,HARD,3,22
83.111,NOR,2023,16,Australia,HARD,2,8
95.12,RUS,2023,16,Saudi Arabia,MEDIUM,1,16
79.013,SAI,2023,51,Monaco,MEDIUM,2,18
99.686,HAM,2023,42,Singapore,HARD,2,22
90.21,GAS,2022,22,Australia,HARD,2,1
90.864,SAI,2023,10,Australia,HARD,3,3
95.063,RUS,2023,24,Saudi Arabia,HARD,2,6
83.575,LEC,2022,15,Australia,MEDIUM,1,15
97.741,SAI,2024,6,Bahrain,SOFT,1,9
96.975,HAM,2024,31,Bahrain,HARD,2,19
99.035,BOT,2024,53,Bahrain,HARD,3,23
87.267,HAM,2023,23,Monza,HARD,1,26
76.121,VER,2024,66,Monaco,HARD,3,15
96.018,VER,2024,35,Bahrain,HARD,2,18
83.172,BOT,2024,39,Monaco,HARD,3,25
80.012,BOT,2024,16,Monaco,HARD,3,2
95.239,STR,2023,3,Saudi Arabia,MEDIUM,1,3
100.71,STR,2024,27,Bahrain,HARD,2,18
77.92,RUS,2022,52,Monaco,MEDIUM,3,22
79.728,RUS,2024,36,Monaco,MEDIUM,2,35
100.728,LAW,2023,15,Singapore,MEDIUM,1,15
84.257,ZHO,2022,49,Monaco,MEDIUM,3,20
101.759,BOT,2023,25,Singapore,HARD,1,25
93.188,ZHO,2023,39,Silverstone,SOFT,4,6
127.97,NOR,2023,40,Bahrain,HARD,5,3
87.201,PIA,2023,16,Monza,MEDIUM,1,16
106.142,HAM,2022,34,Monza,SOFT,2,1
100.572,ALO,2022,16,Bahrain,MEDIUM,2,5
85.105,HAM,2023,78,Monaco,INTERMEDIATE,3,24
87.879,DEV,2022,35,Monza,MEDIUM,2,16
78.76,VET,2022,47,Monaco,HARD,4,25
88.071,DEV,2022,9,Monza,SOFT,1,9
94.016,ALB,2023,66,Monaco,INTERMEDIATE,3,14
76.528,OCO,2023,41,Monaco,HARD,2,9
97.813,BOT,2023,43,Bahrain,HARD,3,14
148.059,ALB,2022,26,Australia,HARD,1,26
86.962,BOT,2023,44,Monza,MEDIUM,2,22
99.362,SAR,2023,22,Bahrain,SOFT,2,10
95.64,DEV,2023,31,Saudi Arabia,HARD,2,14
86.201,SAI,2023,52,Monaco,MEDIUM,2,19
100.562,OCO,2023,13,Singapore,MEDIUM,1,13
76.121,VER,2024,66,Monaco,HARD,3,15
129.023,GAS,2022,17,Saudi Arabia,HARD,2,2
96.267,LEC,2023,50,Saudi Arabia,HARD,2,34
98.282,MAG,2024,17,Bahrain,HARD,2,6
80.85,HAM,2023,48,Australia,HARD,2,40
97.111,HAM,2024,17,Bahrain,HARD,2,5
100.973,NOR,2023,27,Bahrain,SOFT,3,13
95.188,DEV,2023,33,Saudi Arabia,HARD,2,16
131.142,STR,2023,2,Australia,MEDIUM,1,3
95.238,PIA,2024,44,Bahrain,HARD,3,10
98.944,RUS,2022,8,Monaco,WET,1,8
95.394,SAI,2023,69,Monaco,INTERMEDIATE,3,14
97.045,VER,2024,12,Bahrain,SOFT,1,15
78.201,ALB,2024,59,Monaco,HARD,2,58
100.467,ALO,2023,62,Monaco,INTERMEDIATE,3,7
98.589,SAR,2023,47,Singapore,MEDIUM,3,4
101.289,DEV,2023,2,Bahrain,SOFT,1,2
98.582,ZHO,2024,3,Bahrain,SOFT,1,3
78.661,SAI,2024,55,Monaco,HARD,2,54
122.304,OCO,2023,1,Australia,SOFT,1,1
98.21,SAI,2023,19,Bahrain,HARD,2,6
83.442,MAG,2023,28,Australia,HARD,3,21
84.295,HUL,2023,5,Australia,MEDIUM,1,5
79.702,HAM,2024,52,Monaco,HARD,3,2
95.321,SAI,2023,8,Saudi Arabia,MEDIUM,1,8
111.885,LAW,2023,43,Singapore,HARD,2,23
81.61,NOR,2023,2,Monaco,MEDIUM,1,2
80.279,LEC,2024,17,Monaco,HARD,2,16
78.315,GAS,2022,49,Monaco,HARD,4,27
76.561,VER,2024,62,Monaco,HARD,3,11
95.315,STR,2022,36,Saudi Arabia,HARD,2,24
92.821,RUS,2022,43,Saudi Arabia,HARD,2,27
95.533,HUL,2023,23,Saudi Arabia,HARD,2,12
77.117,SAI,2024,70,Monaco,HARD,2,69
109.707,GAS,2023,40,Bahrain,HARD,3,15
96.506,ZHO,2023,7,Saudi Arabia,MEDIUM,1,7
78.94,HAM,2024,29,Monaco,MEDIUM,2,28
80.224,MAG,2023,5,Monaco,HARD,1,5
88.695,RUS,2022,52,Monza,SOFT,3,8
80.407,MAG,2023,4,Monaco,HARD,1,4
95.507,RIC,2024,46,Bahrain,SOFT,3,11
98.527,HAM,2023,15,Bahrain,HARD,2,3
77.92,OCO,2022,57,Monaco,MEDIUM,3,27
96.126,DEV,2023,16,Saudi Arabia,MEDIUM,1,16
84.949,TSU,2022,38,Australia,HARD,2,20
81.879,RUS,2022,58,Australia,HARD,2,35
93.575,SAI,2022,25,Saudi Arabia,HARD,2,9
79.398,NOR,2024,18,Monaco,HARD,2,18
97.675,BOT,2023,32,Bahrain,HARD,3,3
87.268,TSU,2022,41,Monza,HARD,2,23
80.749,TSU,2024,33,Monaco,HARD,2,33
119.093,HAM,2022,48,Bahrain,SOFT,4,7
96.44,BOT,2023,65,Monaco,INTERMEDIATE,2,14
82.699,STR,2023,23,Australia,HARD,2,15
82.394,LEC,2022,32,Australia,HARD,2,10
94.258,VET,2022,34,Silverstone,MEDIUM,3,30
100.323,HAM,2023,9,Bahrain,SOFT,1,12
94.189,HAM,2022,29,Saudi Arabia,HARD,1,30
80.028,PIA,2024,17,Monaco,HARD,2,17
98.952,ALB,2024,10,Bahrain,SOFT,1,10
77.126,PIA,2024,78,Monaco,HARD,2,78
103.562,PER,2022,45,Bahrain,SOFT,4,5
130.567,VER,2023,55,Monaco,MEDIUM,1,55
97.066,RUS,2024,29,Bahrain,HARD,2,18
108.202,SAI,2023,7,Australia,MEDIUM,1,7
94.263,PER,2023,13,Saudi Arabia,MEDIUM,1,13
100.732,BOT,2022,3,Bahrain,SOFT,1,6
96.269,NOR,2023,13,Saudi Arabia,HARD,2,11
93.323,ALO,2023,36,Saudi Arabia,HARD,2,19
99.146,RIC,2022,38,Bahrain,HARD,3,5
101.006,SAI,2022,1,Bahrain,SOFT,1,4
80.487,PER,2023,16,Monaco,HARD,2,15
78.685,MAG,2023,47,Monaco,HARD,1,47
100.579,ALB,2023,41,Singapore,HARD,2,21
95.686,DEV,2023,25,Saudi Arabia,HARD,2,8
96.732,SAR,2024,38,Bahrain,HARD,3,10
122.781,DEV,2022,50,Monza,MEDIUM,2,31
83.216,MAG,2023,25,Australia,HARD,3,18
98.482,VER,2023,13,Bahrain,SOFT,1,16
76.449,SAI,2023,43,Monaco,MEDIUM,2,10
119.014,OCO,2024,11,Bahrain,HARD,2,1
83.804,TSU,2023,51,Monaco,MEDIUM,1,51
98.612,ALO,2023,27,Bahrain,HARD,2,13
77.003,ZHO,2023,3,Monaco,HARD,2,2
97.624,STR,2024,14,Bahrain,HARD,2,5
97.002,ALO,2023,38,Bahrain,HARD,3,4
98.236,HAM,2024,11,Bahrain,SOFT,1,14
94.518,ZHO,2022,30,Saudi Arabia,HARD,3,14
98.52,SAI,2023,56,Singapore,HARD,2,36
81.272,NOR,2023,44,Australia,HARD,2,36
81.413,ALO,2024,24,Monaco,MEDIUM,2,24
97.176,RIC,2024,16,Bahrain,HARD,2,3
77.769,STR,2023,18,Monaco,HARD,1,19
95.077,LEC,2022,12,Monaco,WET,1,12
93.053,VET,2022,48,Silverstone,MEDIUM,4,11
104.548,HUL,2023,54,Australia,HARD,2,46
100.987,PER,2023,17,Singapore,HARD,1,17
93.557,STR,2023,26,Silverstone,MEDIUM,1,27
120.751,BOT,2023,41,Singapore,MEDIUM,2,1
90.751,RIC,2022,1,Monza,MEDIUM,1,1
96.567,MAG,2022,14,Saudi Arabia,HARD,1,16
96.922,RUS,2024,15,Bahrain,HARD,2,4
97.111,HAM,2024,17,Bahrain,HARD,2,5
100.439,GAS,2023,12,Singapore,MEDIUM,1,12
98.438,RUS,2023,22,Bahrain,HARD,2,9
93.835,DEV,2023,19,Silverstone,SOFT,1,19
100.744,ALB,2023,6,Bahrain,SOFT,1,6
106.67,TSU,2022,48,Bahrain,SOFT,4,7
77.847,PER,2023,43,Monaco,MEDIUM,3,10
100.793,BOT,2023,15,Singapore,HARD,1,15
98.954,ZHO,2022,20,Bahrain,MEDIUM,2,5
95.928,ZHO,2023,6,Saudi Arabia,MEDIUM,1,6
78.225,HAM,2024,44,Monaco,MEDIUM,2,43
100.446,ZHO,2022,29,Bahrain,MEDIUM,2,14
87.824,STR,2022,16,Monza,MEDIUM,1,17
98.696,NOR,2023,24,Bahrain,SOFT,3,10
98.619,NOR,2022,21,Saudi Arabia,HARD,2,5
99.422,OCO,2024,8,Bahrain,SOFT,1,8
90.264,HUL,2023,10,Australia,HARD,2,2
86.885,HAM,2022,31,Monza,MEDIUM,1,31
97.919,ALB,2023,32,Bahrain,HARD,3,6
89.541,TSU,2022,2,Monza,MEDIUM,1,2
96.907,LEC,2023,2,Saudi Arabia,SOFT,1,2
81.945,SAR,2023,42,Australia,HARD,5,13
94.618,PIA,2023,50,Saudi Arabia,HARD,2,49
95.783,ALB,2024,44,Bahrain,HARD,3,8
92.65,DEV,2023,41,Silverstone,SOFT,3,9
77.134,SAI,2024,59,Monaco,HARD,2,58
109.959,DEV,2023,1,Bahrain,SOFT,1,1
96.763,STR,2024,51,Bahrain,HARD,3,24
105.898,TSU,2023,58,Monaco,INTERMEDIATE,2,5
99.316,ZHO,2023,46,Singapore,MEDIUM,3,26
94.503,VER,2022,33,Silverstone,HARD,4,10
98.123,DEV,2023,35,Bahrain,HARD,3,8
97.393,OCO,2024,55,Bahrain,HARD,3,25
85.071,VER,2022,31,Monza,MEDIUM,2,6
80.032,TSU,2023,4,Monaco,MEDIUM,1,4
86.628,NOR,2023,8,Monza,MEDIUM,1,8
81.412,SAI,2023,41,Australia,HARD,3,34
98.693,TSU,2022,41,Bahrain,SOFT,3,12
93.011,HAM,2023,43,Saudi Arabia,MEDIUM,2,25
99.374,GAS,2023,64,Monaco,INTERMEDIATE,3,10
94.031,VER,2022,14,Monaco,WET,1,14
84.056,GAS,2022,42,Australia,HARD,2,21
84.155,DEV,2023,37,Australia,MEDIUM,2,29
92.073,SAI,2022,33,Silverstone,HARD,3,13
82.101,PIA,2023,42,Australia,HARD,2,34
137.028,SAI,2022,49,Monza,SOFT,3,2
107.605,ALB,2023,16,Monza,HARD,2,4
97.838,SAI,2023,65,Monaco,INTERMEDIATE,3,10
80.286,TSU,2024,27,Monaco,HARD,2,27
80.755,ALO,2024,40,Monaco,MEDIUM,2,40
100.009,ALO,2022,39,Bahrain,HARD,3,14
78.099,HAM,2022,56,Monaco,MEDIUM,4,26
114.036,ALB,2022,18,Monaco,WET,1,18
96.236,RIC,2024,48,Bahrain,SOFT,3,13
77.473,ALO,2022,62,Monaco,MEDIUM,3,32
94.64,RIC,2022,27,Silverstone,HARD,3,7
81.099,RIC,2024,38,Monaco,HARD,2,38
96.396,TSU,2024,47,Bahrain,HARD,3,13
84.456,BOT,2023,16,Australia,HARD,3,15
77.322,HAM,2023,27,Monaco,MEDIUM,1,27
84.908,LEC,2022,36,Monza,SOFT,3,3
87.466,NOR,2023,45,Monza,HARD,2,27
101.221,ALO,2023,18,Australia,HARD,2,10
97.728,SAR,2024,22,Bahrain,HARD,2,12
80.23,BOT,2024,41,Monaco,HARD,3,27
98.654,BOT,2024,29,Bahrain,HARD,2,17
77.824,BOT,2023,19,Monaco,HARD,1,19
95.956,TSU,2024,43,Bahrain,HARD,3,9
99.62,GAS,2023,60,Singapore,HARD,2,40
90.396,ZHO,2024,3,Monaco,HARD,2,2
100.898,ZHO,2024,70,Monaco,HARD,2,69
85.122,MAG,2022,31,Australia,HARD,1,31
98.684,HAM,2023,19,Bahrain,HARD,2,7
97.75,ALB,2024,34,Bahrain,HARD,2,19
125.204,HUL,2023,3,Australia,MEDIUM,1,3
80.937,ALB,2024,21,Monaco,HARD,2,20
86.615,SAI,2023,6,Monza,MEDIUM,1,6
96.095,HUL,2023,6,Saudi Arabia,MEDIUM,1,6
76.535,PER,2023,4,Monaco,HARD,2,3
96.679,OCO,2024,43,Bahrain,HARD,3,13
80.797,SAR,2024,32,Monaco,HARD,2,32
85.962,LEC,2023,33,Monza,HARD,2,13
81.525,PIA,2023,49,Australia,HARD,2,41
99.226,HAM,2023,27,Singapore,HARD,2,7
77.559,LEC,2023,30,Monaco,HARD,1,30
81.37,BOT,2024,27,Monaco,HARD,3,13
87.443,PIA,2023,73,Monaco,INTERMEDIATE,2,19
76.786,SAI,2023,38,Monaco,MEDIUM,2,5
81.563,HAM,2023,40,Australia,HARD,2,32
92.5,NOR,2023,19,Silverstone,MEDIUM,1,19
77.926,HAM,2023,11,Monaco,MEDIUM,1,11
97.774,BOT,2023,34,Bahrain,HARD,3,5
98.634,GAS,2023,49,Singapore,HARD,2,29
76.962,OCO,2023,47,Monaco,HARD,2,15
77.68,TSU,2023,36,Monaco,MEDIUM,1,36
77.948,OCO,2023,16,Monaco,MEDIUM,1,16
96.6,SAI,2024,29,Bahrain,HARD,2,15
95.044,RIC,2022,31,Saudi Arabia,HARD,2,23
100.403,LEC,2023,11,Singapore,SOFT,1,14
86.874,RUS,2023,50,Monza,HARD,2,34
112.5,ZHO,2023,41,Bahrain,SOFT,3,12
94.11,GAS,2023,40,Saudi Arabia,HARD,2,26
97.211,ALB,2023,42,Bahrain,SOFT,4,2
94.122,NOR,2023,49,Saudi Arabia,MEDIUM,3,30
97.055,BOT,2022,10,Saudi Arabia,MEDIUM,1,10
93.988,ALO,2023,29,Saudi Arabia,HARD,2,12
81.654,ALO,2023,39,Australia,HARD,2,31
78.309,STR,2022,52,Monaco,None,5,29
79.176,RIC,2024,54,Monaco,HARD,2,54
96.616,HUL,2023,42,Bahrain,SOFT,4,5
78.485,PIA,2023,28,Monaco,HARD,1,28
86.748,ALB,2023,24,Monza,HARD,2,12
93.133,SAI,2023,25,Silverstone,MEDIUM,1,25
100.62,ZHO,2022,7,Bahrain,SOFT,1,7
99.596,GAS,2022,37,Bahrain,HARD,3,5
79.457,ALB,2023,30,Monaco,HARD,2,12
96.554,TSU,2024,48,Bahrain,HARD,3,14
147.929,LEC,2023,22,Singapore,HARD,2,2
81.392,ALO,2024,14,Monaco,MEDIUM,2,14
86.346,PER,2022,20,Monza,HARD,2,13
84.059,SAR,2023,22,Australia,MEDIUM,4,14
99.356,BOT,2023,22,Bahrain,HARD,2,11
95.041,HAM,2024,40,Bahrain,HARD,3,7
87.108,LAW,2023,29,Monza,HARD,2,19
81.525,PIA,2023,49,Australia,HARD,2,41
84.098,LEC,2022,20,Australia,MEDIUM,1,20
86.8,SAI,2023,48,Monza,HARD,2,29
91.532,PER,2023,31,Silverstone,SOFT,2,3
87.22,MAG,2023,27,Monza,MEDIUM,2,15
78.604,PER,2023,23,Monaco,HARD,2,22
80.799,SAR,2024,66,Monaco,MEDIUM,3,9
87.305,ALB,2023,10,Monza,MEDIUM,1,13
84.572,VER,2022,16,Australia,MEDIUM,1,16
77.77,VER,2023,28,Monaco,MEDIUM,1,28
117.471,LEC,2024,12,Bahrain,HARD,2,1
97.998,TSU,2022,24,Silverstone,HARD,3,7
98.86,TSU,2024,13,Bahrain,SOFT,1,13
94.17,DEV,2023,15,Silverstone,SOFT,1,15
80.959,ALO,2023,44,Australia,HARD,2,36
95.293,GAS,2024,46,Bahrain,SOFT,4,3
91.873,SAR,2023,49,Silverstone,SOFT,2,20
84.052,PIA,2023,6,Australia,MEDIUM,1,6
87.633,STR,2022,20,Monaco,INTERMEDIATE,3,18
97.062,PER,2023,52,Bahrain,HARD,3,18
77.122,NOR,2024,59,Monaco,HARD,2,59
100.474,GAS,2022,6,Bahrain,SOFT,1,9
86.75,PER,2022,22,Monza,HARD,2,15
99.97,DEV,2023,26,Bahrain,HARD,2,15
100.097,SAI,2022,12,Bahrain,SOFT,1,15
84.599,SAI,2022,43,Monza,SOFT,2,13
93.424,RUS,2023,10,Silverstone,SOFT,1,13
96.938,ALB,2022,25,Saudi Arabia,HARD,2,12
94.735,SAR,2024,42,Bahrain,SOFT,4,2
95.348,BOT,2023,39,Saudi Arabia,SOFT,4,4
86.718,GAS,2022,30,Monza,HARD,2,13
86.093,HAM,2023,43,Monza,MEDIUM,2,16
82.784,HAM,2022,38,Australia,HARD,2,16
95.912,ZHO,2023,2,Silverstone,MEDIUM,1,2
78.519,SAR,2023,41,Monaco,SOFT,3,18
99.982,PIA,2023,41,Singapore,HARD,2,21
79.06,PIA,2024,33,Monaco,HARD,2,33
127.856,PIA,2023,33,Silverstone,HARD,2,4
81.125,RIC,2024,16,Monaco,HARD,2,16
98.837,BOT,2024,3,Bahrain,SOFT,1,3
79.874,HAM,2024,19,Monaco,MEDIUM,2,18
99.545,HAM,2023,34,Singapore,HARD,2,14
100.165,SAI,2022,13,Bahrain,SOFT,1,16
98.064,NOR,2024,9,Bahrain,SOFT,1,12
79.238,NOR,2024,28,Monaco,HARD,2,28
96.297,ZHO,2024,31,Bahrain,HARD,3,3
93.223,ALB,2023,67,Monaco,INTERMEDIATE,3,15
100.07,ZHO,2022,27,Bahrain,MEDIUM,2,12
98.55,SAI,2023,29,Bahrain,HARD,2,16
96.083,ALO,2022,6,Saudi Arabia,MEDIUM,1,6
95.119,HUL,2024,45,Bahrain,SOFT,4,5
84.408,HAM,2022,19,Australia,MEDIUM,1,19
86.143,PIA,2023,75,Monaco,INTERMEDIATE,2,21
78.916,VER,2022,57,Monaco,MEDIUM,4,27
81.103,GAS,2023,43,Australia,HARD,2,35
86.983,MAG,2023,46,Monza,MEDIUM,3,13
95.146,HUL,2024,48,Bahrain,SOFT,4,8
98.222,SAI,2023,47,Bahrain,HARD,3,16
90.198,LEC,2023,71,Monaco,INTERMEDIATE,3,16
100.376,ZHO,2022,9,Monaco,WET,1,9
87.416,MAG,2022,42,Monza,HARD,2,18
112.131,ZHO,2024,2,Monaco,HARD,2,1
98.462,RUS,2023,26,Bahrain,HARD,2,13
94.148,DEV,2023,16,Silverstone,SOFT,1,16
97.264,HAM,2024,15,Bahrain,HARD,2,3
99.544,SAI,2023,36,Singapore,HARD,2,16
78.602,HUL,2023,38,Monaco,HARD,2,37
125.649,MSC,2022,17,Monaco,INTERMEDIATE,2,13
86.551,RUS,2022,11,Monza,SOFT,1,11
144.92,SAR,2023,20,Saudi Arabia,MEDIUM,2,2
86.117,BOT,2022,21,Australia,MEDIUM,1,21
91.248,HAM,2023,47,Silverstone,SOFT,2,17
80.448,TSU,2024,26,Monaco,HARD,2,26
95.058,PER,2022,23,Australia,HARD,2,3
96.026,ALB,2024,47,Bahrain,HARD,3,11
97.731,PER,2023,50,Bahrain,HARD,3,16
80.937,ALB,2024,21,Monaco,HARD,2,20
87.083,TSU,2022,29,Monza,HARD,2,11
79.594,SAI,2024,43,Monaco,HARD,2,42
100.236,VER,2022,1,Bahrain,SOFT,1,4
93.44,ALB,2023,20,Silverstone,MEDIUM,1,20
78.019,VER,2023,5,Monaco,MEDIUM,1,5
83.599,MSC,2022,43,Australia,HARD,2,29
93.244,NOR,2022,47,Saudi Arabia,HARD,2,31
77.045,HUL,2023,5,Monaco,HARD,2,4
100.929,GAS,2023,16,Singapore,MEDIUM,1,16
98.42,HUL,2023,21,Saudi Arabia,HARD,2,10
101.469,MAG,2023,5,Singapore,MEDIUM,1,5
126.853,RUS,2022,53,Monza,SOFT,3,9
88.005,OCO,2022,5,Monza,SOFT,1,5
92.276,VER,2023,26,Silverstone,MEDIUM,1,26
93.128,SAI,2023,47,Saudi Arabia,HARD,2,32
97.173,VER,2024,5,Bahrain,SOFT,1,8
78.673,HAM,2024,40,Monaco,MEDIUM,2,39
98.262,BOT,2024,25,Bahrain,HARD,2,13
89.685,SAI,2022,2,Monza,MEDIUM,1,2
98.127,STR,2022,42,Bahrain,MEDIUM,3,4
83.21,OCO,2022,53,Australia,HARD,2,36
97.188,HAM,2023,2,Saudi Arabia,HARD,1,2
92.847,PER,2022,28,Silverstone,MEDIUM,3,24
96.884,PIA,2024,24,Bahrain,HARD,2,12
95.994,HUL,2024,53,Bahrain,SOFT,4,13
136.853,HUL,2023,22,Singapore,HARD,2,2
99.236,HUL,2022,55,Bahrain,SOFT,4,11
94.004,RUS,2022,30,Saudi Arabia,HARD,2,14
86.159,VER,2023,23,Monza,HARD,2,3
98.847,HUL,2023,14,Bahrain,HARD,2,3
110.992,RUS,2022,3,Australia,MEDIUM,1,3
97.091,OCO,2024,51,Bahrain,HARD,3,21
114.968,OCO,2022,40,Saudi Arabia,HARD,2,24
103.482,PIA,2023,56,Monaco,INTERMEDIATE,2,2
84.608,PER,2022,13,Australia,MEDIUM,1,13
132.797,RUS,2022,4,Australia,MEDIUM,1,4
91.51,RUS,2023,30,Silverstone,MEDIUM,2,2
122.368,HUL,2022,38,Bahrain,MEDIUM,3,1
77.952,ALO,2023,6,Monaco,HARD,1,7
109.539,BOT,2022,20,Monaco,WET,1,20
99.693,NOR,2023,18,Singapore,MEDIUM,1,18
96.212,OCO,2023,8,Saudi Arabia,MEDIUM,1,8
96.522,STR,2023,12,Saudi Arabia,MEDIUM,1,12
100.748,DEV,2023,2,Saudi Arabia,MEDIUM,1,2
96.672,TSU,2024,54,Bahrain,HARD,3,20
100.846,TSU,2023,8,Bahrain,SOFT,1,8
96.959,BOT,2022,54,Bahrain,SOFT,4,11
79.346,PIA,2023,9,Monaco,HARD,1,9
96.323,ZHO,2022,24,Saudi Arabia,HARD,2,8
81.744,HUL,2023,33,Australia,HARD,2,25
99.789,OCO,2022,27,Bahrain,MEDIUM,2,13
97.7,MAG,2022,11,Saudi Arabia,HARD,1,13
93.815,OCO,2023,45,Saudi Arabia,HARD,2,29
99.679,NOR,2022,38,Bahrain,HARD,2,14
96.872,PIA,2024,17,Bahrain,HARD,2,5
105.002,OCO,2023,59,Monaco,INTERMEDIATE,3,5
78.831,ZHO,2023,41,Monaco,HARD,2,40
93.612,SAI,2023,33,Monaco,HARD,1,33
97.897,PIA,2024,4,Bahrain,SOFT,1,7
81.422,STR,2024,30,Monaco,MEDIUM,2,30
96.429,PER,2023,39,Bahrain,HARD,3,5
83.518,OCO,2023,22,Australia,HARD,3,21
81.602,ZHO,2023,33,Monaco,HARD,2,32
93.196,STR,2022,48,Silverstone,MEDIUM,4,11
78.471,HAM,2024,31,Monaco,MEDIUM,2,30
79.837,TSU,2024,29,Monaco,HARD,2,29
94.871,NOR,2023,45,Saudi Arabia,MEDIUM,3,26
94.257,VER,2022,13,Monaco,WET,1,13
104.564,ZHO,2023,1,Saudi Arabia,MEDIUM,1,1
83.906,TSU,2023,21,Australia,HARD,2,13
96.554,PER,2023,43,Bahrain,HARD,3,9
79.638,STR,2024,37,Monaco,MEDIUM,2,37
84.501,PER,2023,5,Australia,HARD,3,3
81.338,ZHO,2024,29,Monaco,HARD,2,28
84.746,LEC,2022,2,Australia,MEDIUM,1,2
78.372,OCO,2023,17,Monaco,MEDIUM,1,17
97.201,HAM,2024,27,Bahrain,HARD,2,15
80.067,BOT,2023,14,Monaco,HARD,1,14
76.966,VER,2023,39,Monaco,MEDIUM,1,39
78.93,RIC,2024,76,Monaco,HARD,2,76
81.669,LEC,2022,34,Monaco,HARD,4,13
98.478,STR,2023,24,Bahrain,HARD,2,9
87.322,BOT,2022,32,Monza,MEDIUM,1,32
103.729,OCO,2023,58,Monaco,INTERMEDIATE,3,4
85.894,HUL,2023,50,Monza,MEDIUM,3,14
132.017,RUS,2023,3,Australia,MEDIUM,1,3
97.208,ALO,2023,40,Bahrain,HARD,3,6
93.175,ALO,2023,37,Saudi Arabia,HARD,2,20
81.643,NOR,2023,40,Australia,HARD,2,32
95.918,GAS,2023,23,Saudi Arabia,HARD,2,9
83.248,RIC,2022,36,Australia,HARD,2,15
92.986,NOR,2023,13,Silverstone,MEDIUM,1,13
94.903,OCO,2023,27,Saudi Arabia,HARD,2,11
95.225,ALO,2024,47,Bahrain,HARD,3,6
97.799,STR,2022,9,Saudi Arabia,MEDIUM,1,10
83.828,GAS,2022,47,Australia,HARD,2,26
89.044,BOT,2023,21,Monza,HARD,1,24
97.52,RUS,2023,48,Bahrain,HARD,3,17
95.522,LAT,2022,9,Silverstone,SOFT,2,8
92.726,PER,2023,29,Saudi Arabia,HARD,2,11
78.651,HAM,2023,7,Monaco,MEDIUM,1,7
78.245,ZHO,2023,21,Monaco,HARD,2,20
81.932,HAM,2022,53,Australia,HARD,2,31
85.999,HAM,2023,37,Monza,MEDIUM,2,10
83.077,STR,2023,16,Australia,HARD,2,8
93.867,SAI,2023,32,Saudi Arabia,HARD,2,17
91.84,SAR,2023,41,Silverstone,SOFT,2,12
78.46,OCO,2023,10,Monaco,MEDIUM,1,10
97.689,GAS,2024,14,Bahrain,HARD,2,2
87.045,LAW,2023,17,Monza,HARD,2,7
80.587,ZHO,2023,34,Monaco,HARD,2,33
85.776,SAI,2023,76,Monaco,INTERMEDIATE,3,21
83.121,ZHO,2023,24,Australia,HARD,3,23
86.633,LEC,2023,49,Monza,HARD,2,29
95.028,HUL,2023,33,Saudi Arabia,HARD,2,22
76.672,ALB,2023,24,Monaco,HARD,2,6
97.433,SAR,2024,33,Bahrain,HARD,3,5
95.581,VER,2024,27,Bahrain,HARD,2,10
93.92,MSC,2022,26,Silverstone,HARD,3,7
78.218,NOR,2024,50,Monaco,HARD,2,50
93.761,LEC,2023,6,Silverstone,MEDIUM,1,6
85.025,DEV,2023,5,Australia,HARD,1,5
94.825,ZHO,2023,42,Saudi Arabia,MEDIUM,3,24
100.341,RIC,2022,12,Monaco,WET,1,12
94.446,STR,2022,46,Saudi Arabia,HARD,2,34
105.957,NOR,2023,18,Australia,HARD,2,10
91.406,PIA,2023,45,Silverstone,HARD,2,16
95.434,RUS,2024,36,Bahrain,HARD,3,5
98.339,HAM,2023,26,Bahrain,HARD,2,14
95.057,MAG,2023,31,Saudi Arabia,HARD,2,23
96.187,TSU,2024,46,Bahrain,HARD,3,12
87.815,STR,2022,22,Monza,HARD,2,5
76.682,PER,2022,47,Monaco,MEDIUM,4,17
97.706,HAM,2022,4,Saudi Arabia,HARD,1,5
80.283,PER,2023,14,Monaco,HARD,2,13
93.275,TSU,2023,28,Silverstone,HARD,2,14
100.973,NOR,2023,27,Bahrain,SOFT,3,13
98.379,GAS,2024,26,Bahrain,HARD,2,14
87.173,RIC,2022,26,Monza,HARD,2,7
95.22,LEC,2024,45,Bahrain,HARD,3,11
98.652,ALB,2024,9,Bahrain,SOFT,1,9
95.398,PER,2022,5,Silverstone,MEDIUM,2,4
77.033,OCO,2023,44,Monaco,HARD,2,12
79.393,ZHO,2022,58,Monaco,MEDIUM,3,29
93.309,RUS,2023,16,Silverstone,SOFT,1,19
85.734,RUS,2022,7,Australia,MEDIUM,1,7
78.957,DEV,2023,10,Monaco,MEDIUM,1,10
77.461,LEC,2023,34,Monaco,HARD,1,34
83.298,BOT,2023,28,Australia,HARD,3,27
97.219,NOR,2023,44,Bahrain,HARD,5,7
80.855,PER,2023,52,Australia,HARD,4,45
98.134,PER,2022,7,Monaco,WET,1,7
81.035,SAR,2023,39,Monaco,SOFT,3,16
98.408,GAS,2022,11,Monaco,INTERMEDIATE,2,10
99.406,NOR,2023,27,Singapore,HARD,2,7
79.28,NOR,2024,19,Monaco,HARD,2,19
88.53,DEV,2023,46,Australia,SOFT,3,1
93.985,DEV,2023,10,Silverstone,SOFT,1,10
100.565,MAG,2024,32,Bahrain,HARD,2,21
87.014,PER,2023,13,Monza,MEDIUM,1,13
94.135,DEV,2023,46,Saudi Arabia,HARD,2,29
87.742,SAR,2023,49,Monza,HARD,2,38
80.84,RIC,2024,34,Monaco,HARD,2,34
96.129,STR,2022,11,Monaco,INTERMEDIATE,3,9
78.946,VER,2023,33,Monaco,MEDIUM,1,33
96.793,HUL,2023,43,Bahrain,SOFT,4,6
96.203,OCO,2022,6,Saudi Arabia,MEDIUM,1,6
94.136,OCO,2023,37,Saudi Arabia,HARD,2,21
92.471,VET,2022,52,Silverstone,MEDIUM,4,15
98.218,SAI,2023,52,Singapore,HARD,2,32
100.402,BOT,2023,57,Monaco,INTERMEDIATE,2,6
82.048,STR,2023,36,Australia,HARD,2,28
84.835,RIC,2022,33,Monaco,HARD,3,14
98.73,STR,2023,22,Bahrain,HARD,2,7
97.936,SAR,2023,54,Bahrain,SOFT,4,14
96.416,NOR,2024,19,Bahrain,HARD,2,6
84.103,BOT,2023,17,Australia,HARD,3,16
79.276,MAG,2023,31,Monaco,HARD,1,31
84.167,VER,2022,7,Australia,MEDIUM,1,7
77.126,PIA,2024,78,Monaco,HARD,2,78
85.891,LAT,2022,10,Australia,MEDIUM,1,10
78.335,PIA,2023,29,Monaco,HARD,1,29
77.212,GAS,2023,37,Monaco,HARD,1,37
86.351,PER,2022,31,Monza,HARD,2,24
101.908,ZHO,2023,56,Monaco,INTERMEDIATE,3,4
81.604,GAS,2023,50,Australia,HARD,2,42
97.205,BOT,2024,55,Bahrain,HARD,3,25
77.648,RUS,2023,25,Monaco,HARD,1,25
93.941,OCO,2023,4,Silverstone,SOFT,1,4
97.203,NOR,2022,22,Saudi Arabia,HARD,2,6
95.046,OCO,2022,20,Silverstone,SOFT,2,19
100.416,NOR,2023,59,Singapore,HARD,2,39
78.774,ALB,2023,39,Monaco,HARD,2,21
98.998,ZHO,2023,16,Bahrain,HARD,2,4
97.169,NOR,2022,9,Saudi Arabia,MEDIUM,1,9
93.449,DEV,2023,1,Monaco,MEDIUM,1,1
104.033,PER,2023,1,Silverstone,MEDIUM,1,1
86.864,VER,2023,74,Monaco,INTERMEDIATE,2,19
98.877,VER,2022,5,Bahrain,SOFT,1,8
97.821,SAI,2023,55,Bahrain,HARD,3,24
78.893,GAS,2023,5,Monaco,HARD,1,5
101.216,NOR,2023,59,Monaco,INTERMEDIATE,3,5
83.085,BOT,2023,41,Australia,HARD,3,40
79.124,BOT,2024,20,Monaco,HARD,3,6
82.587,SAI,2023,15,Australia,HARD,3,8
106.762,SAI,2023,20,Monza,HARD,2,1
76.303,RUS,2024,78,Monaco,MEDIUM,2,77
77.586,LEC,2023,24,Monaco,HARD,1,24
86.986,SAI,2022,29,Monza,MEDIUM,1,29
82.899,SAR,2024,7,Monaco,HARD,2,7
78.697,SAI,2023,7,Monaco,HARD,1,7
84.396,GAS,2022,34,Australia,HARD,2,13
90.766,BOT,2023,69,Monaco,INTERMEDIATE,2,18
100.31,RUS,2023,8,Bahrain,SOFT,1,11
79.112,BOT,2023,37,Monaco,HARD,1,37
94.105,ZHO,2023,50,Saudi Arabia,MEDIUM,3,32
77.465,SAI,2023,31,Monaco,HARD,1,31
101.274,SAI,2023,31,Bahrain,HARD,2,18
97.024,VER,2024,8,Bahrain,SOFT,1,11
99.517,ALB,2022,15,Bahrain,MEDIUM,2,2
78.788,GAS,2023,9,Monaco,HARD,1,9
84.618,ALO,2022,49,Australia,MEDIUM,2,10
98.893,RIC,2024,12,Bahrain,SOFT,1,15
75.324,HAM,2024,74,Monaco,HARD,3,24
77.912,GAS,2023,26,Monaco,HARD,1,26
86.436,LAW,2023,50,Monza,MEDIUM,3,20
101.002,HUL,2023,6,Bahrain,SOFT,1,9
81.318,ALO,2024,16,Monaco,MEDIUM,2,16
78.083,VER,2024,41,Monaco,MEDIUM,2,40
77.97,SAI,2022,54,Monaco,HARD,3,33
144.84,TSU,2023,36,Silverstone,SOFT,3,4
87.385,OCO,2023,5,Monza,MEDIUM,1,5
86.503,ZHO,2023,38,Monza,MEDIUM,3,5
88.218,MAG,2023,9,Monza,HARD,1,13
134.215,OCO,2023,19,Saudi Arabia,HARD,2,3
88.185,ALO,2022,14,Monza,MEDIUM,1,14
78.624,RUS,2024,29,Monaco,MEDIUM,2,28
80.977,ALB,2023,2,Monaco,MEDIUM,1,2
99.565,HUL,2023,61,Monaco,WET,4,2
91.994,SAR,2023,31,Silverstone,SOFT,2,2
95.863,VER,2024,33,Bahrain,HARD,2,16
104.252,MAG,2022,6,Monaco,WET,1,6
81.687,ALO,2023,36,Australia,HARD,2,28
93.998,HAM,2023,26,Saudi Arabia,MEDIUM,2,8
95.058,SAI,2022,7,Saudi Arabia,MEDIUM,1,7
87.332,TSU,2023,75,Monaco,INTERMEDIATE,2,22
86.264,MSC,2022,45,Monza,SOFT,2,12
135.212,GAS,2023,18,Saudi Arabia,HARD,2,4
77.879,LEC,2023,26,Monaco,HARD,1,26
95.407,SAI,2024,55,Bahrain,HARD,3,20
77.701,PIA,2023,36,Monaco,HARD,1,36
97.895,HUL,2023,34,Bahrain,HARD,3,8
94.263,PER,2023,13,Saudi Arabia,MEDIUM,1,13
103.313,ALB,2022,5,Monaco,WET,1,5
145.182,SAI,2023,36,Silverstone,HARD,2,10
126.419,LEC,2022,39,Saudi Arabia,HARD,2,23
93.96,GAS,2023,42,Saudi Arabia,HARD,2,28
99.51,HAM,2023,35,Singapore,HARD,2,15
95.543,PIA,2023,28,Saudi Arabia,HARD,2,27
91.209,PER,2023,48,Silverstone,SOFT,2,20
77.372,HAM,2023,29,Monaco,MEDIUM,1,29
92.744,ALO,2022,35,Silverstone,HARD,3,2
101.186,ALB,2022,13,Saudi Arabia,MEDIUM,1,13
94.481,HUL,2023,46,Saudi Arabia,HARD,2,35
103.515,RIC,2022,16,Bahrain,MEDIUM,1,16
94.394,OCO,2023,33,Saudi Arabia,HARD,2,17
82.881,TSU,2023,42,Australia,HARD,2,34
79.745,TSU,2024,40,Monaco,HARD,2,40
86.915,ALO,2023,30,Monza,HARD,2,12
93.856,STR,2023,5,Silverstone,MEDIUM,1,6
95.043,RUS,2023,13,Saudi Arabia,MEDIUM,1,13
98.25,NOR,2023,52,Singapore,HARD,2,32
94.797,TSU,2023,33,Saudi Arabia,HARD,2,16
100.578,ALO,2023,34,Singapore,HARD,2,14
100.992,OCO,2022,10,Bahrain,SOFT,1,10
79.61,ZHO,2024,44,Monaco,HARD,2,43
83.083,PIA,2023,30,Australia,HARD,2,22
98.347,NOR,2023,39,Bahrain,HARD,5,2
103.994,GAS,2022,3,Monaco,INTERMEDIATE,2,2
124.829,ALB,2022,38,Saudi Arabia,HARD,2,25
88.221,STR,2022,40,Australia,HARD,4,21
90.065,ZHO,2022,32,Monaco,MEDIUM,3,3
92.268,TSU,2023,52,Monaco,MEDIUM,1,52
106.72,GAS,2023,32,Monza,MEDIUM,3,1
98.968,BOT,2024,8,Bahrain,SOFT,1,8
81.265,ALO,2024,39,Monaco,MEDIUM,2,39
83.313,MAG,2023,23,Australia,HARD,3,16
98.689,TSU,2024,2,Bahrain,SOFT,1,2
98.077,SAR,2024,18,Bahrain,HARD,2,8
100.18,ALO,2023,14,Singapore,MEDIUM,1,14
98.573,BOT,2023,48,Singapore,MEDIUM,2,8
98.835,LEC,2022,7,Bahrain,SOFT,1,7
77.35,STR,2024,52,Monaco,SOFT,4,4
99.816,MSC,2022,21,Bahrain,MEDIUM,2,9
78.207,SAI,2024,63,Monaco,HARD,2,62
84.703,MAG,2022,36,Australia,HARD,1,36
95.706,HAM,2024,56,Bahrain,HARD,3,23
92.249,VER,2023,35,Saudi Arabia,HARD,2,17
99.603,HAM,2023,55,Monaco,INTERMEDIATE,3,1
93.923,TSU,2023,70,Monaco,INTERMEDIATE,2,17
79.297,STR,2024,36,Monaco,MEDIUM,2,36
97.823,PER,2024,6,Bahrain,SOFT,1,9
97.227,SAR,2023,47,Bahrain,SOFT,4,7
87.289,HAM,2023,3,Monza,HARD,1,6
101.573,DEV,2023,9,Bahrain,SOFT,1,9
94.677,ALO,2024,50,Bahrain,HARD,3,9
101.181,SAR,2023,53,Australia,HARD,5,24
79.188,DEV,2023,20,Monaco,MEDIUM,1,20
86.408,SAI,2023,12,Monza,MEDIUM,1,12
84.617,RUS,2023,11,Australia,HARD,3,4
93.988,ALO,2023,29,Saudi Arabia,HARD,2,12
94.92,ALO,2023,5,Saudi Arabia,MEDIUM,1,5
77.434,VER,2023,13,Monaco,MEDIUM,1,13
88.016,PIA,2023,72,Monaco,INTERMEDIATE,2,18
79.41,STR,2022,44,Monaco,None,5,21
94.943,LEC,2022,2,Saudi Arabia,MEDIUM,1,2
125.182,ALB,2022,6,Australia,HARD,1,6
87.706,GAS,2023,21,Monza,HARD,2,14
97.139,RIC,2022,7,Saudi Arabia,MEDIUM,1,7
149.289,TSU,2023,18,Saudi Arabia,HARD,2,1
81.919,SAI,2023,28,Australia,HARD,3,21
78.129,VER,2023,4,Monaco,MEDIUM,1,4
86.266,LEC,2023,5,Monza,MEDIUM,1,5
97.66,RUS,2023,38,Bahrain,HARD,3,7
99.172,MAG,2024,8,Bahrain,SOFT,1,8
82.124,LEC,2022,35,Australia,HARD,2,13
101.781,VET,2022,5,Monaco,WET,1,5
82.259,ALO,2022,36,Monaco,MEDIUM,3,6
126.623,STR,2023,34,Silverstone,SOFT,2,6
86.201,BOT,2023,29,Monza,MEDIUM,2,7
101.11,GAS,2023,6,Bahrain,SOFT,1,6
100.978,HAM,2023,5,Singapore,MEDIUM,1,5
99.89,ALB,2023,24,Bahrain,SOFT,2,13
99.386,LAW,2023,48,Singapore,HARD,2,28
100.076,HUL,2023,31,Singapore,HARD,2,11
81.03,LEC,2024,8,Monaco,HARD,2,7
80.578,ZHO,2024,43,Monaco,HARD,2,42
83.012,NOR,2022,43,Australia,HARD,2,23
98.169,GAS,2023,65,Monaco,INTERMEDIATE,3,11
97.956,PIA,2024,8,Bahrain,SOFT,1,11
83.647,GAS,2023,12,Australia,HARD,2,4
83.448,VER,2022,29,Australia,HARD,2,11
80.276,ALB,2023,4,Monaco,MEDIUM,1,4
95.237,LEC,2022,15,Saudi Arabia,MEDIUM,1,15
105.364,NOR,2023,1,Bahrain,SOFT,1,1
76.771,PIA,2024,61,Monaco,HARD,2,61
91.93,ALB,2023,51,Silverstone,SOFT,2,23
78.663,ALO,2024,75,Monaco,MEDIUM,2,75
79.457,RIC,2024,55,Monaco,HARD,2,55
97.86,NOR,2024,7,Bahrain,SOFT,1,10
84.842,HAM,2022,8,Australia,MEDIUM,1,8
94.516,GAS,2023,33,Saudi Arabia,HARD,2,19
101.534,PIA,2023,9,Bahrain,SOFT,1,9
80.277,NOR,2023,12,Monaco,MEDIUM,1,12
79.935,LEC,2024,30,Monaco,HARD,2,29
99.787,MAG,2023,45,Singapore,SOFT,3,5
98.108,GAS,2023,38,Bahrain,HARD,3,13
92.848,VER,2023,44,Saudi Arabia,HARD,2,26
93.083,RUS,2023,43,Saudi Arabia,HARD,2,25
93.367,HAM,2023,48,Saudi Arabia,MEDIUM,2,30
127.305,ALB,2022,39,Saudi Arabia,HARD,2,26
76.906,VER,2022,49,Monaco,MEDIUM,4,19
120.405,RUS,2023,20,Singapore,MEDIUM,1,20
80.144,TSU,2024,45,Monaco,HARD,2,45
98.222,SAI,2023,47,Bahrain,HARD,3,16
81.163,SAI,2024,6,Monaco,HARD,2,5
102.068,LEC,2023,13,Bahrain,SOFT,1,13
98.038,ALB,2023,37,Bahrain,HARD,3,11
96.233,PER,2024,27,Bahrain,HARD,2,15
96.008,ALB,2024,46,Bahrain,HARD,3,10
83.682,SAR,2024,4,Monaco,HARD,2,4
108.018,MAG,2023,57,Monaco,WET,2,1
99.766,OCO,2022,28,Bahrain,MEDIUM,2,14
78.453,GAS,2023,18,Monaco,HARD,1,18
100.432,ZHO,2022,21,Australia,MEDIUM,1,21
94.576,ZHO,2022,32,Saudi Arabia,HARD,3,16
100.033,VER,2023,32,Singapore,HARD,1,32
97.836,PER,2024,11,Bahrain,SOFT,1,14
95.805,MAG,2023,12,Saudi Arabia,HARD,2,4
78.68,RIC,2022,52,Monaco,HARD,3,33
98.762,GAS,2023,11,Bahrain,HARD,2,2
113.977,ALO,2022,49,Bahrain,SOFT,4,7
95.233,ZHO,2023,36,Saudi Arabia,MEDIUM,3,18
78.382,NOR,2024,55,Monaco,HARD,2,55
145.263,MAG,2022,47,Monza,SOFT,3,1
99.078,GAS,2024,7,Bahrain,SOFT,1,7
82.15,SAI,2023,21,Australia,HARD,3,14
103.041,HAM,2023,60,Monaco,INTERMEDIATE,3,6
81.832,HAM,2023,35,Australia,HARD,2,27
87.245,ALO,2023,74,Monaco,INTERMEDIATE,3,19
98.525,BOT,2023,49,Singapore,MEDIUM,2,9
97.82,HUL,2024,8,Bahrain,HARD,2,7
95.92,PIA,2024,57,Bahrain,HARD,3,23
93.81,GAS,2023,47,Saudi Arabia,HARD,2,33
93.325,RUS,2022,1,Australia,MEDIUM,1,1
85.99,MAG,2022,11,Australia,HARD,1,11
110.385,HAM,2022,15,Monaco,WET,1,15
104.577,VER,2022,16,Saudi Arabia,MEDIUM,1,16
83.374,ZHO,2023,17,Australia,HARD,3,16
98.414,ALB,2023,18,Monaco,MEDIUM,1,18
98.11,STR,2023,56,Bahrain,HARD,3,26
83.947,DEV,2023,39,Australia,MEDIUM,2,31
92.401,PER,2022,37,Silverstone,MEDIUM,3,33
78.741,VER,2023,31,Monaco,MEDIUM,1,31
82.424,NOR,2022,25,Monaco,HARD,3,3
121.514,STR,2022,39,Bahrain,MEDIUM,3,1
98.63,ZHO,2022,19,Bahrain,MEDIUM,2,4
78.846,PIA,2024,41,Monaco,HARD,2,41
102.61,ALB,2023,26,Bahrain,SOFT,2,15
85.545,ZHO,2023,16,Australia,HARD,3,15
89.177,LEC,2023,73,Monaco,INTERMEDIATE,3,18
95.62,HUL,2023,28,Saudi Arabia,HARD,2,17
95.196,TSU,2022,33,Silverstone,HARD,3,16
83.418,ZHO,2023,23,Australia,HARD,3,22
82.237,GAS,2023,29,Australia,HARD,2,21
80.639,STR,2023,12,Monaco,HARD,1,13
96.236,SAI,2024,19,Bahrain,HARD,2,5
83.662,DEV,2023,14,Australia,MEDIUM,2,6
94.189,TSU,2023,44,Saudi Arabia,HARD,2,27
87.221,ALO,2023,4,Monza,MEDIUM,1,4
92.683,RUS,2023,23,Silverstone,SOFT,1,26
94.897,LEC,2024,37,Bahrain,HARD,3,3
78.481,TSU,2023,14,Monaco,MEDIUM,1,14
97.13,SAI,2023,37,Bahrain,HARD,3,6
97.541,PER,2023,46,Singapore,MEDIUM,2,7
86.819,SAI,2022,21,Monza,MEDIUM,1,21
82.731,STR,2023,22,Australia,HARD,2,14
96.685,ZHO,2022,39,Bahrain,MEDIUM,3,2
101.557,STR,2022,9,Bahrain,SOFT,1,9
86.782,BOT,2023,36,Monza,MEDIUM,2,14
76.219,LEC,2024,73,Monaco,HARD,2,72
81.963,MAG,2023,49,Australia,HARD,3,42
95.987,PER,2022,11,Monaco,WET,1,11
96.359,ZHO,2023,4,Saudi Arabia,MEDIUM,1,4
100.886,TSU,2023,6,Bahrain,SOFT,1,6
97.772,RIC,2024,23,Bahrain,HARD,2,10
95.54,ZHO,2022,49,Saudi Arabia,HARD,3,33
100.446,ZHO,2023,54,Monaco,INTERMEDIATE,3,2
97.891,HUL,2024,17,Bahrain,HARD,2,16
76.859,PER,2023,47,Monaco,MEDIUM,3,14
107.791,TSU,2023,1,Bahrain,SOFT,1,1
95.44,VER,2022,51,Bahrain,SOFT,4,11
93.894,ZHO,2023,49,Saudi Arabia,MEDIUM,3,31
87.615,ALO,2022,22,Monza,MEDIUM,1,22
82.012,VER,2023,32,Australia,HARD,2,24
93.075,ALO,2023,45,Saudi Arabia,HARD,2,28
94.879,BOT,2023,7,Silverstone,HARD,1,7
97.201,BOT,2022,2,Saudi Arabia,MEDIUM,1,2
83.051,PIA,2023,20,Australia,HARD,2,12
98.26,SAI,2024,7,Bahrain,SOFT,1,10
88.315,BOT,2022,11,Monza,MEDIUM,1,11
93.072,RUS,2023,18,Silverstone,SOFT,1,21
77.654,GAS,2023,41,Monaco,HARD,1,41
95.515,NOR,2023,25,Saudi Arabia,MEDIUM,3,6
82.945,SAI,2023,17,Australia,HARD,3,10
93.749,BOT,2023,18,Silverstone,HARD,1,18
100.626,ALO,2023,35,Singapore,HARD,2,15
94.117,TSU,2023,49,Saudi Arabia,HARD,2,32
98.404,PER,2023,5,Bahrain,SOFT,1,8
95.921,HUL,2024,52,Bahrain,SOFT,4,12
97.901,MAG,2022,40,Bahrain,MEDIUM,3,6
107.279,SAR,2023,17,Saudi Arabia,HARD,1,17
95.792,GAS,2023,44,Bahrain,SOFT,4,4
93.52,RUS,2023,33,Saudi Arabia,HARD,2,15
82.024,VER,2023,31,Australia,HARD,2,23
97.589,MAG,2023,46,Bahrain,SOFT,4,6
100.042,ZHO,2023,49,Singapore,MEDIUM,3,29
86.456,PER,2023,27,Monza,HARD,2,6
99.657,PER,2023,42,Bahrain,HARD,3,8
87.023,GAS,2022,35,Monza,HARD,2,18
95.822,SAR,2023,23,Saudi Arabia,MEDIUM,2,5
100.744,ALB,2023,6,Bahrain,SOFT,1,6
83.019,BOT,2023,39,Australia,HARD,3,38
77.974,VER,2023,36,Monaco,MEDIUM,1,36
92.974,SAI,2022,19,Silverstone,MEDIUM,2,18
95.42,ALB,2023,65,Monaco,INTERMEDIATE,3,13
75.462,TSU,2024,74,Monaco,HARD,2,74
92.102,LEC,2022,49,Saudi Arabia,HARD,2,33
81.492,SAR,2024,11,Monaco,HARD,2,11
95.204,RUS,2024,39,Bahrain,HARD,3,8
83.4,VER,2024,5,Monaco,MEDIUM,2,4
113.108,ZHO,2022,19,Monaco,WET,1,19
77.772,NOR,2024,51,Monaco,HARD,2,51
81.399,ZHO,2024,55,Monaco,HARD,2,54
96.726,NOR,2024,27,Bahrain,HARD,2,14
81.404,SAR,2024,37,Monaco,HARD,2,37
87.25,ZHO,2022,7,Australia,MEDIUM,1,7
83.222,TSU,2023,22,Australia,HARD,2,14
100.39,VER,2023,16,Singapore,HARD,1,16
80.775,SAR,2024,31,Monaco,HARD,2,31
81.748,GAS,2023,37,Australia,HARD,2,29
96.661,RIC,2024,54,Bahrain,SOFT,3,19
80.395,SAR,2024,24,Monaco,HARD,2,24
95.55,HAM,2024,53,Bahrain,HARD,3,20
98.26,SAI,2024,7,Bahrain,SOFT,1,10
85.136,SAR,2023,5,Australia,HARD,3,4
87.326,NOR,2022,4,Monza,MEDIUM,1,4
99.169,RUS,2023,39,Singapore,HARD,2,19
94.402,MAG,2023,33,Saudi Arabia,HARD,2,25
86.929,ALO,2023,7,Monza,MEDIUM,1,7
77.842,PIA,2023,37,Monaco,HARD,1,37
80.32,GAS,2024,39,Monaco,MEDIUM,2,38
93.143,LEC,2022,48,Silverstone,HARD,3,23
100.109,TSU,2023,24,Bahrain,HARD,2,14
81.284,ALO,2023,42,Australia,HARD,2,34
95.687,VER,2023,7,Saudi Arabia,MEDIUM,1,7
85.884,PER,2023,26,Monza,HARD,2,5
95.46,SAI,2022,3,Saudi Arabia,MEDIUM,1,3
94.143,NOR,2022,15,Silverstone,MEDIUM,2,15
99.806,BOT,2022,31,Bahrain,MEDIUM,2,17
81.265,RIC,2024,29,Monaco,HARD,2,29
87.518,PIA,2023,13,Monza,MEDIUM,1,13
86.628,RUS,2023,51,Monza,HARD,2,35
87.509,BOT,2022,13,Monza,MEDIUM,1,13
100.482,ZHO,2023,51,Singapore,MEDIUM,3,31
78.559,GAS,2023,42,Monaco,HARD,1,42
83.575,ALO,2024,5,Monaco,MEDIUM,2,5
78.443,ALO,2023,13,Monaco,HARD,1,14
102.173,RIC,2024,13,Bahrain,SOFT,1,16
142.614,VER,2022,2,Monaco,WET,1,2
87.417,ALO,2022,4,Monza,MEDIUM,1,4
96.086,GAS,2024,56,Bahrain,SOFT,4,13
97.661,HAM,2023,45,Bahrain,HARD,3,15
99.543,OCO,2023,4,Bahrain,SOFT,1,7
78.548,STR,2023,22,Monaco,HARD,1,23
171.32,MAG,2022,1,Silverstone,SOFT,1,1
87.017,TSU,2022,35,Monza,HARD,2,17
78.328,LEC,2023,41,Monaco,HARD,1,41
81.449,ZHO,2024,37,Monaco,HARD,2,36
80.148,ALB,2024,32,Monaco,HARD,2,31
78.137,SAI,2024,65,Monaco,HARD,2,64
80.517,ALB,2024,24,Monaco,HARD,2,23
97.229,VER,2024,9,Bahrain,SOFT,1,12
87.011,PER,2023,17,Monza,MEDIUM,1,17
78.537,VER,2024,47,Monaco,MEDIUM,2,46
87.748,ALO,2022,11,Monza,MEDIUM,1,11
92.516,DEV,2023,43,Silverstone,SOFT,3,11
87.144,OCO,2022,29,Monza,HARD,2,10
82.358,SAI,2024,4,Monaco,HARD,2,3
100.243,TSU,2023,3,Bahrain,SOFT,1,3
102.622,BOT,2023,59,Monaco,INTERMEDIATE,2,8
88.025,LAT,2022,38,Monza,HARD,2,23
80.037,HAM,2024,18,Monaco,MEDIUM,2,17
87.804,SAR,2023,11,Monza,MEDIUM,1,14
166.878,RIC,2022,1,Silverstone,MEDIUM,1,1
94.82,VET,2022,14,Silverstone,MEDIUM,3,10
98.235,PER,2023,47,Singapore,MEDIUM,2,8
93.407,MAG,2022,45,Silverstone,MEDIUM,3,23
93.051,VER,2022,50,Silverstone,SOFT,5,11
87.634,BOT,2023,18,Monza,HARD,1,21
92.995,SAI,2022,14,Monaco,WET,1,14
105.34,STR,2023,18,Australia,HARD,2,10
103.728,HUL,2023,62,Singapore,HARD,2,42
79.297,TSU,2023,11,Monaco,MEDIUM,1,11
80.146,ZHO,2024,46,Monaco,HARD,2,45
87.799,SAR,2023,13,Monza,MEDIUM,1,16
82.134,ZHO,2024,49,Monaco,HARD,2,48
103.564,RIC,2022,5,Monaco,WET,1,5
79.991,TSU,2024,20,Monaco,HARD,2,20
84.845,ZHO,2022,34,Australia,HARD,2,13
101.894,RIC,2022,8,Bahrain,MEDIUM,1,8
108.873,VER,2022,38,Saudi Arabia,HARD,2,22
77.483,SAR,2023,22,Monaco,HARD,2,2
80.904,ALO,2023,51,Australia,HARD,2,43
100.355,PER,2023,33,Singapore,HARD,1,33
100.298,LEC,2023,56,Singapore,HARD,2,36
85.84,MAG,2022,12,Australia,HARD,1,12
92.869,VER,2023,28,Saudi Arabia,HARD,2,10
100.7,VER,2023,25,Singapore,HARD,1,25
95.486,STR,2022,37,Saudi Arabia,HARD,2,25
87.575,NOR,2023,2,Monza,MEDIUM,1,2
86.776,SAI,2023,50,Monza,HARD,2,31
76.619,VER,2024,64,Monaco,HARD,3,13
86.736,GAS,2023,39,Monza,MEDIUM,3,8
99.109,MSC,2022,15,Bahrain,MEDIUM,2,3
103.955,LEC,2023,23,Singapore,HARD,2,3
80.246,SAI,2024,11,Monaco,HARD,2,10
82.057,ZHO,2022,59,Monaco,MEDIUM,3,30
81.354,PIA,2024,6,Monaco,HARD,2,6
99.158,ALB,2023,15,Bahrain,SOFT,2,4
80.797,PER,2023,13,Monaco,HARD,2,12
111.928,LAT,2022,44,Bahrain,MEDIUM,3,12
87.535,ZHO,2023,5,Monza,MEDIUM,1,5
98.053,ALO,2024,6,Bahrain,SOFT,1,9
79.836,HUL,2023,19,Monaco,HARD,2,18
86.003,PER,2023,11,Australia,HARD,4,4
101.256,GAS,2022,13,Bahrain,SOFT,1,16
95.184,HAM,2024,45,Bahrain,HARD,3,12
95.241,RUS,2024,34,Bahrain,HARD,3,3
76.609,NOR,2024,71,Monaco,HARD,2,71
93.185,ALO,2023,19,Silverstone,MEDIUM,1,20
78.057,STR,2024,68,Monaco,SOFT,4,20
116.214,VER,2022,13,Silverstone,MEDIUM,3,1
78.153,BOT,2023,46,Monaco,HARD,1,46
98.507,ALB,2024,3,Bahrain,SOFT,1,3
94.043,MAG,2023,50,Saudi Arabia,HARD,2,42
101.219,MAG,2023,61,Monaco,WET,2,5
87.641,STR,2022,32,Monza,HARD,2,15
79.943,HAM,2022,40,Monaco,MEDIUM,4,10
78.015,GAS,2023,31,Monaco,HARD,1,31
85.584,PER,2023,38,Monza,HARD,2,17
90.107,DEV,2023,71,Monaco,INTERMEDIATE,2,18
98.707,SAR,2024,3,Bahrain,SOFT,1,3
83.36,LEC,2022,10,Australia,MEDIUM,1,10
81.853,ZHO,2022,61,Monaco,MEDIUM,3,32
79.76,HAM,2024,21,Monaco,MEDIUM,2,20
98.127,ALB,2023,29,Bahrain,HARD,3,3
91.251,GAS,2022,14,Monaco,INTERMEDIATE,2,13
78.88,VER,2024,50,Monaco,MEDIUM,2,49
83.104,VER,2023,5,Australia,MEDIUM,1,5
109.649,GAS,2023,1,Bahrain,SOFT,1,1
84.974,OCO,2023,5,Australia,HARD,2,4
97.571,RUS,2024,14,Bahrain,HARD,2,3
98.259,SAR,2023,8,Saudi Arabia,HARD,1,8
78.743,DEV,2023,8,Monaco,MEDIUM,1,8
86.329,PER,2023,44,Monza,HARD,2,23
95.871,LEC,2023,4,Saudi Arabia,SOFT,1,4
87.783,HAM,2022,8,Monza,MEDIUM,1,8
79.155,GAS,2024,63,Monaco,MEDIUM,2,62
96.276,PER,2024,32,Bahrain,HARD,2,20
98.01,NOR,2024,2,Bahrain,SOFT,1,5
83.399,GAS,2022,48,Australia,HARD,2,27
97.909,DEV,2023,31,Bahrain,HARD,3,4
82.241,HUL,2023,35,Australia,HARD,2,27
87.143,HUL,2023,24,Monza,HARD,2,15
94.636,ALO,2023,6,Silverstone,MEDIUM,1,7
93.105,SAI,2023,13,Silverstone,MEDIUM,1,13
87.411,ZHO,2022,43,Monza,HARD,2,25
94.87,VER,2022,20,Silverstone,MEDIUM,3,8
97.306,HUL,2023,51,Bahrain,SOFT,4,14
100.103,BOT,2022,17,Bahrain,MEDIUM,2,3
85.734,RIC,2022,20,Australia,MEDIUM,1,20
98.067,HUL,2023,53,Bahrain,SOFT,4,16
95.786,HUL,2024,54,Bahrain,SOFT,4,14
87.6,HUL,2023,28,Monza,HARD,2,19
81.684,GAS,2023,36,Australia,HARD,2,28
145.067,ALB,2023,36,Silverstone,SOFT,2,8
78.541,PER,2023,25,Monaco,HARD,2,24
138.528,LAW,2023,44,Singapore,HARD,2,24
92.655,ZHO,2023,41,Silverstone,SOFT,4,8
94.394,GAS,2023,34,Saudi Arabia,HARD,2,20
96.74,HUL,2022,22,Saudi Arabia,HARD,1,23
79.429,VER,2024,37,Monaco,MEDIUM,2,36
94.872,ALO,2024,45,Bahrain,HARD,3,4
96.882,PIA,2024,26,Bahrain,HARD,2,14
95.564,MAG,2023,28,Saudi Arabia,HARD,2,20
87.546,ALO,2023,3,Monza,MEDIUM,1,3
89.415,HAM,2023,72,Monaco,INTERMEDIATE,3,18
96.314,ZHO,2023,5,Saudi Arabia,MEDIUM,1,5
99.206,HUL,2023,56,Bahrain,SOFT,4,19
127.055,MAG,2023,55,Monaco,HARD,1,55
81.413,ALO,2024,24,Monaco,MEDIUM,2,24
91.149,HUL,2023,52,Monaco,HARD,2,51
87.636,OCO,2022,13,Monza,SOFT,1,13
94.308,STR,2023,13,Silverstone,MEDIUM,1,14
92.025,BOT,2023,72,Monaco,INTERMEDIATE,2,21
85.328,OCO,2022,35,Australia,HARD,2,18
82.731,GAS,2022,52,Australia,HARD,2,31
97.42,TSU,2022,1,Monza,MEDIUM,1,1
92.961,LEC,2023,4,Silverstone,MEDIUM,1,4
93.44,PER,2023,24,Saudi Arabia,HARD,2,6
78.223,NOR,2024,52,Monaco,HARD,2,52
84.299,PER,2023,16,Australia,HARD,4,9
86.285,ZHO,2022,8,Australia,MEDIUM,1,8
75.65,HAM,2023,33,Monaco,HARD,2,2
97.403,SAI,2023,39,Bahrain,HARD,3,8
80.593,SAR,2024,23,Monaco,HARD,2,23
96.775,GAS,2022,8,Saudi Arabia,MEDIUM,1,8
99.576,TSU,2022,24,Bahrain,MEDIUM,2,9
86.897,TSU,2022,28,Monza,HARD,2,10
83.942,TSU,2022,52,Australia,HARD,2,34
77.528,ALO,2023,18,Monaco,HARD,1,19
118.645,HAM,2024,13,Bahrain,HARD,2,1
91.827,GAS,2023,41,Silverstone,SOFT,2,13
92.67,VER,2023,29,Saudi Arabia,HARD,2,11
93.512,SAI,2023,45,Saudi Arabia,HARD,2,30
92.129,SAI,2023,30,Silverstone,HARD,2,4
103.593,TSU,2023,60,Monaco,INTERMEDIATE,2,7
97.968,MAG,2022,16,Bahrain,SOFT,2,5
87.071,LAT,2022,37,Monza,HARD,2,22
102.931,HUL,2023,26,Bahrain,HARD,2,15
93.47,BOT,2023,26,Silverstone,HARD,1,26
100.818,GAS,2023,5,Bahrain,SOFT,1,5
85.314,GAS,2022,11,Australia,MEDIUM,1,11
80.632,VER,2023,51,Australia,HARD,2,43
84.701,ALO,2023,77,Monaco,INTERMEDIATE,3,22
105.989,PER,2023,58,Monaco,WET,5,1
83.076,STR,2023,6,Australia,MEDIUM,1,7
98.364,TSU,2024,7,Bahrain,SOFT,1,7
103.427,PER,2022,47,Monza,SOFT,3,5
93.842,ALB,2023,11,Silverstone,MEDIUM,1,11
96.0,TSU,2022,17,Silverstone,SOFT,2,16
78.223,NOR,2024,52,Monaco,HARD,2,52
78.464,STR,2024,71,Monaco,SOFT,4,23
97.831,SAR,2023,37,Bahrain,HARD,3,7
94.476,NOR,2024,35,Bahrain,HARD,3,2
97.701,ALB,2024,20,Bahrain,HARD,2,5
95.263,ZHO,2023,13,Saudi Arabia,HARD,2,2
90.402,VER,2023,72,Monaco,INTERMEDIATE,2,17
94.184,RUS,2022,23,Saudi Arabia,HARD,2,7
75.882,ALO,2022,50,Monaco,MEDIUM,3,20
98.35,HAM,2024,5,Bahrain,SOFT,1,8
82.678,PER,2023,24,Australia,HARD,4,17
77.588,ZHO,2023,22,Monaco,HARD,2,21
81.066,GAS,2024,15,Monaco,MEDIUM,2,14
100.689,ALO,2023,25,Singapore,HARD,2,5
99.745,STR,2023,4,Bahrain,SOFT,1,7
95.479,HAM,2024,52,Bahrain,HARD,3,19
98.035,VER,2023,5,Bahrain,SOFT,1,8
110.598,HAM,2022,12,Monza,MEDIUM,1,12
133.815,STR,2022,47,Bahrain,SOFT,4,2
79.274,MAG,2023,35,Monaco,HARD,1,35
99.243,NOR,2023,14,Bahrain,HARD,2,4
82.316,PIA,2023,38,Australia,HARD,2,30
99.112,BOT,2024,10,Bahrain,SOFT,1,10
80.476,ALO,2023,53,Australia,HARD,2,45
127.663,NOR,2023,28,Bahrain,MEDIUM,4,1
96.446,MAG,2024,46,Bahrain,HARD,3,14
118.785,ZHO,2023,1,Monaco,SOFT,1,1
95.848,MAG,2022,17,Silverstone,MEDIUM,2,18
88.675,NOR,2023,52,Monaco,HARD,2,2
96.1,NOR,2023,11,Saudi Arabia,HARD,2,9
92.661,MAG,2022,52,Silverstone,MEDIUM,3,30
92.566,VER,2022,48,Silverstone,SOFT,5,9
79.445,SAI,2024,19,Monaco,HARD,2,18
81.031,SAR,2024,18,Monaco,HARD,2,18
108.13,MAG,2023,36,Singapore,HARD,2,16
79.091,GAS,2024,54,Monaco,MEDIUM,2,53
75.869,RUS,2024,69,Monaco,MEDIUM,2,68
81.298,GAS,2024,11,Monaco,MEDIUM,2,10
83.982,SAR,2023,23,Australia,MEDIUM,4,15
82.498,GAS,2023,24,Australia,HARD,2,16
100.633,HUL,2023,10,Singapore,MEDIUM,1,10
94.398,ALO,2023,8,Saudi Arabia,MEDIUM,1,8
98.102,TSU,2023,56,Bahrain,SOFT,4,19
81.919,SAI,2023,28,Australia,HARD,3,21
94.352,HAM,2022,40,Australia,HARD,2,18
2488.609,TSU,2024,1,Monaco,MEDIUM,1,1
92.162,NOR,2023,53,Monaco,HARD,2,3
156.498,VER,2022,1,Monaco,WET,1,1
79.007,BOT,2023,9,Monaco,HARD,1,9
93.591,HUL,2023,18,Silverstone,MEDIUM,2,11
97.869,ALB,2024,23,Bahrain,HARD,2,8
75.525,SAR,2024,62,Monaco,MEDIUM,3,5
79.768,MAG,2023,28,Monaco,HARD,1,28
98.159,ALB,2023,56,Bahrain,SOFT,4,16
96.579,OCO,2023,14,Saudi Arabia,MEDIUM,1,14
96.593,ALB,2024,55,Bahrain,HARD,3,19
82.599,GAS,2023,20,Australia,HARD,2,12
91.757,TSU,2023,71,Monaco,INTERMEDIATE,2,18
91.569,RUS,2023,48,Silverstone,MEDIUM,2,20
87.771,ZHO,2022,16,Monza,MEDIUM,1,16
95.071,LEC,2023,15,Saudi Arabia,SOFT,1,15
102.155,RUS,2023,58,Monaco,INTERMEDIATE,2,4
126.178,MAG,2022,46,Bahrain,MEDIUM,3,12
100.858,PIA,2023,38,Singapore,HARD,2,18
100.912,PER,2023,58,Singapore,MEDIUM,2,19
98.029,SAR,2023,35,Bahrain,HARD,3,5
78.94,HAM,2024,29,Monaco,MEDIUM,2,28
113.645,RIC,2022,19,Monaco,WET,1,19
93.688,RUS,2023,29,Saudi Arabia,HARD,2,11
97.682,HUL,2024,7,Bahrain,HARD,2,6
98.612,ALO,2024,14,Bahrain,SOFT,1,17
100.144,HAM,2023,10,Singapore,MEDIUM,1,10
149.683,HAM,2022,19,Saudi Arabia,HARD,1,20
79.838,LEC,2024,15,Monaco,HARD,2,14
104.385,DEV,2023,59,Monaco,INTERMEDIATE,2,6
121.176,BOT,2022,45,Bahrain,MEDIUM,3,9
79.417,STR,2023,7,Monaco,HARD,1,8
117.056,PER,2022,34,Bahrain,SOFT,3,4
81.852,HUL,2023,39,Australia,HARD,2,31
96.756,LEC,2024,14,Bahrain,HARD,2,3
80.287,MAG,2023,15,Monaco,HARD,1,15
87.885,MSC,2022,20,Monza,MEDIUM,1,20
80.682,TSU,2024,13,Monaco,HARD,2,13
102.049,STR,2023,1,Silverstone,MEDIUM,1,2
96.59,GAS,2022,10,Saudi Arabia,MEDIUM,1,10
78.435,BOT,2023,42,Monaco,HARD,1,42
111.102,TSU,2022,12,Monza,MEDIUM,1,12
87.142,SAR,2023,36,Monza,HARD,2,25
85.708,MSC,2022,38,Monza,SOFT,2,5
97.859,STR,2024,20,Bahrain,HARD,2,11
95.633,HAM,2024,55,Bahrain,HARD,3,22
101.934,MAG,2023,39,Singapore,HARD,2,19
119.014,OCO,2024,11,Bahrain,HARD,2,1
78.092,PER,2023,18,Monaco,HARD,2,17
97.695,ALB,2023,50,Bahrain,SOFT,4,10
98.848,LEC,2023,52,Singapore,HARD,2,32
80.314,ALB,2024,38,Monaco,HARD,2,37
95.107,ALO,2024,43,Bahrain,HARD,3,2
109.615,HUL,2023,15,Monza,HARD,2,6
96.36,HAM,2022,52,Bahrain,SOFT,4,11
95.557,SAR,2023,24,Saudi Arabia,MEDIUM,2,6
80.281,HUL,2023,16,Monaco,HARD,2,15
98.308,BOT,2024,26,Bahrain,HARD,2,14
83.966,SAR,2024,49,Monaco,HARD,2,49
96.558,PER,2023,57,Bahrain,HARD,3,23
94.623,NOR,2022,13,Monaco,WET,1,13
92.782,HAM,2022,24,Silverstone,MEDIUM,2,23
137.502,GAS,2023,35,Silverstone,SOFT,2,7
82.498,GAS,2023,24,Australia,HARD,2,16
95.924,LEC,2024,56,Bahrain,HARD,3,22
120.798,BOT,2022,16,Saudi Arabia,MEDIUM,1,16
98.062,MAG,2024,20,Bahrain,HARD,2,9
81.023,TSU,2024,32,Monaco,HARD,2,32
76.963,VER,2023,43,Monaco,MEDIUM,1,43
77.958,NOR,2024,37,Monaco,HARD,2,37
98.082,NOR,2024,12,Bahrain,SOFT,1,15
100.78,PER,2022,12,Monza,HARD,2,5
95.119,NOR,2022,6,Silverstone,MEDIUM,2,6
97.83,BOT,2023,46,Bahrain,HARD,3,17
92.85,HAM,2022,20,Silverstone,MEDIUM,2,19
98.033,OCO,2023,21,Saudi Arabia,HARD,2,5
91.747,LEC,2022,50,Silverstone,HARD,3,25
80.585,ZHO,2024,72,Monaco,SOFT,3,2
82.048,STR,2023,36,Australia,HARD,2,28
96.914,BOT,2023,1,Monaco,HARD,1,1
85.798,BOT,2023,20,Australia,HARD,3,19
76.58,HAM,2023,42,Monaco,HARD,2,11
75.979,TSU,2022,60,Monaco,SOFT,5,4
93.905,GAS,2023,8,Silverstone,MEDIUM,1,8
96.562,PIA,2023,23,Saudi Arabia,HARD,2,22
76.921,PIA,2024,63,Monaco,HARD,2,63
93.243,GAS,2023,26,Silverstone,MEDIUM,1,26
110.69,NOR,2022,12,Monza,MEDIUM,1,12
85.264,OCO,2022,34,Australia,HARD,2,17
94.7,VER,2022,4,Saudi Arabia,MEDIUM,1,4
93.989,TSU,2023,43,Saudi Arabia,HARD,2,26
83.863,MAG,2023,12,Australia,HARD,3,5
96.252,GAS,2023,66,Monaco,INTERMEDIATE,3,12
78.303,NOR,2024,39,Monaco,HARD,2,39
94.559,MAG,2023,16,Silverstone,MEDIUM,1,16
95.101,SAI,2022,13,Saudi Arabia,MEDIUM,1,13
77.079,TSU,2024,72,Monaco,HARD,2,72
109.154,MAG,2023,18,Australia,HARD,3,11
143.835,VER,2023,37,Silverstone,SOFT,2,7
96.574,ALO,2022,3,Saudi Arabia,MEDIUM,1,3
84.459,NOR,2022,31,Australia,HARD,2,11
107.551,SAI,2022,21,Monaco,WET,1,21
96.593,ALB,2024,55,Bahrain,HARD,3,19
78.917,SAI,2024,21,Monaco,HARD,2,20
104.08,OCO,2022,14,Bahrain,SOFT,1,14
77.141,ALO,2023,38,Monaco,HARD,1,39
80.45,TSU,2024,23,Monaco,HARD,2,23
97.339,HAM,2022,21,Saudi Arabia,HARD,1,22
97.731,PER,2023,50,Bahrain,HARD,3,16
92.633,SAR,2023,10,Australia,MEDIUM,4,2
98.147,MAG,2024,22,Bahrain,HARD,2,11
98.278,ZHO,2022,52,Bahrain,SOFT,4,10
77.465,ZHO,2023,24,Monaco,HARD,2,23
101.423,LAW,2023,58,Singapore,HARD,2,38
95.673,PIA,2023,30,Saudi Arabia,HARD,2,29
78.776,ALB,2022,42,Monaco,MEDIUM,4,20
92.977,NOR,2023,10,Silverstone,MEDIUM,1,10
81.602,PER,2023,40,Australia,HARD,4,33
82.424,HAM,2022,47,Australia,HARD,2,25
96.776,PER,2024,35,Bahrain,HARD,2,23
79.352,MAG,2023,6,Monaco,HARD,1,6
87.366,GAS,2023,9,Monza,MEDIUM,1,9
81.986,SAI,2023,32,Australia,HARD,3,25
88.121,MAG,2022,2,Australia,HARD,1,2
83.045,RUS,2024,5,Monaco,MEDIUM,2,4
84.808,MSC,2022,21,Australia,HARD,2,7
96.615,ZHO,2023,2,Saudi Arabia,MEDIUM,1,2
100.488,OCO,2023,7,Bahrain,SOFT,1,10
94.144,HAM,2023,7,Australia,MEDIUM,1,7
101.181,OCO,2023,29,Bahrain,HARD,3,17
99.029,GAS,2023,18,Bahrain,HARD,2,9
178.856,MSC,2022,1,Monaco,WET,1,1
94.836,ALO,2023,24,Saudi Arabia,HARD,2,7
98.176,ALB,2023,36,Bahrain,HARD,3,10
84.687,MAG,2023,16,Australia,HARD,3,9
82.662,PIA,2023,31,Australia,HARD,2,23
96.513,OCO,2022,4,Silverstone,SOFT,2,3
81.463,HAM,2024,7,Monaco,MEDIUM,2,6
77.74,SAR,2023,28,Monaco,SOFT,3,5
83.939,BOT,2023,15,Australia,HARD,3,14
97.976,VER,2023,4,Bahrain,SOFT,1,7
96.44,RUS,2024,57,Bahrain,HARD,3,26
99.272,VER,2023,62,Monaco,INTERMEDIATE,2,7
78.731,VER,2022,56,Monaco,MEDIUM,4,26
98.617,HAM,2023,16,Bahrain,HARD,2,4
96.821,HUL,2023,14,Saudi Arabia,HARD,2,3
83.804,TSU,2023,51,Monaco,MEDIUM,1,51
96.195,STR,2022,27,Saudi Arabia,HARD,2,15
111.564,DEV,2022,47,Monza,MEDIUM,2,28
100.869,RIC,2022,27,Bahrain,SOFT,2,10
102.285,SAR,2023,56,Monaco,INTERMEDIATE,4,4
95.674,NOR,2024,49,Bahrain,HARD,3,16
81.842,GAS,2023,35,Australia,HARD,2,27
101.596,VER,2023,2,Singapore,HARD,1,2
83.235,MAG,2023,26,Australia,HARD,3,19
98.307,OCO,2022,35,Bahrain,HARD,3,5
87.341,DEV,2022,7,Monza,SOFT,1,7
79.898,VER,2024,17,Monaco,MEDIUM,2,16
120.69,PER,2023,43,Singapore,MEDIUM,2,4
81.651,BOT,2022,54,Australia,HARD,2,32
81.254,HUL,2023,14,Monaco,HARD,2,13
94.584,SAR,2023,48,Saudi Arabia,MEDIUM,2,30
96.768,STR,2022,11,Silverstone,MEDIUM,2,12
100.736,ALB,2022,23,Bahrain,MEDIUM,2,10
79.913,RUS,2024,16,Monaco,MEDIUM,2,15
105.967,OCO,2023,1,Bahrain,SOFT,1,4
99.662,ALO,2023,5,Bahrain,SOFT,1,8
92.354,SAR,2023,72,Monaco,INTERMEDIATE,4,20
82.828,NOR,2023,21,Australia,HARD,2,13
87.67,PIA,2023,71,Monaco,INTERMEDIATE,2,17
79.758,STR,2023,11,Monaco,HARD,1,12
98.458,HUL,2023,54,Bahrain,SOFT,4,17
98.494,BOT,2023,16,Bahrain,HARD,2,5
93.426,PER,2023,25,Saudi Arabia,HARD,2,7
95.957,PER,2023,67,Monaco,WET,5,10
94.353,TSU,2023,39,Saudi Arabia,HARD,2,22
82.504,PIA,2023,34,Australia,HARD,2,26
87.244,MAG,2023,22,Monza,MEDIUM,2,10
87.149,DEV,2022,37,Monza,MEDIUM,2,18
94.412,HUL,2023,7,Silverstone,HARD,1,7
78.869,PIA,2023,7,Monaco,HARD,1,7
124.912,NOR,2022,38,Saudi Arabia,HARD,2,22
86.89,LAW,2023,20,Monza,HARD,2,10
107.24,GAS,2024,1,Bahrain,SOFT,1,1
93.419,RIC,2022,46,Silverstone,SOFT,5,8
100.147,ALO,2023,11,Singapore,MEDIUM,1,11
77.169,OCO,2023,39,Monaco,HARD,2,7
87.1,RIC,2022,34,Monza,HARD,2,15
74.726,SAI,2024,62,Monaco,HARD,2,61
81.203,OCO,2023,44,Australia,HARD,3,43
94.075,PER,2023,11,Saudi Arabia,MEDIUM,1,11
93.897,OCO,2023,43,Saudi Arabia,HARD,2,27
81.536,ALB,2024,8,Monaco,HARD,2,7
78.165,ALB,2024,72,Monaco,HARD,2,71
83.957,LEC,2022,7,Australia,MEDIUM,1,7
96.687,NOR,2023,43,Bahrain,HARD,5,6
79.874,HAM,2024,19,Monaco,MEDIUM,2,18
91.905,SAI,2022,48,Saudi Arabia,HARD,2,32
91.837,LEC,2022,32,Silverstone,HARD,3,7
78.767,MAG,2023,22,Monaco,HARD,1,22
92.731,NOR,2023,18,Silverstone,MEDIUM,1,18
85.948,PER,2023,34,Monza,HARD,2,13
86.949,GAS,2022,40,Monza,HARD,2,23
127.643,DEV,2023,19,Saudi Arabia,HARD,2,2
97.21,STR,2023,33,Bahrain,HARD,3,3
100.587,PIA,2023,36,Singapore,HARD,2,16
96.935,HUL,2024,32,Bahrain,HARD,3,12
93.024,HAM,2023,50,Saudi Arabia,MEDIUM,2,32
131.789,PER,2023,2,Australia,MEDIUM,2,1
94.199,DEV,2023,48,Saudi Arabia,HARD,2,31
100.837,TSU,2023,2,Bahrain,SOFT,1,2
83.269,GAS,2024,4,Monaco,MEDIUM,2,3
97.761,HUL,2023,33,Bahrain,HARD,3,7
84.758,TSU,2022,35,Australia,HARD,2,17
98.314,SAI,2023,24,Bahrain,HARD,2,11
86.645,HUL,2023,46,Monza,MEDIUM,3,10
98.773,RUS,2023,23,Bahrain,HARD,2,10
93.547,PER,2023,11,Silverstone,MEDIUM,1,11
86.356,BOT,2023,4,Australia,HARD,2,3
77.948,OCO,2023,16,Monaco,MEDIUM,1,16
100.65,HUL,2023,49,Singapore,HARD,2,29
80.891,RUS,2024,53,Monaco,MEDIUM,2,52
84.831,VER,2022,2,Australia,MEDIUM,1,2
99.088,ALB,2022,7,Saudi Arabia,MEDIUM,1,7
149.075,MAG,2023,20,Saudi Arabia,HARD,2,12
99.703,HUL,2023,21,Bahrain,HARD,2,10
87.528,GAS,2022,16,Monza,MEDIUM,1,16
85.623,OCO,2022,13,Australia,MEDIUM,1,13
97.987,STR,2024,2,Bahrain,SOFT,1,2
76.028,PER,2022,46,Monaco,MEDIUM,4,16
92.702,NOR,2022,36,Silverstone,HARD,3,2
94.205,HUL,2022,43,Saudi Arabia,MEDIUM,2,7
78.024,BOT,2023,20,Monaco,HARD,1,20
96.149,SAI,2024,23,Bahrain,HARD,2,9
87.047,LAW,2023,19,Monza,HARD,2,9
78.338,LEC,2022,64,Monaco,HARD,4,43
100.863,ALB,2022,33,Bahrain,MEDIUM,2,20
77.324,ALO,2023,10,Monaco,HARD,1,11
97.96,RIC,2024,29,Bahrain,HARD,2,16
94.639,OCO,2022,36,Saudi Arabia,HARD,2,20
93.286,LAT,2022,48,Silverstone,SOFT,4,10
96.308,MSC,2022,15,Monaco,INTERMEDIATE,2,11
93.704,HAM,2022,9,Silverstone,MEDIUM,2,8
94.393,RIC,2022,22,Silverstone,HARD,3,2
93.836,ALO,2022,27,Silverstone,MEDIUM,2,26
84.856,ZHO,2023,6,Australia,HARD,2,5
98.277,GAS,2023,46,Singapore,HARD,2,26
78.028,HUL,2023,10,Monaco,HARD,2,9
78.467,BOT,2024,67,Monaco,HARD,3,53
92.494,SAI,2023,31,Silverstone,HARD,2,5
78.92,HUL,2023,30,Monaco,HARD,2,29
82.316,PIA,2023,38,Australia,HARD,2,30
98.834,BOT,2023,35,Saudi Arabia,MEDIUM,3,18
104.939,VER,2023,45,Singapore,MEDIUM,2,5
119.322,OCO,2024,31,Bahrain,HARD,3,1
80.287,MAG,2023,15,Monaco,HARD,1,15
92.778,VER,2022,30,Saudi Arabia,HARD,2,14
78.078,HAM,2022,63,Monaco,MEDIUM,4,33
77.456,PIA,2024,56,Monaco,HARD,2,56
98.11,STR,2023,56,Bahrain,HARD,3,26
98.265,HAM,2023,28,Bahrain,HARD,2,16
96.471,MAG,2023,42,Bahrain,SOFT,4,2
97.95,ZHO,2023,45,Bahrain,SOFT,3,16
97.636,RUS,2023,56,Bahrain,HARD,3,25
97.562,LEC,2022,20,Bahrain,SOFT,2,8
78.023,ALB,2022,40,Monaco,MEDIUM,4,18
84.122,SAR,2023,29,Australia,MEDIUM,4,21
96.622,ALB,2023,15,Saudi Arabia,MEDIUM,1,15
83.46,VER,2023,11,Australia,HARD,2,3
95.478,NOR,2023,32,Saudi Arabia,MEDIUM,3,13
117.815,STR,2024,10,Bahrain,HARD,2,1
143.866,LEC,2023,19,Saudi Arabia,HARD,2,3
78.774,BOT,2023,8,Monaco,HARD,1,8
98.55,GAS,2024,29,Bahrain,HARD,2,17
95.568,ALB,2022,33,Saudi Arabia,HARD,2,20
96.987,LEC,2024,23,Bahrain,HARD,2,12
100.964,VER,2023,36,Bahrain,SOFT,2,22
77.889,VET,2022,51,Monaco,HARD,4,29
94.671,VER,2024,56,Bahrain,SOFT,3,19
100.71,STR,2024,27,Bahrain,HARD,2,18
86.719,PER,2023,41,Monza,HARD,2,20
84.628,DEV,2023,35,Australia,MEDIUM,2,27
86.415,PER,2023,31,Monza,HARD,2,10
98.094,TSU,2023,33,Bahrain,HARD,3,7
84.596,TSU,2023,12,Australia,HARD,2,4
99.57,RUS,2022,6,Monaco,WET,1,6
102.168,NOR,2024,1,Bahrain,SOFT,1,4
78.523,PER,2023,21,Monaco,HARD,2,20
100.636,MSC,2022,23,Bahrain,MEDIUM,2,11
76.775,OCO,2023,46,Monaco,HARD,2,14
88.234,STR,2022,35,Monza,HARD,2,18
77.326,STR,2024,60,Monaco,SOFT,4,12
97.902,OCO,2024,16,Bahrain,HARD,2,6
90.85,PIA,2023,41,Silverstone,HARD,2,12
120.083,DEV,2023,28,Bahrain,HARD,3,1
96.304,STR,2024,43,Bahrain,HARD,3,16
78.926,MAG,2023,23,Monaco,HARD,1,23
92.498,HAM,2022,43,Silverstone,SOFT,4,4
93.185,HAM,2022,48,Saudi Arabia,MEDIUM,2,8
101.628,BOT,2023,36,Singapore,HARD,1,36
97.175,STR,2024,12,Bahrain,HARD,2,3
91.628,HAM,2022,48,Silverstone,SOFT,4,9
96.212,OCO,2023,8,Saudi Arabia,MEDIUM,1,8
94.064,ZHO,2022,44,Saudi Arabia,HARD,3,28
94.612,MSC,2022,28,Silverstone,HARD,3,9
95.544,MAG,2023,26,Saudi Arabia,HARD,2,18
93.31,SAI,2022,13,Silverstone,MEDIUM,2,12
78.697,TSU,2023,10,Monaco,MEDIUM,1,10
86.084,PER,2022,28,Monza,HARD,2,21
99.354,LEC,2022,30,Bahrain,SOFT,2,18
88.362,BOT,2022,4,Monza,MEDIUM,1,4
97.984,PIA,2024,7,Bahrain,SOFT,1,10
78.519,SAR,2023,41,Monaco,SOFT,3,18
98.663,ZHO,2022,2,Saudi Arabia,MEDIUM,1,2
96.696,NOR,2024,23,Bahrain,HARD,2,10
103.53,RUS,2023,60,Monaco,INTERMEDIATE,2,6
98.94,VER,2022,6,Bahrain,SOFT,1,9
84.868,MSC,2022,19,Australia,HARD,2,5
93.749,LEC,2023,36,Saudi Arabia,HARD,2,20
81.119,ZHO,2024,57,Monaco,HARD,2,56
100.864,GAS,2023,62,Monaco,INTERMEDIATE,3,8
80.053,RUS,2024,20,Monaco,MEDIUM,2,19
87.431,GAS,2023,12,Monza,HARD,2,5
99.054,DEV,2023,18,Bahrain,HARD,2,7
95.289,VER,2024,24,Bahrain,HARD,2,7
93.985,HAM,2023,27,Saudi Arabia,MEDIUM,2,9
91.118,ZHO,2022,40,Australia,HARD,2,19
2513.184,ALO,2024,1,Monaco,HARD,1,2
97.046,ALO,2024,24,Bahrain,HARD,2,9
93.354,VET,2022,10,Australia,HARD,1,11
77.992,GAS,2024,73,Monaco,MEDIUM,2,72
85.773,GAS,2022,14,Australia,MEDIUM,1,14
100.908,SAR,2023,9,Bahrain,SOFT,1,9
83.134,RUS,2023,5,Australia,MEDIUM,1,5
80.164,HUL,2023,12,Monaco,HARD,2,11
78.347,PER,2022,37,Monaco,MEDIUM,4,7
82.16,NOR,2023,32,Australia,HARD,2,24
83.268,GAS,2023,14,Australia,HARD,2,6
116.336,RIC,2022,33,Silverstone,SOFT,4,1
97.08,SAI,2024,3,Bahrain,SOFT,1,6
87.491,BOT,2022,19,Monza,MEDIUM,1,19
98.911,OCO,2024,17,Bahrain,HARD,2,7
118.534,LAT,2022,15,Bahrain,SOFT,2,1
96.034,SAI,2024,20,Bahrain,HARD,2,6
95.955,RIC,2022,13,Saudi Arabia,HARD,2,5
76.421,SAI,2022,47,Monaco,HARD,3,26
85.527,ALO,2023,1,Monaco,HARD,1,2
99.32,RIC,2022,39,Bahrain,HARD,3,6
76.269,PER,2023,5,Monaco,HARD,2,4
84.996,PIA,2023,5,Australia,MEDIUM,1,5
94.059,PER,2022,20,Silverstone,MEDIUM,3,16
2462.721,SAI,2024,1,Monaco,MEDIUM,1,1
95.603,HAM,2023,54,Australia,HARD,2,46
123.93,ALO,2023,33,Silverstone,MEDIUM,1,34
103.145,BOT,2024,12,Bahrain,SOFT,1,12
86.93,ZHO,2022,26,Monza,HARD,2,8
94.598,MAG,2023,5,Silverstone,MEDIUM,1,5
83.205,ZHO,2023,22,Australia,HARD,3,21
78.694,MAG,2023,25,Monaco,HARD,1,25
99.974,NOR,2023,10,Singapore,MEDIUM,1,10
78.816,VER,2023,32,Monaco,MEDIUM,1,32
97.923,RUS,2023,54,Bahrain,HARD,3,23
77.095,OCO,2023,35,Monaco,HARD,2,3
86.7,HAM,2023,7,Monza,HARD,1,10
94.809,VER,2022,5,Saudi Arabia,MEDIUM,1,5
77.184,PIA,2024,71,Monaco,HARD,2,71
142.313,PER,2023,35,Silverstone,SOFT,2,7
100.375,OCO,2023,64,Monaco,INTERMEDIATE,3,10
96.911,RUS,2024,28,Bahrain,HARD,2,17
87.611,ZHO,2022,14,Monza,MEDIUM,1,14
76.671,NOR,2024,76,Monaco,HARD,2,76
101.039,STR,2023,12,Bahrain,SOFT,1,15
80.068,BOT,2023,24,Monaco,HARD,1,24
80.48,BOT,2023,16,Monaco,HARD,1,16
80.616,ZHO,2022,39,Monaco,MEDIUM,3,10
77.822,VET,2022,57,Monaco,HARD,4,35
101.038,HUL,2023,32,Singapore,HARD,2,12
92.382,VER,2023,31,Saudi Arabia,HARD,2,13
97.987,NOR,2023,34,Bahrain,MEDIUM,4,7
97.638,HUL,2024,11,Bahrain,HARD,2,10
98.911,OCO,2024,17,Bahrain,HARD,2,7
77.114,ALO,2023,46,Monaco,HARD,1,47
98.617,NOR,2023,57,Singapore,HARD,2,37
83.705,RUS,2023,13,Australia,HARD,3,6
87.418,MAG,2023,26,Monza,MEDIUM,2,14
86.05,VER,2023,4,Monza,MEDIUM,1,4
86.962,ZHO,2022,46,Monza,HARD,2,28
93.374,MAG,2023,44,Saudi Arabia,HARD,2,36
123.62,HAM,2023,10,Australia,HARD,2,2
83.334,MAG,2022,42,Australia,MEDIUM,2,5
94.806,VER,2022,15,Silverstone,MEDIUM,3,3
81.684,GAS,2023,36,Australia,HARD,2,28
100.689,ALB,2023,17,Singapore,MEDIUM,1,17
86.837,VER,2023,6,Monza,MEDIUM,1,6
96.851,ALO,2023,1,Saudi Arabia,MEDIUM,1,1
93.133,HUL,2023,31,Silverstone,MEDIUM,2,24
92.711,LEC,2022,28,Saudi Arabia,HARD,2,12
94.498,OCO,2022,15,Monaco,WET,1,15
119.588,TSU,2024,15,Bahrain,HARD,2,1
80.755,ALO,2024,40,Monaco,MEDIUM,2,40
84.689,DEV,2023,16,Australia,MEDIUM,2,8
97.66,RUS,2023,38,Bahrain,HARD,3,7
78.039,TSU,2023,34,Monaco,MEDIUM,1,34
84.541,OCO,2022,33,Australia,HARD,2,16
106.131,VER,2023,56,Monaco,INTERMEDIATE,2,1
100.267,HAM,2023,8,Bahrain,SOFT,1,11
97.04,LEC,2022,42,Bahrain,MEDIUM,3,11
81.252,STR,2024,32,Monaco,MEDIUM,2,32
78.088,BOT,2024,69,Monaco,HARD,3,55
80.015,OCO,2022,41,Monaco,MEDIUM,3,11
121.269,RUS,2023,14,Bahrain,HARD,2,1
82.088,HUL,2023,32,Australia,HARD,2,24
82.405,BOT,2023,50,Australia,HARD,3,49
98.571,SAI,2023,25,Bahrain,HARD,2,12
100.323,HUL,2023,18,Bahrain,HARD,2,7
98.618,LEC,2023,28,Bahrain,HARD,2,15
91.71,SAR,2023,48,Silverstone,SOFT,2,19
89.423,MAG,2022,20,Monza,MEDIUM,1,20
86.248,PIA,2023,27,Monza,HARD,2,9
108.964,DEV,2023,35,Silverstone,SOFT,3,3
81.089,TSU,2024,12,Monaco,HARD,2,12
87.205,LAW,2023,5,Monza,MEDIUM,1,8
78.567,LEC,2024,46,Monaco,HARD,2,45
80.97,SAR,2024,48,Monaco,HARD,2,48
81.764,DEV,2023,2,Monaco,MEDIUM,1,2
99.411,RIC,2022,10,Monaco,WET,1,10
78.214,PIA,2024,52,Monaco,HARD,2,52
79.119,RIC,2024,58,Monaco,HARD,2,58
2488.609,TSU,2024,1,Monaco,MEDIUM,1,1
92.973,HAM,2022,16,Silverstone,MEDIUM,2,15
81.654,HAM,2023,33,Australia,HARD,2,25
87.21,GAS,2023,7,Monza,MEDIUM,1,7
100.732,OCO,2023,7,Singapore,MEDIUM,1,7
84.849,BOT,2023,5,Australia,HARD,2,4
96.45,GAS,2024,36,Bahrain,HARD,3,5
103.439,ZHO,2022,6,Monaco,WET,1,6
95.093,VER,2022,14,Saudi Arabia,MEDIUM,1,14
78.996,STR,2022,64,Monaco,None,5,41
100.065,RIC,2022,13,Monaco,WET,1,13
83.869,ZHO,2023,12,Australia,HARD,3,11
87.1,STR,2023,7,Monza,MEDIUM,1,7
91.723,SAI,2023,49,Silverstone,HARD,2,23
99.807,DEV,2023,24,Bahrain,HARD,2,13
86.014,DEV,2023,27,Australia,MEDIUM,2,19
162.397,BOT,2022,1,Silverstone,MEDIUM,1,1
78.981,NOR,2024,22,Monaco,HARD,2,22
102.304,MSC,2022,8,Bahrain,SOFT,1,8
85.799,VER,2022,19,Monza,SOFT,1,19
101.166,DEV,2023,7,Bahrain,SOFT,1,7
95.793,VER,2024,29,Bahrain,HARD,2,12
94.679,LEC,2022,10,Saudi Arabia,MEDIUM,1,10
93.204,LEC,2022,13,Silverstone,MEDIUM,2,12
97.746,PER,2023,55,Singapore,MEDIUM,2,16
92.403,LEC,2022,30,Silverstone,HARD,3,5
93.67,MSC,2022,51,Monza,SOFT,2,18
115.281,BOT,2023,41,Bahrain,HARD,3,12
100.185,ALO,2023,27,Singapore,HARD,2,7
78.439,TSU,2023,15,Monaco,MEDIUM,1,15
79.921,ALB,2024,69,Monaco,HARD,2,68
120.929,ALB,2023,43,Singapore,HARD,2,23
87.267,STR,2023,47,Monza,HARD,2,31
97.325,HAM,2024,32,Bahrain,HARD,2,20
86.455,NOR,2023,33,Monza,HARD,2,15
105.91,ZHO,2022,49,Monza,HARD,2,31
81.563,SAR,2023,46,Australia,HARD,5,17
92.676,PIA,2023,24,Silverstone,MEDIUM,1,24
81.57,SAR,2023,44,Australia,HARD,5,15
97.596,PER,2024,9,Bahrain,SOFT,1,12
135.275,LAT,2022,3,Silverstone,SOFT,2,2
78.065,PIA,2023,42,Monaco,HARD,1,42
78.083,VER,2024,41,Monaco,MEDIUM,2,40
94.946,MAG,2022,21,Silverstone,MEDIUM,2,22
93.442,SAI,2023,8,Silverstone,MEDIUM,1,8
101.171,ALB,2024,15,Bahrain,SOFT,1,15
83.7,HUL,2023,17,Australia,HARD,2,9
77.421,GAS,2023,35,Monaco,HARD,1,35
98.159,ALB,2023,56,Bahrain,SOFT,4,16
85.428,LEC,2022,16,Monza,MEDIUM,2,4
83.366,ALB,2022,41,Australia,HARD,1,41
96.713,SAR,2024,31,Bahrain,HARD,3,3
99.94,RIC,2022,21,Australia,MEDIUM,1,21
84.061,MAG,2022,45,Australia,MEDIUM,2,8
94.036,DEV,2023,44,Saudi Arabia,HARD,2,27
96.577,PIA,2024,19,Bahrain,HARD,2,7
86.99,OCO,2023,52,Monaco,HARD,2,20
81.737,PIA,2023,51,Australia,HARD,2,43
95.387,BOT,2022,13,Silverstone,MEDIUM,2,12
84.433,SAI,2023,11,Australia,HARD,3,4
101.194,BOT,2023,13,Singapore,HARD,1,13
97.879,ALB,2024,29,Bahrain,HARD,2,14
94.921,SAI,2022,8,Saudi Arabia,MEDIUM,1,8
96.859,SAR,2024,35,Bahrain,HARD,3,7
80.912,BOT,2023,15,Monaco,HARD,1,15
78.831,ZHO,2023,41,Monaco,HARD,2,40
103.31,SAI,2023,13,Bahrain,SOFT,1,16
94.762,SAI,2023,28,Saudi Arabia,HARD,2,13
96.941,LEC,2024,32,Bahrain,HARD,2,21
76.965,ALO,2023,30,Monaco,HARD,1,31
79.917,GAS,2024,53,Monaco,MEDIUM,2,52
86.321,LEC,2023,45,Monza,HARD,2,25
78.198,PIA,2024,43,Monaco,HARD,2,43
87.278,ZHO,2022,37,Monza,HARD,2,19
95.69,NOR,2024,36,Bahrain,HARD,3,3
98.857,STR,2024,8,Bahrain,SOFT,1,8
79.49,SAI,2024,27,Monaco,HARD,2,26
121.599,STR,2022,24,Australia,HARD,4,5
78.082,PIA,2024,45,Monaco,HARD,2,45
96.556,SAI,2024,33,Bahrain,HARD,2,19
97.85,BOT,2023,49,Bahrain,HARD,3,20
78.498,STR,2023,39,Monaco,HARD,1,40
126.436,SAI,2023,41,Bahrain,HARD,3,10
78.451,LEC,2023,43,Monaco,HARD,1,43
81.42,ZHO,2024,19,Monaco,HARD,2,18
95.212,OCO,2023,23,Saudi Arabia,HARD,2,7
92.13,SAI,2023,70,Monaco,INTERMEDIATE,3,15
101.584,PIA,2023,10,Bahrain,SOFT,1,10
96.156,OCO,2022,5,Saudi Arabia,MEDIUM,1,5
101.683,SAR,2023,8,Singapore,MEDIUM,1,8
88.585,SAI,2023,74,Monaco,INTERMEDIATE,3,19
96.735,SAR,2023,11,Saudi Arabia,HARD,1,11
80.636,GAS,2023,2,Monaco,HARD,1,2
94.426,HUL,2023,47,Saudi Arabia,HARD,2,36
77.291,NOR,2022,42,Monaco,HARD,4,20
81.177,RIC,2024,15,Monaco,HARD,2,15
81.451,STR,2023,38,Australia,HARD,2,30
95.028,LEC,2024,41,Bahrain,HARD,3,7
92.941,HAM,2023,47,Saudi Arabia,MEDIUM,2,29
97.823,PER,2024,6,Bahrain,SOFT,1,9
96.576,GAS,2023,22,Saudi Arabia,HARD,2,8
81.819,ZHO,2023,48,Australia,HARD,3,47
82.387,ZHO,2023,19,Monaco,HARD,2,18
75.468,VER,2024,65,Monaco,HARD,3,14
78.119,SAI,2024,56,Monaco,HARD,2,55
80.525,RUS,2024,13,Monaco,MEDIUM,2,12
82.224,PER,2023,26,Australia,HARD,4,19
94.78,ZHO,2022,31,Saudi Arabia,HARD,3,15
87.328,DEV,2022,8,Monza,SOFT,1,8
92.343,VER,2023,43,Saudi Arabia,HARD,2,25
79.544,STR,2023,36,Monaco,HARD,1,37
99.399,SAR,2023,18,Bahrain,SOFT,2,6
77.205,BOT,2024,51,Monaco,HARD,3,37
93.484,ALO,2022,15,Monaco,WET,1,15
77.075,VER,2023,46,Monaco,MEDIUM,1,46
77.467,LEC,2023,35,Monaco,HARD,1,35
81.957,ZHO,2024,42,Monaco,HARD,2,41
79.016,STR,2024,21,Monaco,MEDIUM,2,21
93.189,TSU,2023,21,Silverstone,HARD,2,7
97.779,HAM,2023,46,Bahrain,HARD,3,16
94.658,NOR,2023,38,Saudi Arabia,MEDIUM,3,19
97.984,ALB,2023,35,Bahrain,HARD,3,9
95.265,LEC,2024,54,Bahrain,HARD,3,20
98.155,PER,2022,24,Bahrain,MEDIUM,2,9
107.272,ALO,2023,22,Monza,HARD,2,4
95.456,OCO,2023,66,Monaco,INTERMEDIATE,3,12
96.152,NOR,2023,52,Bahrain,SOFT,6,9
78.424,STR,2022,50,Monaco,None,5,27
76.285,NOR,2024,73,Monaco,HARD,2,73
100.421,NOR,2023,14,Singapore,MEDIUM,1,14
89.656,RIC,2024,3,Monaco,HARD,2,3
99.561,SAI,2023,45,Bahrain,HARD,3,14
93.647,DEV,2023,39,Silverstone,SOFT,3,7
78.545,SAI,2024,50,Monaco,HARD,2,49
84.333,DEV,2023,31,Australia,MEDIUM,2,23
76.596,PIA,2024,67,Monaco,HARD,2,67
97.813,BOT,2023,43,Bahrain,HARD,3,14
88.755,MAG,2022,16,Monza,MEDIUM,1,16
145.323,SAI,2023,19,Saudi Arabia,HARD,2,4
92.737,VER,2022,46,Saudi Arabia,HARD,2,30
87.498,LEC,2023,18,Monza,MEDIUM,1,18
99.435,OCO,2023,25,Bahrain,HARD,3,13
97.222,GAS,2023,54,Bahrain,SOFT,4,14
97.149,ZHO,2022,10,Saudi Arabia,MEDIUM,1,10
102.746,RIC,2022,9,Bahrain,MEDIUM,1,9
82.26,ALO,2023,16,Australia,HARD,2,8
86.184,RUS,2023,27,Monza,HARD,2,11
80.218,STR,2023,50,Monaco,HARD,1,51
102.684,OCO,2023,41,Bahrain,HARD,4,9
86.445,PIA,2023,33,Monza,HARD,2,15
101.125,DEV,2023,6,Bahrain,SOFT,1,6
122.98,VET,2022,39,Silverstone,MEDIUM,3,35
95.315,NOR,2023,26,Saudi Arabia,MEDIUM,3,7
94.232,LAT,2022,21,Silverstone,MEDIUM,3,2
86.893,ALB,2023,18,Monza,HARD,2,6
92.841,ALO,2023,68,Monaco,INTERMEDIATE,3,13
88.348,LAT,2022,31,Monza,HARD,2,16
77.493,SAR,2023,31,Monaco,SOFT,3,8
98.032,SAI,2024,5,Bahrain,SOFT,1,8
100.752,HAM,2023,11,Bahrain,SOFT,1,14
93.895,PER,2023,22,Saudi Arabia,HARD,2,4
86.902,STR,2023,38,Monza,HARD,2,22
93.103,OCO,2022,46,Saudi Arabia,HARD,2,30
81.744,PER,2023,41,Australia,HARD,4,34
101.287,BOT,2022,7,Bahrain,SOFT,1,10
102.177,HUL,2022,8,Bahrain,SOFT,1,8
87.45,NOR,2022,17,Monza,MEDIUM,1,17
92.433,RUS,2023,50,Saudi Arabia,HARD,2,32
87.433,ALB,2023,51,Monza,HARD,2,39
96.607,BOT,2023,48,Saudi Arabia,SOFT,4,13
83.78,VER,2022,9,Australia,MEDIUM,1,9
95.738,SAR,2023,25,Saudi Arabia,MEDIUM,2,7
99.187,BOT,2024,11,Bahrain,SOFT,1,11
94.804,PER,2024,38,Bahrain,SOFT,3,2
93.124,VER,2022,37,Saudi Arabia,HARD,2,21
81.235,SAI,2023,48,Australia,HARD,3,41
94.882,OCO,2023,24,Saudi Arabia,HARD,2,8
93.798,STR,2023,16,Silverstone,MEDIUM,1,17
96.884,HUL,2022,11,Saudi Arabia,HARD,1,12
95.636,PIA,2023,7,Saudi Arabia,HARD,2,6
101.51,VER,2023,3,Singapore,HARD,1,3
87.054,OCO,2022,26,Monza,HARD,2,7
93.925,HUL,2023,15,Silverstone,MEDIUM,2,8
96.228,HAM,2022,53,Bahrain,SOFT,4,12
77.454,LEC,2024,62,Monaco,HARD,2,61
77.633,VER,2023,7,Monaco,MEDIUM,1,7
94.96,VET,2022,17,Monaco,INTERMEDIATE,2,11
78.84,RUS,2023,5,Monaco,HARD,1,5
86.557,LEC,2023,13,Monza,MEDIUM,1,13
92.356,ALO,2022,18,Monaco,WET,1,18
99.065,BOT,2023,21,Saudi Arabia,MEDIUM,3,4
96.655,TSU,2023,7,Saudi Arabia,MEDIUM,1,7
78.504,ALB,2022,37,Monaco,MEDIUM,4,15
82.004,ALB,2024,9,Monaco,HARD,2,8
99.212,LEC,2023,11,Bahrain,SOFT,1,11
93.553,DEV,2023,25,Silverstone,SOFT,1,25
79.634,VER,2024,36,Monaco,MEDIUM,2,35
98.215,MAG,2023,51,Singapore,SOFT,3,11
77.102,GAS,2023,39,Monaco,HARD,1,39
128.023,OCO,2023,40,Bahrain,HARD,4,8
83.647,GAS,2023,12,Australia,HARD,2,4
149.037,VER,2022,25,Australia,HARD,2,7
96.179,TSU,2024,41,Bahrain,HARD,3,7
87.694,GAS,2023,5,Monza,MEDIUM,1,5
78.522,MAG,2023,43,Monaco,HARD,1,43
79.113,ALO,2023,3,Monaco,HARD,1,4
96.604,BOT,2024,47,Bahrain,HARD,3,17
94.011,DEV,2023,67,Monaco,INTERMEDIATE,2,14
90.76,NOR,2023,41,Silverstone,HARD,2,8
96.179,TSU,2024,41,Bahrain,HARD,3,7
97.061,HAM,2023,42,Bahrain,HARD,3,12
95.604,SAR,2023,27,Saudi Arabia,MEDIUM,2,9
95.067,NOR,2024,37,Bahrain,HARD,3,4
82.65,NOR,2023,23,Australia,HARD,2,15
80.448,RUS,2024,35,Monaco,MEDIUM,2,34
97.141,ZHO,2024,53,Bahrain,HARD,3,25
89.92,SAI,2023,71,Monaco,INTERMEDIATE,3,16
87.324,ALO,2022,19,Monza,MEDIUM,1,19
78.523,PER,2023,21,Monaco,HARD,2,20
79.234,DEV,2023,19,Monaco,MEDIUM,1,19
95.529,HUL,2024,51,Bahrain,SOFT,4,11
107.245,VER,2022,12,Monza,SOFT,1,12
97.189,BOT,2024,39,Bahrain,HARD,3,9
84.745,LEC,2022,40,Monza,SOFT,3,7
83.881,ALO,2022,43,Australia,MEDIUM,2,4
82.443,HAM,2022,43,Australia,HARD,2,21
81.518,NOR,2023,45,Australia,HARD,2,37
97.122,ALO,2024,22,Bahrain,HARD,2,7
84.411,BOT,2022,32,Australia,HARD,2,10
103.218,LEC,2022,3,Monaco,WET,1,3
95.702,MAG,2023,23,Saudi Arabia,HARD,2,15
81.832,HAM,2023,35,Australia,HARD,2,27
99.789,MAG,2023,62,Monaco,WET,2,6
87.199,NOR,2023,16,Monza,MEDIUM,1,16
78.326,VER,2024,39,Monaco,MEDIUM,2,38
119.006,SAI,2023,14,Bahrain,HARD,2,1
92.863,RUS,2023,25,Silverstone,SOFT,1,28
122.101,ZHO,2023,13,Bahrain,HARD,2,1
88.144,MAG,2022,17,Monza,MEDIUM,1,17
82.22,HAM,2023,31,Australia,HARD,2,23
85.389,MAG,2023,11,Australia,HARD,3,4
88.538,MAG,2023,3,Monza,HARD,1,7
98.868,GAS,2022,17,Bahrain,MEDIUM,2,3
100.862,PIA,2023,5,Bahrain,SOFT,1,5
96.796,PIA,2024,14,Bahrain,HARD,2,2
78.829,HAM,2023,9,Monaco,MEDIUM,1,9
100.307,PIA,2023,14,Singapore,MEDIUM,1,14
93.004,SAI,2022,30,Saudi Arabia,HARD,2,14
94.5,GAS,2023,35,Saudi Arabia,HARD,2,21
93.098,GAS,2023,25,Silverstone,MEDIUM,1,25
97.815,BOT,2023,47,Bahrain,HARD,3,18
88.644,MAG,2022,9,Monza,MEDIUM,1,9
104.365,OCO,2022,47,Bahrain,SOFT,4,7
81.435,STR,2023,47,Australia,HARD,2,39
84.245,GAS,2023,25,Australia,HARD,2,17
98.818,NOR,2023,65,Monaco,INTERMEDIATE,3,11
101.938,SAR,2023,61,Singapore,MEDIUM,3,18
97.681,LEC,2023,16,Saudi Arabia,SOFT,1,16
78.72,NOR,2024,27,Monaco,HARD,2,27
149.002,LEC,2022,19,Saudi Arabia,HARD,2,3
100.421,NOR,2023,57,Monaco,INTERMEDIATE,3,3
101.01,TSU,2023,54,Monaco,INTERMEDIATE,2,1
92.162,NOR,2023,53,Monaco,HARD,2,3
83.663,MSC,2022,54,Australia,HARD,2,40
77.384,GAS,2023,32,Monaco,HARD,1,32
77.787,RUS,2023,13,Monaco,HARD,1,13
77.559,LEC,2023,30,Monaco,HARD,1,30
119.328,ZHO,2024,10,Bahrain,HARD,2,1
81.913,ALB,2024,7,Monaco,HARD,2,6
93.072,PER,2023,26,Saudi Arabia,HARD,2,8
81.978,MAG,2023,50,Australia,HARD,3,43
124.461,TSU,2022,19,Silverstone,HARD,3,2
76.063,SAI,2024,74,Monaco,HARD,2,73
95.657,NOR,2024,50,Bahrain,HARD,3,17
83.025,ALB,2022,49,Australia,HARD,1,49
100.276,RIC,2022,8,Saudi Arabia,MEDIUM,1,8
84.06,PER,2022,26,Monaco,HARD,3,4
91.945,SAI,2023,29,Silverstone,HARD,2,3
80.682,TSU,2024,13,Monaco,HARD,2,13
98.094,TSU,2023,33,Bahrain,HARD,3,7
96.17,GAS,2023,13,Saudi Arabia,MEDIUM,1,13
77.261,ALB,2024,65,Monaco,HARD,2,64
96.565,PER,2023,56,Bahrain,HARD,3,22
96.451,ZHO,2023,9,Saudi Arabia,MEDIUM,1,9
100.606,ALB,2023,5,Bahrain,SOFT,1,5
137.955,ALO,2023,38,Silverstone,SOFT,2,8
96.322,VER,2023,55,Bahrain,HARD,3,19
80.272,RUS,2024,14,Monaco,MEDIUM,2,13
92.025,BOT,2023,72,Monaco,INTERMEDIATE,2,21
101.038,HAM,2023,1,Saudi Arabia,HARD,1,1
81.81,ZHO,2024,9,Monaco,HARD,2,8
82.442,NOR,2022,49,Australia,HARD,2,29
88.272,ALO,2022,2,Monza,MEDIUM,1,2
98.664,LEC,2023,5,Bahrain,SOFT,1,5
98.392,BOT,2023,42,Singapore,MEDIUM,2,2
81.37,ALO,2023,41,Australia,HARD,2,33
82.358,SAI,2024,4,Monaco,HARD,2,3
84.977,RUS,2022,15,Australia,MEDIUM,1,15
96.013,RUS,2024,54,Bahrain,HARD,3,23
93.525,MAG,2022,37,Silverstone,MEDIUM,3,15
77.332,RUS,2023,29,Monaco,HARD,1,29
125.832,GAS,2023,3,Australia,SOFT,1,3
92.481,LEC,2022,35,Saudi Arabia,HARD,2,19
94.796,MAG,2022,27,Saudi Arabia,HARD,1,29
99.462,NOR,2023,36,Singapore,HARD,2,16
81.725,STR,2024,10,Monaco,MEDIUM,2,10
83.979,TSU,2022,50,Australia,HARD,2,32
98.01,MAG,2024,21,Bahrain,HARD,2,10
83.736,ALO,2024,4,Monaco,MEDIUM,2,4
78.85,RUS,2022,59,Monaco,MEDIUM,3,29
84.832,PER,2022,28,Australia,HARD,2,8
83.589,LEC,2022,8,Australia,MEDIUM,1,8
99.396,HUL,2023,17,Bahrain,HARD,2,6
94.842,ALO,2023,16,Saudi Arabia,MEDIUM,1,16
94.949,PIA,2023,39,Saudi Arabia,HARD,2,38
76.387,PER,2023,3,Monaco,HARD,2,2
97.787,NOR,2024,3,Bahrain,SOFT,1,6
79.319,LEC,2024,34,Monaco,HARD,2,33
78.724,LEC,2024,20,Monaco,HARD,2,19
134.054,RIC,2022,4,Australia,MEDIUM,1,4
97.577,ALB,2023,46,Bahrain,SOFT,4,6
96.304,MAG,2023,7,Saudi Arabia,MEDIUM,1,7
95.359,PIA,2023,6,Saudi Arabia,HARD,2,5
82.279,PER,2022,41,Australia,HARD,2,21
98.009,SAR,2024,21,Bahrain,HARD,2,11
100.993,MAG,2023,18,Singapore,MEDIUM,1,18
79.706,STR,2024,38,Monaco,MEDIUM,2,38
96.863,OCO,2022,11,Monaco,WET,1,11
97.593,HUL,2023,4,Saudi Arabia,MEDIUM,1,4
82.224,PER,2023,26,Australia,HARD,4,19
83.878,SAR,2023,21,Australia,MEDIUM,4,13
92.379,STR,2022,52,Silverstone,MEDIUM,4,15
79.607,PER,2023,32,Monaco,HARD,2,31
98.304,HAM,2023,38,Bahrain,HARD,3,8
86.929,ALO,2023,15,Monza,MEDIUM,1,15
97.266,NOR,2022,12,Saudi Arabia,MEDIUM,1,12
95.178,VET,2022,9,Silverstone,MEDIUM,3,5
95.772,RUS,2024,35,Bahrain,HARD,3,4
79.319,LEC,2024,34,Monaco,HARD,2,33
124.805,PIA,2023,2,Saudi Arabia,HARD,2,1
96.981,NOR,2023,66,Monaco,INTERMEDIATE,3,12
78.737,BOT,2023,23,Monaco,HARD,1,23
101.133,SAR,2023,10,Bahrain,SOFT,1,10
79.889,BOT,2023,35,Monaco,HARD,1,35
81.998,OCO,2023,30,Australia,HARD,3,29
120.3,TSU,2023,27,Bahrain,HARD,3,1
80.372,GAS,2024,25,Monaco,MEDIUM,2,24
88.212,LAT,2022,27,Australia,HARD,3,4
101.138,TSU,2024,14,Bahrain,SOFT,1,14
85.295,ZHO,2024,71,Monaco,SOFT,3,1
93.974,PER,2022,41,Saudi Arabia,HARD,2,26
100.689,OCO,2023,10,Singapore,MEDIUM,1,10
118.291,GAS,2022,48,Monza,HARD,2,31
146.13,LEC,2023,33,Silverstone,MEDIUM,3,1
83.493,ZHO,2023,34,Australia,HARD,3,33
86.815,ALO,2023,41,Monza,HARD,2,23
78.773,SAR,2023,43,Monaco,SOFT,3,20
113.773,BOT,2022,3,Australia,MEDIUM,1,3
78.063,RUS,2022,62,Monaco,MEDIUM,3,32
97.156,OCO,2023,13,Saudi Arabia,MEDIUM,1,13
94.556,HAM,2023,6,Silverstone,MEDIUM,1,6
79.028,SAR,2023,46,Monaco,SOFT,3,23
83.579,DEV,2023,13,Australia,MEDIUM,2,5
99.89,ALB,2023,24,Bahrain,SOFT,2,13
78.529,NOR,2023,40,Monaco,MEDIUM,1,40
76.604,VER,2023,23,Monaco,MEDIUM,1,23
98.077,SAR,2024,18,Bahrain,HARD,2,8
87.293,SAR,2023,33,Monza,HARD,2,22
85.687,SAR,2023,47,Australia,HARD,5,18
82.035,PER,2022,43,Australia,HARD,2,23
85.914,LAT,2022,29,Australia,HARD,3,6
77.543,LEC,2022,38,Monaco,HARD,4,17
99.218,PER,2022,6,Bahrain,SOFT,1,9
87.034,MAG,2022,35,Monza,HARD,2,11
98.69,HAM,2023,18,Bahrain,HARD,2,6
84.669,RUS,2022,21,Australia,MEDIUM,1,21
96.104,SAI,2024,21,Bahrain,HARD,2,7
77.974,VER,2023,36,Monaco,MEDIUM,1,36
78.937,NOR,2023,17,Monaco,MEDIUM,1,17
81.319,VER,2023,38,Australia,HARD,2,30
99.143,ZHO,2023,17,Bahrain,HARD,2,5
96.208,DEV,2023,2,Silverstone,SOFT,1,2
98.156,MAG,2024,24,Bahrain,HARD,2,13
94.409,LEC,2023,5,Silverstone,MEDIUM,1,5
92.022,LEC,2022,46,Silverstone,HARD,3,21
80.291,RUS,2023,3,Monaco,HARD,1,3
78.882,PIA,2024,36,Monaco,HARD,2,36
86.388,SAI,2023,75,Monaco,INTERMEDIATE,3,20
94.996,HAM,2024,42,Bahrain,HARD,3,9
99.066,ZHO,2023,25,Bahrain,HARD,2,13
96.931,ZHO,2024,36,Bahrain,HARD,3,8
98.297,ALB,2023,54,Monaco,INTERMEDIATE,3,2
87.467,HAM,2022,25,Monza,MEDIUM,1,25
89.419,ALO,2023,72,Monaco,INTERMEDIATE,3,17
100.705,MAG,2023,12,Singapore,MEDIUM,1,12
97.311,RUS,2023,34,Bahrain,HARD,3,3
85.889,BOT,2023,11,Australia,HARD,3,10
97.111,HAM,2023,43,Bahrain,HARD,3,13
78.369,TSU,2023,28,Monaco,MEDIUM,1,28
82.491,RUS,2022,57,Australia,HARD,2,34
104.909,ALB,2023,56,Monaco,INTERMEDIATE,3,4
98.585,ALO,2023,29,Bahrain,HARD,2,15
97.431,ALO,2023,37,Bahrain,HARD,3,3
96.266,SAR,2023,2,Silverstone,MEDIUM,1,2
98.031,LEC,2023,17,Bahrain,HARD,2,4
99.291,GAS,2024,43,Bahrain,HARD,3,12
88.677,LEC,2023,72,Monaco,INTERMEDIATE,3,17
95.453,RUS,2022,15,Saudi Arabia,MEDIUM,1,15
79.454,DEV,2023,9,Monaco,MEDIUM,1,9
98.138,STR,2024,24,Bahrain,HARD,2,15
104.094,ALO,2023,37,Singapore,HARD,2,17
103.445,RUS,2022,1,Bahrain,SOFT,1,4
100.396,GAS,2023,27,Singapore,HARD,2,7
94.531,VER,2024,44,Bahrain,SOFT,3,7
87.511,MSC,2022,28,Monza,MEDIUM,1,28
81.877,SAI,2023,34,Australia,HARD,3,27
79.165,ALB,2023,6,Monaco,MEDIUM,1,6
87.859,OCO,2022,14,Monza,SOFT,1,14
98.053,ALO,2024,6,Bahrain,SOFT,1,9
100.275,BOT,2023,9,Bahrain,SOFT,1,9
81.826,TSU,2024,7,Monaco,HARD,2,7
89.849,SAI,2023,72,Monaco,INTERMEDIATE,3,17
97.933,DEV,2023,33,Bahrain,HARD,3,6
78.844,VER,2024,38,Monaco,MEDIUM,2,37
77.619,LEC,2023,25,Monaco,HARD,1,25
89.326,DEV,2023,52,Monaco,MEDIUM,1,52
88.011,MAG,2022,23,Monza,MEDIUM,1,23
83.2,PIA,2023,23,Australia,HARD,2,15
85.518,VER,2023,75,Monaco,INTERMEDIATE,2,20
132.596,ALO,2022,4,Australia,HARD,1,4
99.748,OCO,2023,31,Bahrain,HARD,3,19
101.711,RIC,2022,3,Bahrain,MEDIUM,1,3
85.792,RUS,2022,28,Monza,HARD,2,5
97.219,MAG,2023,2,Saudi Arabia,MEDIUM,1,2
94.072,TSU,2022,49,Silverstone,SOFT,4,11
82.904,ZHO,2023,28,Australia,HARD,3,27
92.168,NOR,2022,43,Silverstone,SOFT,4,3
88.018,LAW,2023,2,Monza,MEDIUM,1,5
97.803,ALB,2023,55,Bahrain,SOFT,4,15
98.686,RUS,2023,58,Singapore,MEDIUM,3,14
83.218,TSU,2024,63,Monaco,HARD,2,63
88.654,ALB,2022,40,Australia,HARD,1,40
99.425,BOT,2024,9,Bahrain,SOFT,1,9
95.327,SAI,2024,57,Bahrain,HARD,3,22
96.945,DEV,2023,3,Saudi Arabia,MEDIUM,1,3
135.492,OCO,2022,31,Monaco,MEDIUM,3,1
96.411,HAM,2023,56,Singapore,MEDIUM,3,12
86.244,RUS,2023,40,Monza,HARD,2,24
100.669,ALB,2022,24,Bahrain,MEDIUM,2,11
92.384,SAI,2022,46,Saudi Arabia,HARD,2,30
80.206,BOT,2023,12,Monaco,HARD,1,12
84.576,STR,2022,32,Australia,HARD,4,13
76.528,OCO,2023,41,Monaco,HARD,2,9
84.974,OCO,2023,5,Australia,HARD,2,4
100.64,RUS,2022,5,Monaco,WET,1,5
111.238,GAS,2023,45,Singapore,HARD,2,25
79.91,MAG,2023,29,Monaco,HARD,1,29
80.114,TSU,2024,52,Monaco,HARD,2,52
95.567,ALB,2023,24,Saudi Arabia,HARD,2,7
97.974,ZHO,2023,44,Bahrain,SOFT,3,15
103.59,HUL,2022,18,Bahrain,SOFT,1,18
85.204,ZHO,2023,4,Australia,HARD,2,3
78.473,ALO,2024,70,Monaco,MEDIUM,2,70
100.816,ALB,2022,22,Bahrain,MEDIUM,2,9
94.044,RUS,2022,27,Saudi Arabia,HARD,2,11
102.694,SAR,2023,7,Australia,HARD,3,6
103.35,VET,2022,7,Monaco,INTERMEDIATE,2,1
96.272,SAI,2024,27,Bahrain,HARD,2,13
82.431,PIA,2023,33,Australia,HARD,2,25
95.717,OCO,2022,5,Silverstone,SOFT,2,4
79.553,TSU,2024,50,Monaco,HARD,2,50
92.809,PIA,2023,25,Silverstone,MEDIUM,1,25
96.626,HUL,2024,24,Bahrain,HARD,3,4
96.1,PIA,2024,56,Bahrain,HARD,3,22
82.333,HUL,2023,28,Australia,HARD,2,20
95.523,NOR,2023,8,Saudi Arabia,HARD,2,6
137.172,MAG,2022,5,Australia,HARD,1,5
144.586,NOR,2022,20,Saudi Arabia,HARD,2,4
86.927,ZHO,2022,31,Monza,HARD,2,13
95.942,DEV,2023,19,Australia,MEDIUM,2,11
79.876,GAS,2024,21,Monaco,MEDIUM,2,20
91.251,NOR,2023,52,Silverstone,HARD,2,19
121.581,SAR,2024,29,Bahrain,HARD,3,1
79.188,DEV,2023,20,Monaco,MEDIUM,1,20
81.422,GAS,2023,42,Australia,HARD,2,34
98.423,NOR,2023,54,Singapore,HARD,2,34
94.21,VER,2022,34,Silverstone,HARD,4,11
79.114,RUS,2022,57,Monaco,MEDIUM,3,27
98.612,ALO,2023,27,Bahrain,HARD,2,13
86.686,RUS,2023,2,Monza,MEDIUM,1,2
77.608,DEV,2023,48,Monaco,MEDIUM,1,48
80.426,TSU,2024,47,Monaco,HARD,2,47
96.588,MAG,2023,44,Bahrain,SOFT,4,4
84.465,HAM,2022,18,Australia,MEDIUM,1,18
95.077,BOT,2023,67,Monaco,INTERMEDIATE,2,16
78.969,PIA,2024,32,Monaco,HARD,2,32
82.246,ZHO,2023,41,Australia,HARD,3,40
80.142,BOT,2023,3,Monaco,HARD,1,3
98.447,NOR,2023,25,Bahrain,SOFT,3,11
79.728,RUS,2024,36,Monaco,MEDIUM,2,35
134.175,OCO,2023,18,Saudi Arabia,HARD,2,2
97.528,MAG,2023,34,Bahrain,SOFT,3,5
82.049,ZHO,2023,45,Australia,HARD,3,44
98.33,ALB,2023,38,Bahrain,HARD,3,12
100.433,GAS,2022,7,Bahrain,SOFT,1,10
82.029,ALO,2023,29,Australia,HARD,2,21
96.19,SAR,2023,15,Saudi Arabia,HARD,1,15
93.699,PER,2022,23,Saudi Arabia,HARD,2,8
99.214,ALO,2022,35,Bahrain,HARD,3,10
126.975,STR,2022,17,Saudi Arabia,HARD,2,5
93.075,PER,2023,48,Saudi Arabia,HARD,2,30
99.154,RIC,2022,23,Australia,HARD,2,2
78.006,SAI,2023,21,Monaco,HARD,1,21
96.634,PER,2022,17,Bahrain,MEDIUM,2,2
81.437,HAM,2024,10,Monaco,MEDIUM,2,9
98.921,DEV,2023,47,Bahrain,HARD,3,20
82.481,ZHO,2024,48,Monaco,HARD,2,47
101.4,ZHO,2022,13,Bahrain,SOFT,1,13
80.956,HUL,2023,34,Monaco,HARD,2,33
127.673,ZHO,2023,55,Bahrain,SOFT,4,4
85.815,HAM,2023,48,Monza,MEDIUM,2,21
96.679,OCO,2024,43,Bahrain,HARD,3,13
96.654,PIA,2023,13,Saudi Arabia,HARD,2,12
79.319,PER,2023,27,Monaco,HARD,2,26
78.731,OCO,2023,6,Monaco,MEDIUM,1,6
93.935,MAG,2023,27,Silverstone,MEDIUM,1,27
87.674,MSC,2022,25,Monza,MEDIUM,1,25
89.909,OCO,2023,53,Monaco,HARD,2,21
94.5,GAS,2023,35,Saudi Arabia,HARD,2,21
97.985,SAI,2023,15,Bahrain,HARD,2,2
86.99,TSU,2022,39,Monza,HARD,2,21
97.784,RUS,2024,6,Bahrain,SOFT,1,9
75.869,RUS,2024,69,Monaco,MEDIUM,2,68
78.185,LEC,2024,50,Monaco,HARD,2,49
100.43,ALB,2023,2,Bahrain,SOFT,1,2
86.205,PER,2022,16,Monza,HARD,2,9
99.51,NOR,2023,13,Bahrain,HARD,2,3
78.205,PER,2022,54,Monaco,MEDIUM,4,24
99.869,ZHO,2023,4,Singapore,HARD,2,2
96.51,HAM,2024,21,Bahrain,HARD,2,9
82.998,HAM,2023,15,Australia,HARD,2,7
78.636,PIA,2024,24,Monaco,HARD,2,24
93.996,ZHO,2023,56,Bahrain,SOFT,4,5
97.965,MAG,2024,29,Bahrain,HARD,2,18
82.934,HAM,2023,16,Australia,HARD,2,8
96.802,GAS,2024,38,Bahrain,HARD,3,7
97.753,LEC,2023,21,Bahrain,HARD,2,8
85.767,NOR,2023,73,Monaco,INTERMEDIATE,3,19
80.849,SAR,2024,21,Monaco,HARD,2,21
98.135,ALB,2024,31,Bahrain,HARD,2,16
78.129,VER,2023,4,Monaco,MEDIUM,1,4
95.932,HUL,2023,16,Saudi Arabia,HARD,2,5
99.932,TSU,2023,63,Monaco,INTERMEDIATE,2,10
97.549,VER,2023,30,Bahrain,SOFT,2,16
78.623,ALO,2022,48,Monaco,MEDIUM,3,18
123.952,DEV,2023,3,Australia,HARD,1,3
77.179,OCO,2023,29,Monaco,MEDIUM,1,29
80.98,LEC,2024,7,Monaco,HARD,2,6
98.361,HUL,2022,41,Bahrain,MEDIUM,3,4
86.873,BOT,2023,33,Monza,MEDIUM,2,11
102.371,ALO,2022,8,Bahrain,SOFT,1,11
78.383,BOT,2024,66,Monaco,HARD,3,52
77.456,PIA,2024,56,Monaco,HARD,2,56
93.041,RUS,2023,42,Saudi Arabia,HARD,2,24
95.442,LAT,2022,18,Silverstone,SOFT,2,17
95.16,VER,2024,20,Bahrain,HARD,2,3
98.799,TSU,2024,11,Bahrain,SOFT,1,11
101.12,STR,2023,13,Bahrain,SOFT,1,16
95.701,ALB,2022,17,Monaco,WET,1,17
85.558,ALB,2022,16,Australia,HARD,1,16
102.386,ALO,2023,19,Australia,HARD,2,11
76.962,VER,2022,42,Monaco,MEDIUM,4,12
80.778,BOT,2022,39,Monaco,HARD,3,19
77.083,GAS,2023,30,Monaco,HARD,1,30
94.771,ALO,2023,23,Saudi Arabia,HARD,2,6
95.057,LEC,2024,47,Bahrain,HARD,3,13
106.52,ZHO,2022,1,Saudi Arabia,MEDIUM,1,1
110.101,BOT,2023,40,Singapore,HARD,1,40
78.207,DEV,2023,41,Monaco,MEDIUM,1,41
97.913,LEC,2022,24,Bahrain,SOFT,2,12
95.302,SAI,2024,37,Bahrain,HARD,3,2
95.005,PIA,2023,36,Saudi Arabia,HARD,2,35
94.136,OCO,2023,37,Saudi Arabia,HARD,2,21
90.264,HUL,2023,10,Australia,HARD,2,2
81.31,RIC,2024,19,Monaco,HARD,2,19
95.279,MAG,2023,24,Saudi Arabia,HARD,2,16
118.886,BOT,2023,30,Bahrain,HARD,3,1
98.182,MSC,2022,41,Bahrain,SOFT,3,8
91.758,ALO,2022,51,Silverstone,SOFT,4,12
103.521,NOR,2023,10,Bahrain,SOFT,1,10
76.479,LEC,2022,45,Monaco,HARD,4,24
83.11,HAM,2022,33,Australia,HARD,2,11
102.267,NOR,2023,4,Bahrain,SOFT,1,4
94.681,LEC,2023,27,Saudi Arabia,HARD,2,11
101.219,MAG,2023,61,Monaco,WET,2,5
84.628,DEV,2023,35,Australia,MEDIUM,2,27
97.403,SAI,2023,39,Bahrain,HARD,3,8
130.657,VER,2023,3,Australia,MEDIUM,1,3
85.046,HAM,2022,12,Australia,MEDIUM,1,12
80.652,HAM,2023,53,Australia,HARD,2,45
97.372,VER,2023,25,Bahrain,SOFT,2,11
85.757,PER,2023,37,Monza,HARD,2,16
75.558,SAR,2024,61,Monaco,MEDIUM,3,4
77.748,LEC,2024,53,Monaco,HARD,2,52
87.298,NOR,2022,21,Monza,MEDIUM,1,21
78.778,BOT,2024,70,Monaco,HARD,3,56
95.319,HUL,2022,34,Saudi Arabia,HARD,1,35
92.877,VER,2023,30,Saudi Arabia,HARD,2,12
86.388,SAI,2023,75,Monaco,INTERMEDIATE,3,20
141.617,ZHO,2023,20,Saudi Arabia,MEDIUM,3,2
86.216,HAM,2023,42,Monza,MEDIUM,2,15
97.225,SAR,2023,49,Bahrain,SOFT,4,9
82.138,OCO,2023,29,Australia,HARD,3,28
78.568,SAI,2024,24,Monaco,HARD,2,23
77.362,PIA,2024,54,Monaco,HARD,2,54
98.552,GAS,2022,39,Bahrain,HARD,3,7
98.851,OCO,2022,37,Bahrain,HARD,3,7
75.251,RUS,2024,70,Monaco,MEDIUM,2,69
86.228,OCO,2022,7,Australia,MEDIUM,1,7
82.071,GAS,2024,9,Monaco,MEDIUM,2,8
99.356,BOT,2023,22,Bahrain,HARD,2,11
93.623,SAI,2022,5,Silverstone,MEDIUM,2,4
86.24,OCO,2023,77,Monaco,INTERMEDIATE,3,23
87.17,ZHO,2023,21,Monza,HARD,2,13
98.3,LEC,2023,1,Silverstone,MEDIUM,1,1
81.221,SAR,2024,19,Monaco,HARD,2,19
80.682,HAM,2023,51,Australia,HARD,2,43
81.244,VER,2024,10,Monaco,MEDIUM,2,9
95.069,BOT,2022,33,Saudi Arabia,HARD,2,17
110.745,STR,2022,12,Monza,MEDIUM,1,13
85.008,OCO,2022,29,Australia,HARD,2,12
99.612,SAR,2023,21,Bahrain,SOFT,2,9
100.265,ALB,2022,17,Bahrain,MEDIUM,2,4
95.597,HAM,2024,37,Bahrain,HARD,3,4
98.746,LEC,2023,31,Bahrain,HARD,2,18
97.767,RUS,2023,57,Bahrain,HARD,3,26
93.29,PIA,2023,7,Silverstone,MEDIUM,1,7
96.023,ZHO,2022,25,Saudi Arabia,HARD,2,9
78.927,RUS,2024,27,Monaco,MEDIUM,2,26
101.926,BOT,2023,60,Monaco,INTERMEDIATE,2,9
92.563,PIA,2023,29,Silverstone,MEDIUM,1,29
82.099,SAI,2023,27,Australia,HARD,3,20
97.29,RIC,2024,17,Bahrain,HARD,2,4
94.01,STR,2023,44,Silverstone,SOFT,2,16
95.279,HAM,2024,36,Bahrain,HARD,3,3
88.217,ALB,2022,7,Australia,HARD,1,7
96.627,NOR,2023,4,Saudi Arabia,HARD,2,2
149.264,STR,2022,46,Bahrain,SOFT,4,1
78.449,PIA,2024,31,Monaco,HARD,2,31
93.39,HAM,2023,36,Saudi Arabia,MEDIUM,2,18
87.176,SAR,2023,42,Monza,HARD,2,31
101.119,ALB,2023,10,Bahrain,SOFT,1,10
94.631,OCO,2022,28,Silverstone,HARD,3,6
99.588,SAI,2022,7,Bahrain,SOFT,1,10
87.225,VET,2022,21,Monaco,INTERMEDIATE,2,15
82.958,SAI,2023,14,Australia,HARD,3,7
95.05,LEC,2023,66,Monaco,INTERMEDIATE,3,11
99.201,MSC,2022,55,Bahrain,SOFT,3,22
83.88,HAM,2022,30,Australia,HARD,2,8
76.982,STR,2024,51,Monaco,SOFT,4,3
96.962,VER,2023,49,Bahrain,HARD,3,13
102.393,NOR,2023,7,Australia,MEDIUM,1,7
92.727,PER,2022,34,Silverstone,MEDIUM,3,30
79.292,PER,2023,31,Monaco,HARD,2,30
93.236,MAG,2022,50,Monza,SOFT,3,4
93.11,MAG,2022,45,Saudi Arabia,MEDIUM,2,10
78.411,STR,2022,63,Monaco,None,5,40
87.496,LAT,2022,34,Monza,HARD,2,19
87.518,ZHO,2022,27,Australia,HARD,2,6
93.826,OCO,2023,40,Saudi Arabia,HARD,2,24
77.01,OCO,2023,42,Monaco,HARD,2,10
76.785,SAI,2024,72,Monaco,HARD,2,71
96.5,NOR,2023,53,Bahrain,SOFT,6,10
95.109,OCO,2022,28,Saudi Arabia,HARD,2,12
78.818,BOT,2022,46,Monaco,HARD,3,26
85.896,SAI,2023,32,Monza,HARD,2,13
87.075,TSU,2022,32,Monza,HARD,2,14
87.625,GAS,2022,3,Monza,MEDIUM,1,3
97.144,ALB,2023,43,Bahrain,SOFT,4,3
100.844,NOR,2022,35,Bahrain,HARD,2,11
80.467,SAI,2023,53,Australia,HARD,3,46
99.237,BOT,2023,63,Monaco,INTERMEDIATE,2,12
82.934,ZHO,2024,7,Monaco,HARD,2,6
81.512,ALO,2024,37,Monaco,MEDIUM,2,37
96.701,VER,2023,46,Bahrain,HARD,3,10
77.94,LEC,2022,55,Monaco,HARD,4,34
96.431,ALO,2022,13,Saudi Arabia,MEDIUM,1,13
95.165,TSU,2022,17,Monaco,INTERMEDIATE,2,11
145.46,PER,2023,37,Silverstone,SOFT,2,9
86.354,PER,2023,5,Monza,MEDIUM,1,5
84.118,DEV,2023,12,Australia,MEDIUM,2,4
78.469,GAS,2024,62,Monaco,MEDIUM,2,61
93.461,STR,2022,46,Silverstone,MEDIUM,4,9
78.681,ZHO,2023,38,Monaco,HARD,2,37
113.262,RUS,2023,29,Silverstone,MEDIUM,2,1
79.85,VER,2022,35,Monaco,MEDIUM,4,5
94.65,GAS,2023,28,Saudi Arabia,HARD,2,14
94.106,RUS,2023,25,Saudi Arabia,HARD,2,7
97.049,PER,2023,49,Bahrain,HARD,3,15
97.956,PIA,2024,8,Bahrain,SOFT,1,11
99.542,DEV,2023,23,Bahrain,HARD,2,12
103.289,SAR,2023,63,Monaco,INTERMEDIATE,4,11
85.545,ZHO,2023,16,Australia,HARD,3,15
80.07,BOT,2023,38,Monaco,HARD,1,38
97.389,HUL,2022,25,Saudi Arabia,HARD,1,26
115.401,ALB,2023,60,Monaco,INTERMEDIATE,3,8
99.373,GAS,2023,55,Singapore,HARD,2,35
146.648,MAG,2023,58,Monaco,WET,2,2
97.917,HUL,2023,52,Bahrain,SOFT,4,15
98.729,GAS,2023,27,Bahrain,HARD,3,2
101.537,VER,2022,30,Bahrain,SOFT,2,16
78.633,ALO,2024,65,Monaco,MEDIUM,2,65
96.546,HAM,2023,36,Bahrain,HARD,3,6
141.969,VER,2022,1,Silverstone,SOFT,1,1
95.974,SAR,2023,41,Saudi Arabia,MEDIUM,2,23
82.592,MAG,2023,33,Australia,HARD,3,26
100.814,NOR,2023,6,Bahrain,SOFT,1,6
76.761,VER,2022,45,Monaco,MEDIUM,4,15
79.904,VER,2024,13,Monaco,MEDIUM,2,12
101.284,LAT,2022,23,Bahrain,SOFT,2,9
91.019,TSU,2022,19,Australia,HARD,2,1
100.026,ALO,2023,1,Silverstone,MEDIUM,1,2
100.219,LAT,2022,40,Bahrain,MEDIUM,3,8
96.96,VER,2024,10,Bahrain,SOFT,1,13
78.153,BOT,2023,46,Monaco,HARD,1,46
82.715,HAM,2023,29,Australia,HARD,2,21
77.912,GAS,2023,26,Monaco,HARD,1,26
82.944,OCO,2022,54,Australia,HARD,2,37
93.642,ZHO,2023,23,Silverstone,MEDIUM,1,23
91.926,GAS,2022,51,Monza,HARD,2,34
80.732,PER,2023,48,Australia,HARD,4,41
80.342,VER,2023,49,Australia,HARD,2,41
99.093,SAR,2024,25,Bahrain,HARD,2,15
98.15,RIC,2024,33,Bahrain,HARD,2,20
86.787,MAG,2023,45,Monza,MEDIUM,3,12
96.346,ZHO,2023,23,Saudi Arabia,MEDIUM,3,5
79.072,DEV,2023,36,Monaco,MEDIUM,1,36
81.436,OCO,2023,52,Australia,HARD,3,51
98.364,STR,2024,4,Bahrain,SOFT,1,4
82.934,HAM,2023,16,Australia,HARD,2,8
86.639,OCO,2023,1,Monaco,MEDIUM,1,1
103.969,MSC,2022,10,Bahrain,SOFT,1,10
94.958,RUS,2023,23,Saudi Arabia,HARD,2,5
100.956,MAG,2023,42,Singapore,HARD,2,22
102.172,GAS,2023,1,Saudi Arabia,MEDIUM,1,1
76.227,PER,2022,48,Monaco,MEDIUM,4,18
86.703,OCO,2022,41,Monza,HARD,2,22
96.004,HUL,2023,15,Saudi Arabia,HARD,2,4
95.319,DEV,2023,41,Saudi Arabia,HARD,2,24
94.016,ALB,2023,66,Monaco,INTERMEDIATE,3,14
98.975,TSU,2023,15,Bahrain,HARD,2,5
86.842,ZHO,2022,28,Monza,HARD,2,10
80.208,BOT,2023,29,Monaco,HARD,1,29
96.313,SAI,2023,22,Saudi Arabia,HARD,2,7
94.578,MAG,2022,24,Silverstone,MEDIUM,3,2
96.541,PER,2024,2,Bahrain,SOFT,1,5
98.554,TSU,2024,9,Bahrain,SOFT,1,9
87.537,MSC,2022,22,Monza,MEDIUM,1,22
77.922,LEC,2023,23,Monaco,HARD,1,23
83.428,GAS,2024,5,Monaco,MEDIUM,2,4
98.782,RIC,2024,10,Bahrain,SOFT,1,13
120.933,MAG,2023,30,Bahrain,SOFT,3,1
83.025,ZHO,2023,32,Australia,HARD,3,31
79.626,ZHO,2023,32,Monaco,HARD,2,31
80.277,NOR,2023,12,Monaco,MEDIUM,1,12
99.433,LEC,2023,31,Singapore,HARD,2,11
115.852,ALB,2023,52,Monaco,HARD,2,34
81.697,PIA,2023,44,Australia,HARD,2,36
82.298,STR,2023,37,Australia,HARD,2,29
78.298,STR,2024,61,Monaco,SOFT,4,13
81.094,PER,2022,58,Australia,HARD,2,38
123.289,OCO,2023,3,Australia,HARD,2,2
84.161,DEV,2023,20,Australia,MEDIUM,2,12
83.736,ALO,2024,4,Monaco,MEDIUM,2,4
97.083,NOR,2024,31,Bahrain,HARD,2,18
98.634,ZHO,2023,53,Bahrain,SOFT,3,24
93.222,LEC,2022,15,Silverstone,MEDIUM,2,14
92.341,VER,2023,34,Saudi Arabia,HARD,2,16
79.97,GAS,2024,46,Monaco,MEDIUM,2,45
81.737,PIA,2023,51,Australia,HARD,2,43
139.643,HUL,2023,54,Monaco,HARD,2,53
78.137,SAI,2024,65,Monaco,HARD,2,64
106.545,ZHO,2023,55,Monaco,INTERMEDIATE,3,3
81.098,GAS,2023,53,Australia,HARD,2,45
88.779,LAT,2022,41,Monza,HARD,2,26
99.918,HAM,2023,7,Singapore,MEDIUM,1,7
93.862,SAI,2023,35,Saudi Arabia,HARD,2,20
77.237,HUL,2023,8,Monaco,HARD,2,7
101.241,PIA,2023,5,Singapore,MEDIUM,1,5
107.339,HUL,2023,1,Bahrain,SOFT,1,4
88.403,MSC,2022,24,Monza,MEDIUM,1,24
85.262,RIC,2022,34,Australia,HARD,2,13
85.37,ALB,2022,35,Australia,HARD,1,35
93.47,OCO,2022,43,Saudi Arabia,HARD,2,27
100.373,DEV,2023,4,Bahrain,SOFT,1,4
125.716,GAS,2023,34,Silverstone,SOFT,2,6
103.462,SAI,2023,58,Monaco,INTERMEDIATE,3,3
146.826,HUL,2023,20,Saudi Arabia,HARD,2,9
96.427,PIA,2024,16,Bahrain,HARD,2,4
95.043,RUS,2023,13,Saudi Arabia,MEDIUM,1,13
88.021,MSC,2022,15,Monza,MEDIUM,1,15
99.066,GAS,2023,19,Bahrain,HARD,2,10
78.737,TSU,2024,58,Monaco,HARD,2,58
101.294,STR,2022,6,Monaco,INTERMEDIATE,3,4
77.801,LEC,2023,42,Monaco,HARD,1,42
97.379,BOT,2023,31,Bahrain,HARD,3,2
94.482,VER,2022,28,Silverstone,HARD,4,5
99.789,NOR,2023,54,Bahrain,SOFT,6,11
99.51,LAT,2022,7,Monaco,HARD,3,5
97.201,HAM,2024,27,Bahrain,HARD,2,15
97.448,PER,2023,20,Bahrain,SOFT,2,5
80.882,MAG,2023,33,Monaco,HARD,1,33
123.686,SAI,2022,45,Bahrain,SOFT,4,4
99.995,MAG,2023,64,Monaco,WET,2,8
94.853,SAI,2024,46,Bahrain,HARD,3,11
97.072,ALO,2024,19,Bahrain,HARD,2,4
105.07,DEV,2022,49,Monza,MEDIUM,2,30
127.206,MAG,2022,39,Saudi Arabia,MEDIUM,2,4
100.523,MAG,2022,33,Bahrain,SOFT,2,22
100.421,RUS,2022,1,Saudi Arabia,MEDIUM,1,1
121.235,SAR,2024,2,Monaco,HARD,2,2
76.172,NOR,2024,68,Monaco,HARD,2,68
107.378,OCO,2023,25,Monza,HARD,2,4
96.672,TSU,2024,54,Bahrain,HARD,3,20
97.52,LEC,2022,17,Bahrain,SOFT,2,5
82.594,ALB,2022,53,Australia,HARD,1,53
130.714,ALO,2022,46,Bahrain,SOFT,4,4
104.274,RIC,2022,1,Saudi Arabia,MEDIUM,1,1
77.142,RUS,2024,58,Monaco,MEDIUM,2,57
98.704,RIC,2024,5,Bahrain,SOFT,1,8
92.271,NOR,2022,38,Silverstone,HARD,3,4
2526.253,ZHO,2024,1,Monaco,MEDIUM,1,1
84.957,LAT,2022,33,Australia,HARD,3,10
86.312,LEC,2023,2,Monza,MEDIUM,1,2
75.547,LEC,2024,72,Monaco,HARD,2,71
85.297,GAS,2022,10,Australia,MEDIUM,1,10
82.758,ALB,2022,55,Australia,HARD,1,55
113.784,MSC,2022,3,Australia,MEDIUM,1,5
95.283,VER,2024,19,Bahrain,HARD,2,2
119.404,GAS,2023,26,Bahrain,HARD,3,1
81.433,RUS,2024,9,Monaco,MEDIUM,2,8
126.293,RUS,2023,41,Bahrain,HARD,3,10
76.492,LEC,2022,47,Monaco,HARD,4,26
96.462,SAR,2024,36,Bahrain,HARD,3,8
95.433,BOT,2022,10,Silverstone,MEDIUM,2,9
100.496,ALO,2022,24,Bahrain,MEDIUM,2,13
78.545,ZHO,2024,60,Monaco,HARD,2,59
92.808,VER,2023,16,Silverstone,MEDIUM,1,16
93.193,SAR,2023,69,Monaco,INTERMEDIATE,4,17
98.303,MAG,2023,38,Bahrain,SOFT,3,9
92.416,SAI,2022,36,Silverstone,HARD,3,16
119.839,HUL,2022,46,Bahrain,SOFT,4,2
77.631,TSU,2024,64,Monaco,HARD,2,64
91.651,SAI,2022,20,Monaco,WET,1,20
76.105,LEC,2024,74,Monaco,HARD,2,73
100.828,MAG,2023,13,Singapore,MEDIUM,1,13
78.587,GAS,2023,20,Monaco,HARD,1,20
100.192,STR,2023,10,Bahrain,SOFT,1,13
130.798,ALB,2023,2,Australia,MEDIUM,1,2
95.207,STR,2022,18,Monaco,INTERMEDIATE,3,16
81.34,SAI,2023,42,Australia,HARD,3,35
147.691,OCO,2022,26,Australia,HARD,2,9
78.31,HAM,2023,16,Monaco,MEDIUM,1,16
92.821,HAM,2023,22,Silverstone,MEDIUM,1,22
146.545,VER,2023,36,Silverstone,SOFT,2,6
86.578,GAS,2023,78,Monaco,INTERMEDIATE,3,24
103.309,SAI,2023,1,Singapore,MEDIUM,1,1
92.606,VER,2023,40,Saudi Arabia,HARD,2,22
96.126,DEV,2023,16,Saudi Arabia,MEDIUM,1,16
118.927,STR,2022,28,Monaco,HARD,4,5
77.66,TSU,2022,62,Monaco,SOFT,5,6
99.306,SAI,2023,64,Monaco,INTERMEDIATE,3,9
79.496,ALB,2024,43,Monaco,HARD,2,42
98.048,ALB,2024,28,Bahrain,HARD,2,13
78.804,ALB,2023,36,Monaco,HARD,2,18
94.249,VER,2024,45,Bahrain,SOFT,3,8
98.02,ALO,2024,2,Bahrain,SOFT,1,5
95.616,TSU,2023,15,Saudi Arabia,MEDIUM,1,15
80.53,SAR,2024,33,Monaco,HARD,2,33
94.801,RUS,2022,22,Saudi Arabia,HARD,2,6
86.478,DEV,2023,74,Monaco,INTERMEDIATE,2,21
102.273,GAS,2023,62,Singapore,HARD,2,42
83.54,OCO,2022,41,Australia,HARD,2,24
78.337,VER,2024,48,Monaco,MEDIUM,2,47
93.744,HUL,2023,71,Monaco,WET,4,12
88.087,VET,2022,6,Monza,MEDIUM,1,7
101.104,RUS,2023,62,Monaco,INTERMEDIATE,2,8
95.781,GAS,2023,53,Monaco,MEDIUM,2,6
95.162,RUS,2024,44,Bahrain,HARD,3,13
86.94,SAI,2022,9,Monza,MEDIUM,1,9
93.489,STR,2023,20,Silverstone,MEDIUM,1,21
82.09,NOR,2023,36,Australia,HARD,2,28
80.156,LEC,2024,16,Monaco,HARD,2,15
98.31,TSU,2024,4,Bahrain,SOFT,1,4
94.119,ALO,2023,26,Saudi Arabia,HARD,2,9
98.018,LAT,2022,7,Saudi Arabia,MEDIUM,1,7
77.646,DEV,2023,44,Monaco,MEDIUM,1,44
94.539,HAM,2023,67,Monaco,INTERMEDIATE,3,13
78.952,ALB,2023,29,Monaco,HARD,2,11
93.302,SAI,2023,18,Silverstone,MEDIUM,1,18
100.261,ALO,2024,41,Bahrain,HARD,2,26
87.075,ZHO,2022,20,Monza,HARD,2,2
109.707,GAS,2023,40,Bahrain,HARD,3,15
77.014,SAI,2023,49,Monaco,MEDIUM,2,16
93.116,NOR,2023,12,Silverstone,MEDIUM,1,12
84.08,SAR,2023,12,Australia,MEDIUM,4,4
91.279,HAM,2023,40,Silverstone,SOFT,2,10
91.757,TSU,2023,71,Monaco,INTERMEDIATE,2,18
95.964,TSU,2024,45,Bahrain,HARD,3,11
91.286,HAM,2023,49,Silverstone,SOFT,2,19
149.081,RUS,2022,19,Saudi Arabia,HARD,2,3
80.669,ZHO,2024,21,Monaco,HARD,2,20
100.92,GAS,2023,26,Singapore,HARD,2,6
167.674,VET,2022,1,Monaco,WET,1,1
78.074,OCO,2023,19,Monaco,MEDIUM,1,19
97.988,HAM,2023,53,Bahrain,HARD,3,23
94.896,SAR,2023,47,Saudi Arabia,MEDIUM,2,29
93.707,ALB,2023,17,Silverstone,MEDIUM,1,17
95.246,TSU,2023,32,Saudi Arabia,HARD,2,15
78.37,HAM,2023,18,Monaco,MEDIUM,1,18
80.166,ALB,2023,50,Monaco,HARD,2,32
91.879,ALB,2023,42,Silverstone,SOFT,2,14
94.177,SAI,2023,2,Silverstone,MEDIUM,1,2
87.08,NOR,2022,20,Monza,MEDIUM,1,20
77.105,ALB,2023,22,Monaco,HARD,2,4
101.755,OCO,2023,56,Monaco,INTERMEDIATE,3,2
94.353,TSU,2023,39,Saudi Arabia,HARD,2,22
95.035,ALB,2022,42,Saudi Arabia,HARD,2,29
86.782,VER,2023,15,Monza,MEDIUM,1,15
78.736,ALO,2024,64,Monaco,MEDIUM,2,64
78.184,PIA,2023,40,Monaco,HARD,1,40
103.627,BOT,2023,55,Monaco,INTERMEDIATE,2,4
98.127,STR,2023,18,Bahrain,HARD,2,3
80.105,HAM,2023,3,Monaco,MEDIUM,1,3
94.189,MAG,2023,39,Saudi Arabia,HARD,2,31
87.685,SAR,2023,10,Monza,MEDIUM,1,13
77.285,GAS,2023,28,Monaco,HARD,1,28
83.506,ALB,2022,24,Monaco,MEDIUM,3,2
88.222,STR,2023,13,Monza,MEDIUM,1,13
80.004,SAR,2024,68,Monaco,MEDIUM,3,11
83.153,ZHO,2022,47,Australia,HARD,2,26
94.845,GAS,2022,31,Saudi Arabia,HARD,2,16
94.544,HAM,2022,26,Saudi Arabia,HARD,1,27
97.221,RUS,2023,33,Bahrain,HARD,3,2
85.602,LEC,2022,30,Monza,MEDIUM,2,18
101.967,ZHO,2023,54,Bahrain,SOFT,3,25
82.04,TSU,2023,48,Australia,HARD,2,40
93.839,LEC,2023,37,Saudi Arabia,HARD,2,21
80.166,ALB,2023,50,Monaco,HARD,2,32
97.847,TSU,2024,32,Bahrain,HARD,2,18
86.478,DEV,2023,74,Monaco,INTERMEDIATE,2,21
77.072,SAI,2024,78,Monaco,HARD,2,77
95.411,GAS,2024,48,Bahrain,SOFT,4,5
96.026,ALB,2023,13,Saudi Arabia,MEDIUM,1,13
99.626,NOR,2024,33,Bahrain,HARD,2,20
77.16,VER,2023,47,Monaco,MEDIUM,1,47
76.283,LEC,2023,49,Monaco,MEDIUM,2,5
96.753,VER,2024,3,Bahrain,SOFT,1,6
77.025,RUS,2022,44,Monaco,MEDIUM,3,14
99.422,OCO,2024,8,Bahrain,SOFT,1,8
78.219,RIC,2024,67,Monaco,HARD,2,67
97.297,ALO,2024,38,Bahrain,HARD,2,23
76.644,PIA,2024,75,Monaco,HARD,2,75
97.682,HUL,2024,7,Bahrain,HARD,2,6
86.838,LEC,2023,11,Monza,MEDIUM,1,11
98.062,MAG,2024,20,Bahrain,HARD,2,9
98.998,ZHO,2023,16,Bahrain,HARD,2,4
115.77,BOT,2023,19,Saudi Arabia,MEDIUM,3,2
98.257,ALB,2022,8,Saudi Arabia,MEDIUM,1,8
84.319,SAR,2023,6,Australia,HARD,3,5
86.249,HAM,2023,39,Monza,MEDIUM,2,12
97.779,HAM,2023,46,Bahrain,HARD,3,16
84.01,DEV,2023,17,Australia,MEDIUM,2,9
80.58,DEV,2023,3,Monaco,MEDIUM,1,3
96.981,NOR,2023,66,Monaco,INTERMEDIATE,3,12
98.554,ALO,2024,11,Bahrain,SOFT,1,14
92.496,VER,2023,37,Saudi Arabia,HARD,2,19
100.006,SAR,2023,26,Bahrain,SOFT,2,14
100.551,SAI,2023,5,Singapore,MEDIUM,1,5
96.241,STR,2022,24,Saudi Arabia,HARD,2,12
103.22,GAS,2023,55,Monaco,INTERMEDIATE,3,1
100.376,OCO,2023,27,Singapore,HARD,2,7
78.766,NOR,2024,29,Monaco,HARD,2,29
100.691,PIA,2023,3,Bahrain,SOFT,1,3
85.61,MAG,2022,35,Australia,HARD,1,35
98.83,PER,2023,3,Bahrain,SOFT,1,6
99.32,HAM,2023,31,Singapore,HARD,2,11
81.075,ALO,2024,18,Monaco,MEDIUM,2,18
100.866,OCO,2023,9,Bahrain,SOFT,1,12
84.517,ZHO,2022,33,Australia,HARD,2,12
85.786,VER,2023,26,Monza,HARD,2,6
91.707,ALO,2022,50,Silverstone,SOFT,4,11
99.173,RUS,2023,26,Singapore,HARD,2,6
126.403,ALB,2023,34,Silverstone,SOFT,2,6
114.644,TSU,2023,15,Silverstone,HARD,2,1
80.949,GAS,2024,24,Monaco,MEDIUM,2,23
81.173,NOR,2023,46,Australia,HARD,2,38
94.835,ALO,2023,10,Saudi Arabia,MEDIUM,1,10
79.239,TSU,2023,23,Monaco,MEDIUM,1,23
97.64,ALO,2023,65,Monaco,INTERMEDIATE,3,10
80.54,RIC,2024,35,Monaco,HARD,2,35
101.035,OCO,2023,11,Bahrain,SOFT,1,14
95.552,MAG,2023,13,Saudi Arabia,HARD,2,5
99.601,MAG,2023,26,Bahrain,HARD,2,11
86.594,OCO,2022,40,Monza,HARD,2,21
81.54,BOT,2024,13,Monaco,MEDIUM,2,12
91.508,STR,2023,42,Silverstone,SOFT,2,14
87.591,TSU,2022,14,Monza,MEDIUM,1,14
80.397,NOR,2024,9,Monaco,HARD,2,9
83.762,GAS,2022,50,Australia,HARD,2,29
100.2,STR,2022,7,Monaco,INTERMEDIATE,3,5
79.356,HAM,2023,4,Monaco,MEDIUM,1,4
99.817,SAR,2024,40,Bahrain,HARD,3,12
131.273,STR,2023,32,Silverstone,SOFT,2,4
145.4,PIA,2023,36,Silverstone,HARD,2,7
87.173,ALB,2022,12,Australia,HARD,1,12
78.519,NOR,2024,41,Monaco,HARD,2,41
79.913,LEC,2024,14,Monaco,HARD,2,13
98.769,ZHO,2023,21,Saudi Arabia,MEDIUM,3,3
78.701,ZHO,2023,43,Monaco,HARD,2,42
100.535,SAR,2024,28,Bahrain,HARD,2,18
101.181,SAR,2023,53,Australia,HARD,5,24
94.023,VER,2022,37,Silverstone,HARD,4,14
84.327,PIA,2023,26,Australia,HARD,2,18
93.571,SAI,2022,51,Monza,SOFT,3,4
77.857,HAM,2024,57,Monaco,HARD,3,7
76.839,GAS,2023,45,Monaco,HARD,1,45
100.862,PIA,2023,5,Bahrain,SOFT,1,5
97.473,TSU,2024,56,Bahrain,HARD,3,22
93.925,DEV,2023,50,Saudi Arabia,HARD,2,33
125.672,SAR,2023,34,Silverstone,SOFT,2,5
95.315,NOR,2023,26,Saudi Arabia,MEDIUM,3,7
96.097,GAS,2023,69,Monaco,INTERMEDIATE,3,15
86.304,HAM,2023,74,Monaco,INTERMEDIATE,3,20
103.748,MSC,2022,35,Bahrain,MEDIUM,2,23
78.055,OCO,2023,14,Monaco,MEDIUM,1,14
81.543,MAG,2023,32,Monaco,HARD,1,32
78.733,STR,2023,8,Monaco,HARD,1,9
79.691,RUS,2024,22,Monaco,MEDIUM,2,21
84.82,HAM,2022,38,Monza,SOFT,2,5
82.349,GAS,2023,52,Monaco,MEDIUM,2,5
77.393,HAM,2023,22,Monaco,MEDIUM,1,22
96.311,PER,2024,18,Bahrain,HARD,2,6
99.756,HAM,2023,6,Bahrain,SOFT,1,9
93.584,SAI,2022,31,Silverstone,HARD,3,11
80.564,BOT,2024,24,Monaco,HARD,3,10
94.957,HUL,2023,36,Saudi Arabia,HARD,2,25
78.652,NOR,2023,7,Monaco,MEDIUM,1,7
85.459,BOT,2022,15,Australia,MEDIUM,1,15
98.747,MSC,2022,54,Bahrain,SOFT,3,21
79.191,ALO,2024,54,Monaco,MEDIUM,2,54
97.72,TSU,2023,54,Bahrain,SOFT,4,17
79.367,VER,2023,2,Monaco,MEDIUM,1,2
97.19,BOT,2022,9,Saudi Arabia,MEDIUM,1,9
99.006,ALO,2022,51,Bahrain,SOFT,4,9
114.426,MAG,2022,25,Monza,HARD,2,1
97.424,DEV,2023,22,Saudi Arabia,HARD,2,5
92.79,PIA,2023,9,Silverstone,MEDIUM,1,9
77.562,ALO,2023,28,Monaco,HARD,1,29
131.011,RUS,2023,34,Silverstone,MEDIUM,2,6
86.404,TSU,2022,28,Australia,HARD,2,10
83.085,BOT,2023,41,Australia,HARD,3,40
98.587,ALO,2024,13,Bahrain,SOFT,1,16
125.687,TSU,2023,53,Monaco,MEDIUM,1,53
84.45,TSU,2022,37,Australia,HARD,2,19
86.605,MSC,2022,11,Australia,MEDIUM,1,13
78.458,LEC,2024,23,Monaco,HARD,2,22
79.364,VER,2024,24,Monaco,MEDIUM,2,23
94.035,VER,2023,66,Monaco,INTERMEDIATE,2,11
79.888,SAR,2024,47,Monaco,HARD,2,47
78.607,ZHO,2023,40,Monaco,HARD,2,39
93.839,LEC,2023,37,Saudi Arabia,HARD,2,21
100.988,MAG,2023,46,Singapore,SOFT,3,6
80.594,ALB,2024,46,Monaco,HARD,2,45
97.472,SAR,2023,51,Bahrain,SOFT,4,11
100.85,STR,2022,30,Bahrain,SOFT,2,12
94.667,VER,2024,42,Bahrain,SOFT,3,5
94.263,HUL,2023,39,Saudi Arabia,HARD,2,28
77.947,ALO,2023,22,Monaco,HARD,1,23
85.603,OCO,2023,4,Australia,HARD,2,3
77.034,LEC,2024,59,Monaco,HARD,2,58
97.391,ZHO,2023,22,Saudi Arabia,MEDIUM,3,4
96.695,ZHO,2024,41,Bahrain,HARD,3,13
76.64,PIA,2024,66,Monaco,HARD,2,66
82.893,ZHO,2022,56,Australia,HARD,2,35
84.205,SAR,2023,26,Australia,MEDIUM,4,18
87.496,LAW,2023,32,Monza,HARD,2,22
100.602,SAR,2023,42,Singapore,HARD,2,23
98.826,ALB,2024,2,Bahrain,SOFT,1,2
98.604,RUS,2023,17,Bahrain,HARD,2,4
92.887,ALO,2023,47,Saudi Arabia,HARD,2,30
94.388,HUL,2023,43,Saudi Arabia,HARD,2,32
78.767,MAG,2023,22,Monaco,HARD,1,22
101.256,HUL,2023,4,Singapore,MEDIUM,1,4
98.779,MAG,2023,56,Bahrain,SOFT,4,16
82.233,BOT,2023,46,Australia,HARD,3,45
95.666,ALO,2022,24,Saudi Arabia,HARD,2,8
95.834,MAG,2023,10,Saudi Arabia,HARD,2,2
94.373,TSU,2023,40,Saudi Arabia,HARD,2,23
99.094,OCO,2024,2,Bahrain,SOFT,1,2
78.732,STR,2023,42,Monaco,HARD,1,43
98.1,ALB,2024,26,Bahrain,HARD,2,11
77.523,ZHO,2023,9,Monaco,HARD,2,8
85.704,PER,2023,74,Monaco,INTERMEDIATE,6,4
79.527,BOT,2023,10,Monaco,HARD,1,10
95.149,NOR,2024,38,Bahrain,HARD,3,5
79.361,GAS,2024,35,Monaco,MEDIUM,2,34
96.784,HUL,2024,33,Bahrain,HARD,3,13
100.595,PER,2023,26,Singapore,HARD,1,26
94.844,STR,2022,22,Silverstone,HARD,3,8
98.704,GAS,2022,44,Bahrain,HARD,3,12
89.941,ALB,2023,51,Monaco,HARD,2,33
2478.944,VER,2024,1,Monaco,HARD,1,1
94.608,RIC,2022,52,Silverstone,SOFT,5,14
85.58,LEC,2023,38,Monza,HARD,2,18
78.411,BOT,2022,63,Monaco,HARD,3,43
78.472,LEC,2024,21,Monaco,HARD,2,20
82.346,PIA,2023,37,Australia,HARD,2,29
87.583,STR,2022,29,Monza,HARD,2,12
88.112,STR,2022,11,Monza,MEDIUM,1,12
99.029,SAI,2023,19,Singapore,MEDIUM,1,19
83.307,NOR,2023,14,Australia,HARD,2,6
95.922,NOR,2024,52,Bahrain,HARD,3,19
91.178,VER,2023,54,Australia,HARD,2,46
79.065,PIA,2023,21,Monaco,HARD,1,21
78.073,GAS,2022,51,Monaco,HARD,4,29
100.791,SAR,2023,6,Bahrain,SOFT,1,6
78.098,TSU,2023,48,Monaco,MEDIUM,1,48
82.325,ALO,2023,26,Australia,HARD,2,18
119.328,ZHO,2024,10,Bahrain,HARD,2,1
126.809,STR,2023,41,Bahrain,HARD,3,11
91.347,LEC,2022,38,Silverstone,HARD,3,13
87.566,DEV,2022,3,Monza,SOFT,1,3
97.991,STR,2023,57,Bahrain,HARD,3,27
78.123,HAM,2022,61,Monaco,MEDIUM,4,31
93.668,RUS,2022,42,Saudi Arabia,HARD,2,26
82.599,VER,2023,16,Australia,HARD,2,8
92.587,LEC,2022,47,Saudi Arabia,HARD,2,31
77.592,OCO,2022,51,Monaco,MEDIUM,3,21
98.123,BOT,2022,12,Monaco,WET,1,12
78.181,LEC,2024,39,Monaco,HARD,2,38
78.682,VER,2024,28,Monaco,MEDIUM,2,27
79.563,LEC,2023,45,Monaco,MEDIUM,2,1
98.587,ALO,2024,13,Bahrain,SOFT,1,16
93.654,ALB,2023,19,Silverstone,MEDIUM,1,19
99.851,ZHO,2022,34,Bahrain,MEDIUM,2,19
91.296,HAM,2022,1,Australia,MEDIUM,1,1
100.442,BOT,2023,20,Bahrain,HARD,2,9
98.155,OCO,2022,34,Bahrain,HARD,3,4
78.289,STR,2022,51,Monaco,None,5,28
117.267,RUS,2024,32,Bahrain,HARD,3,1
84.517,MSC,2022,52,Australia,HARD,2,38
94.711,GAS,2022,49,Saudi Arabia,HARD,2,34
99.093,STR,2023,1,Saudi Arabia,MEDIUM,1,1
81.083,ZHO,2024,22,Monaco,HARD,2,21
78.037,BOT,2022,56,Monaco,HARD,3,36
120.083,DEV,2023,28,Bahrain,HARD,3,1
85.221,PIA,2023,11,Australia,HARD,2,3
84.481,BOT,2023,25,Australia,HARD,3,24
97.548,SAI,2023,33,Bahrain,HARD,3,2
81.693,DEV,2023,48,Australia,SOFT,3,3
95.62,TSU,2022,29,Silverstone,HARD,3,12
78.015,GAS,2023,31,Monaco,HARD,1,31
84.004,BOT,2022,46,Australia,HARD,2,24
95.924,OCO,2023,9,Saudi Arabia,MEDIUM,1,9
80.391,HAM,2022,41,Monaco,MEDIUM,4,11
99.285,LAT,2022,34,Bahrain,MEDIUM,3,2
119.404,GAS,2023,26,Bahrain,HARD,3,1
99.617,BOT,2023,9,Saudi Arabia,MEDIUM,1,9
79.338,ALB,2023,10,Monaco,MEDIUM,1,10
101.799,NOR,2022,40,Bahrain,HARD,2,16
76.962,OCO,2023,47,Monaco,HARD,2,15
82.244,PER,2023,28,Australia,HARD,4,21
94.983,PIA,2024,39,Bahrain,HARD,3,5
102.059,BOT,2023,39,Singapore,HARD,1,39
96.339,PER,2024,31,Bahrain,HARD,2,19
76.077,SAR,2024,69,Monaco,MEDIUM,3,12
81.42,ZHO,2024,19,Monaco,HARD,2,18
80.209,NOR,2023,4,Monaco,MEDIUM,1,4
98.75,NOR,2023,64,Monaco,INTERMEDIATE,3,10
95.871,LEC,2023,4,Saudi Arabia,SOFT,1,4
86.369,BOT,2022,13,Australia,MEDIUM,1,13
83.067,HUL,2023,25,Australia,HARD,2,17
99.886,OCO,2022,24,Bahrain,MEDIUM,2,10
92.921,VER,2023,67,Monaco,INTERMEDIATE,2,12
82.069,STR,2023,31,Australia,HARD,2,23
102.188,HUL,2023,58,Monaco,INTERMEDIATE,3,4
85.05,ZHO,2022,51,Australia,HARD,2,30
85.87,VER,2022,17,Monza,SOFT,1,17
92.135,VER,2022,45,Silverstone,SOFT,5,6
98.814,LEC,2023,27,Bahrain,HARD,2,14
80.144,TSU,2024,45,Monaco,HARD,2,45
100.644,SAR,2023,4,Bahrain,SOFT,1,4
77.508,ALO,2023,14,Monaco,HARD,1,15
97.011,VER,2024,15,Bahrain,SOFT,1,18
97.919,PER,2023,31,Bahrain,SOFT,2,16
95.928,ZHO,2023,6,Saudi Arabia,MEDIUM,1,6
78.306,SAI,2023,9,Monaco,HARD,1,9
97.028,VER,2024,14,Bahrain,SOFT,1,17
97.596,PER,2024,9,Bahrain,SOFT,1,12
99.272,ALB,2023,19,Bahrain,SOFT,2,8
99.565,HUL,2023,61,Monaco,WET,4,2
91.255,LEC,2023,48,Silverstone,MEDIUM,3,16
93.514,ALO,2023,35,Saudi Arabia,HARD,2,18
78.564,OCO,2022,48,Monaco,MEDIUM,3,18
87.578,TSU,2022,9,Monza,MEDIUM,1,9
98.255,HAM,2023,57,Bahrain,HARD,3,27
87.175,ALO,2023,6,Monza,MEDIUM,1,6
79.991,ALO,2023,51,Monaco,HARD,1,52
77.642,HUL,2023,20,Monaco,HARD,2,19
95.378,NOR,2023,48,Saudi Arabia,MEDIUM,3,29
95.191,VER,2022,12,Saudi Arabia,MEDIUM,1,12
82.94,RIC,2022,45,Australia,HARD,2,24
102.805,TSU,2022,29,Bahrain,MEDIUM,2,14
91.317,TSU,2023,1,Monaco,MEDIUM,1,1
87.29,HUL,2023,23,Monza,HARD,2,14
97.945,TSU,2023,55,Bahrain,SOFT,4,18
81.147,PER,2023,45,Australia,HARD,4,38
120.056,RIC,2022,18,Bahrain,SOFT,2,1
90.348,VER,2023,39,Silverstone,SOFT,2,9
125.892,HUL,2023,34,Silverstone,SOFT,3,2
96.792,BOT,2024,36,Bahrain,HARD,3,6
88.34,VET,2022,2,Australia,HARD,1,3
80.78,ZHO,2023,28,Monaco,HARD,2,27
101.555,HAM,2022,1,Bahrain,SOFT,1,3
84.238,VER,2023,1,Monaco,MEDIUM,1,1
99.972,HUL,2023,46,Bahrain,SOFT,4,9
96.705,NOR,2023,41,Bahrain,HARD,5,4
97.325,STR,2024,48,Bahrain,HARD,3,21
90.068,SAI,2023,53,Monaco,MEDIUM,2,20
96.186,RUS,2024,52,Bahrain,HARD,3,21
80.2,STR,2024,41,Monaco,MEDIUM,2,41
96.364,PIA,2023,12,Saudi Arabia,HARD,2,11
77.588,ALO,2023,12,Monaco,HARD,1,13
98.386,BOT,2022,44,Bahrain,MEDIUM,3,8
95.308,LEC,2024,48,Bahrain,HARD,3,14
100.06,NOR,2023,34,Singapore,HARD,2,14
98.064,NOR,2024,9,Bahrain,SOFT,1,12
93.728,SAR,2023,17,Silverstone,MEDIUM,1,17
100.177,DEV,2023,43,Bahrain,HARD,3,16
95.927,BOT,2023,12,Saudi Arabia,HARD,2,3
80.904,ZHO,2024,20,Monaco,HARD,2,19
102.588,ALB,2022,11,Bahrain,SOFT,1,11
99.263,GAS,2023,23,Bahrain,HARD,2,14
96.475,SAR,2024,34,Bahrain,HARD,3,6
132.712,GAS,2023,19,Saudi Arabia,HARD,2,5
95.277,HUL,2023,2,Silverstone,HARD,1,2
83.753,MSC,2022,46,Australia,HARD,2,32
88.585,HAM,2023,1,Monaco,MEDIUM,1,1
100.914,DEV,2023,3,Bahrain,SOFT,1,3
81.418,ALO,2024,11,Monaco,MEDIUM,2,11
93.379,HAM,2022,45,Saudi Arabia,MEDIUM,2,5
101.461,ZHO,2022,6,Bahrain,SOFT,1,6
79.773,GAS,2022,42,Monaco,HARD,4,20
99.9,VET,2022,13,Monaco,INTERMEDIATE,2,7
103.036,BOT,2023,3,Singapore,HARD,1,3
85.988,BOT,2023,27,Monza,MEDIUM,2,5
100.684,GAS,2022,8,Bahrain,SOFT,1,11
87.565,NOR,2022,10,Monza,MEDIUM,1,10
100.694,HUL,2023,33,Singapore,HARD,2,13
95.014,ALO,2024,56,Bahrain,HARD,3,15
83.831,TSU,2023,31,Australia,HARD,2,23
94.038,BOT,2023,68,Monaco,INTERMEDIATE,2,17
87.535,PER,2022,6,Monza,MEDIUM,1,6
101.622,PER,2023,3,Singapore,HARD,1,3
99.729,RUS,2022,8,Bahrain,SOFT,1,11
79.472,TSU,2024,36,Monaco,HARD,2,36
85.548,ALB,2022,17,Australia,HARD,1,17
97.577,ALB,2023,7,Saudi Arabia,MEDIUM,1,7
133.433,BOT,2022,2,Monaco,WET,1,2
95.394,SAI,2023,69,Monaco,INTERMEDIATE,3,14
97.268,BOT,2022,13,Monaco,WET,1,13
98.032,SAI,2024,5,Bahrain,SOFT,1,8
82.777,GAS,2023,16,Australia,HARD,2,8
81.545,LEC,2022,42,Australia,HARD,2,20
98.769,ZHO,2023,21,Saudi Arabia,MEDIUM,3,3
96.633,HAM,2024,22,Bahrain,HARD,2,10
108.128,TSU,2022,1,Bahrain,SOFT,1,1
100.635,NOR,2024,13,Bahrain,SOFT,1,16
95.851,LAT,2022,32,Silverstone,MEDIUM,3,13
82.041,OCO,2023,32,Australia,HARD,3,31
81.412,HUL,2023,29,Monaco,HARD,2,28
123.289,OCO,2023,3,Australia,HARD,2,2
86.49,ZHO,2022,16,Australia,MEDIUM,1,16
97.55,ZHO,2023,35,Bahrain,SOFT,3,6
97.623,TSU,2023,67,Monaco,INTERMEDIATE,2,14
86.532,STR,2022,13,Australia,HARD,3,9
98.009,ALO,2023,31,Bahrain,HARD,2,17
95.867,HAM,2023,47,Singapore,MEDIUM,3,3
86.041,RUS,2022,32,Monza,HARD,2,9
79.518,HAM,2024,35,Monaco,MEDIUM,2,34
109.85,SAI,2022,12,Monza,MEDIUM,1,12
80.909,HAM,2023,50,Australia,HARD,2,42
96.446,VER,2023,39,Bahrain,HARD,3,3
99.937,LAT,2022,42,Bahrain,MEDIUM,3,10
78.856,NOR,2023,14,Monaco,MEDIUM,1,14
78.276,LEC,2024,44,Monaco,HARD,2,43
96.928,PER,2023,45,Bahrain,HARD,3,11
99.534,VER,2022,13,Bahrain,SOFT,1,16
77.57,NOR,2024,53,Monaco,HARD,2,53
87.478,NOR,2023,14,Monza,MEDIUM,1,14
87.203,ALO,2022,7,Monza,MEDIUM,1,7
80.862,RIC,2024,17,Monaco,HARD,2,17
119.877,HUL,2022,47,Bahrain,SOFT,4,3
98.156,MAG,2024,24,Bahrain,HARD,2,13
77.865,BOT,2022,53,Monaco,HARD,3,33
92.4,VER,2023,32,Saudi Arabia,HARD,2,14
112.446,VET,2022,32,Monaco,HARD,4,10
98.739,PER,2023,14,Bahrain,SOFT,1,17
77.783,ALO,2023,9,Monaco,HARD,1,10
95.438,TSU,2022,23,Silverstone,HARD,3,6
78.796,ALB,2024,56,Monaco,HARD,2,55
102.287,HAM,2023,62,Monaco,INTERMEDIATE,3,8
78.311,PIA,2023,34,Monaco,HARD,1,34
95.57,MAG,2024,34,Bahrain,HARD,3,2
96.978,PER,2023,44,Bahrain,HARD,3,10
98.655,OCO,2024,22,Bahrain,HARD,2,12
83.451,MAG,2022,55,Australia,MEDIUM,2,18
79.877,PER,2023,26,Monaco,HARD,2,25
78.842,GAS,2023,6,Monaco,HARD,1,6
97.943,ALO,2023,52,Singapore,SOFT,3,10
78.286,SAI,2023,13,Monaco,HARD,1,13
85.579,SAI,2023,77,Monaco,INTERMEDIATE,3,22
96.918,HAM,2022,57,Bahrain,SOFT,4,16
99.509,RIC,2024,2,Bahrain,SOFT,1,5
98.314,SAI,2023,24,Bahrain,HARD,2,11
85.769,LEC,2022,31,Monza,MEDIUM,2,19
78.829,ALB,2023,45,Monaco,HARD,2,27
100.686,PER,2023,34,Bahrain,SOFT,2,19
81.543,MAG,2023,32,Monaco,HARD,1,32
82.866,ALO,2024,7,Monaco,MEDIUM,2,7
95.531,LAT,2022,12,Silverstone,SOFT,2,11
96.042,MAG,2024,38,Bahrain,HARD,3,6
116.661,LAT,2022,24,Australia,HARD,3,1
83.765,BOT,2023,34,Australia,HARD,3,33
78.594,STR,2023,21,Monaco,HARD,1,22
81.231,SAR,2024,27,Monaco,HARD,2,27
92.678,VER,2023,13,Silverstone,MEDIUM,1,13
120.053,ALO,2022,12,Bahrain,MEDIUM,2,1
99.092,PER,2022,2,Bahrain,SOFT,1,5
78.664,HUL,2023,26,Monaco,HARD,2,25
93.729,RUS,2023,14,Silverstone,SOFT,1,17
94.124,STR,2022,49,Silverstone,MEDIUM,4,12
94.996,OCO,2022,19,Silverstone,SOFT,2,18
95.182,HAM,2023,22,Saudi Arabia,MEDIUM,2,4
93.182,LEC,2022,26,Saudi Arabia,HARD,2,10
81.334,SAR,2024,29,Monaco,HARD,2,29
88.116,BOT,2023,22,Monza,HARD,1,25
80.806,ZHO,2024,31,Monaco,HARD,2,30
83.212,MAG,2023,37,Australia,HARD,3,30
100.146,ALO,2023,42,Singapore,HARD,2,22
95.452,MSC,2022,13,Silverstone,MEDIUM,2,12
96.209,SAR,2024,55,Bahrain,SOFT,4,15
77.145,OCO,2023,27,Monaco,MEDIUM,1,27
128.544,GAS,2023,41,Bahrain,SOFT,4,1
94.363,ZHO,2023,41,Saudi Arabia,MEDIUM,3,23
100.44,LAW,2023,31,Singapore,HARD,2,11
76.689,GAS,2024,74,Monaco,MEDIUM,2,73
97.091,MAG,2022,56,Bahrain,SOFT,4,13
79.893,STR,2023,10,Monaco,HARD,1,11
94.027,ZHO,2023,17,Silverstone,MEDIUM,1,17
79.756,HUL,2023,31,Monaco,HARD,2,30
77.241,VER,2022,52,Monaco,MEDIUM,4,22
98.266,DEV,2023,34,Bahrain,HARD,3,7
97.736,LAT,2022,11,Saudi Arabia,MEDIUM,1,11
93.449,DEV,2023,1,Monaco,MEDIUM,1,1
96.028,MSC,2022,9,Silverstone,MEDIUM,2,8
99.311,BOT,2023,23,Bahrain,HARD,2,12
78.476,ALB,2023,40,Monaco,HARD,2,22
82.233,BOT,2023,46,Australia,HARD,3,45
120.614,HUL,2022,16,Saudi Arabia,HARD,1,17
93.79,HAM,2022,36,Saudi Arabia,HARD,1,37
81.854,SAI,2023,31,Australia,HARD,3,24
98.206,DEV,2023,36,Bahrain,HARD,3,9
97.095,BOT,2024,54,Bahrain,HARD,3,24
94.607,TSU,2022,36,Silverstone,HARD,3,19
95.567,ALB,2023,24,Saudi Arabia,HARD,2,7
78.692,HUL,2023,40,Monaco,HARD,2,39
82.85,GAS,2023,22,Australia,HARD,2,14
80.799,ALO,2024,17,Monaco,MEDIUM,2,17
83.106,GAS,2024,6,Monaco,MEDIUM,2,5
94.062,ALO,2023,28,Saudi Arabia,HARD,2,11
76.88,HAM,2023,44,Monaco,HARD,2,13
88.499,STR,2022,6,Monza,MEDIUM,1,7
97.088,LEC,2022,1,Saudi Arabia,MEDIUM,1,1
87.506,LAW,2023,9,Monza,MEDIUM,1,12
95.979,RUS,2024,53,Bahrain,HARD,3,22
78.053,HAM,2023,23,Monaco,MEDIUM,1,23
95.394,LEC,2024,52,Bahrain,HARD,3,18
95.909,HAM,2023,11,Saudi Arabia,HARD,1,11
81.264,ZHO,2024,14,Monaco,HARD,2,13
93.555,RUS,2023,39,Saudi Arabia,HARD,2,21
97.785,ZHO,2022,14,Monaco,WET,1,14
99.15,DEV,2023,53,Bahrain,HARD,3,26
96.85,HAM,2024,18,Bahrain,HARD,2,6
87.501,HAM,2023,41,Monza,MEDIUM,2,14
83.217,SAI,2023,5,Australia,MEDIUM,1,5
81.288,DEV,2023,49,Australia,SOFT,3,4
98.229,RUS,2023,64,Monaco,INTERMEDIATE,2,10
97.351,ALB,2022,13,Monaco,WET,1,13
77.254,ZHO,2023,8,Monaco,HARD,2,7
83.241,BOT,2022,41,Australia,HARD,2,19
106.038,LEC,2022,13,Monza,MEDIUM,2,1
79.229,ALO,2024,58,Monaco,MEDIUM,2,58
103.169,BOT,2023,7,Australia,HARD,2,6
93.237,STR,2023,27,Silverstone,MEDIUM,1,28
79.148,HUL,2023,36,Monaco,HARD,2,35
92.572,TSU,2023,43,Silverstone,SOFT,3,11
79.646,ALO,2023,2,Monaco,HARD,1,3
96.207,TSU,2022,15,Silverstone,SOFT,2,14
127.088,VET,2022,6,Australia,HARD,1,7
97.415,OCO,2024,56,Bahrain,HARD,3,26
80.021,LEC,2023,3,Monaco,HARD,1,3
97.503,ALB,2023,45,Bahrain,SOFT,4,5
96.742,ZHO,2022,40,Bahrain,MEDIUM,3,3
96.695,ZHO,2024,41,Bahrain,HARD,3,13
85.962,TSU,2022,12,Australia,MEDIUM,1,12
97.628,HUL,2023,64,Monaco,WET,4,5
92.78,TSU,2023,52,Silverstone,SOFT,3,20
77.785,DEV,2023,46,Monaco,MEDIUM,1,46
78.439,STR,2023,24,Monaco,HARD,1,25
99.746,TSU,2023,25,Bahrain,HARD,2,15
86.745,MAG,2022,27,Australia,HARD,1,27
97.273,ALO,2024,35,Bahrain,HARD,2,20
92.764,SAI,2022,30,Silverstone,HARD,3,10
98.769,TSU,2024,12,Bahrain,SOFT,1,12
120.736,VET,2022,3,Silverstone,SOFT,2,2
78.289,ALB,2022,38,Monaco,MEDIUM,4,16
97.761,GAS,2023,28,Bahrain,HARD,3,3
78.748,STR,2024,66,Monaco,SOFT,4,18
92.975,SAI,2023,4,Silverstone,MEDIUM,1,4
78.142,VER,2024,51,Monaco,MEDIUM,2,50
97.418,BOT,2023,6,Saudi Arabia,MEDIUM,1,6
133.298,RUS,2023,2,Australia,MEDIUM,1,2
85.16,ALO,2022,31,Australia,HARD,1,31
81.416,RIC,2024,13,Monaco,HARD,2,13
94.451,BOT,2022,17,Monaco,WET,1,17
95.513,TSU,2023,26,Saudi Arabia,HARD,2,9
98.12,RIC,2022,54,Bahrain,SOFT,4,10
82.917,ZHO,2023,38,Australia,HARD,3,37
96.993,BOT,2023,27,Saudi Arabia,MEDIUM,3,10
95.66,RIC,2022,7,Silverstone,MEDIUM,2,7
96.842,MAG,2024,49,Bahrain,HARD,3,17
98.46,HAM,2023,22,Bahrain,HARD,2,10
96.928,PER,2023,45,Bahrain,HARD,3,11
112.356,PIA,2023,43,Singapore,HARD,2,23
82.09,NOR,2023,36,Australia,HARD,2,28
79.125,LEC,2024,32,Monaco,HARD,2,31
78.859,TSU,2023,9,Monaco,MEDIUM,1,9
78.993,SAI,2024,23,Monaco,HARD,2,22
86.949,ALO,2023,24,Monza,HARD,2,6
80.782,ZHO,2024,32,Monaco,HARD,2,31
99.519,SAI,2023,38,Singapore,HARD,2,18
97.298,MSC,2022,4,Silverstone,MEDIUM,2,3
83.174,HAM,2023,24,Australia,HARD,2,16
78.77,PER,2022,59,Monaco,MEDIUM,4,29
96.745,ZHO,2022,41,Bahrain,MEDIUM,3,4
95.096,HUL,2022,36,Saudi Arabia,HARD,1,37
93.349,ALO,2022,17,Monaco,WET,1,17
96.349,MAG,2024,45,Bahrain,HARD,3,13
95.532,HAM,2024,51,Bahrain,HARD,3,18
82.683,RIC,2024,51,Monaco,HARD,2,51
85.793,SAI,2023,23,Monza,HARD,2,4
104.67,STR,2023,1,Bahrain,SOFT,1,4
92.68,PER,2023,35,Saudi Arabia,HARD,2,17
96.987,LEC,2024,23,Bahrain,HARD,2,12
97.473,TSU,2024,56,Bahrain,HARD,3,22
93.19,PER,2023,39,Saudi Arabia,HARD,2,21
96.914,BOT,2023,1,Monaco,HARD,1,1
101.739,MAG,2023,14,Bahrain,HARD,1,14
77.959,PER,2023,41,Monaco,MEDIUM,3,8
93.925,DEV,2023,50,Saudi Arabia,HARD,2,33
80.384,GAS,2024,40,Monaco,MEDIUM,2,39
95.602,HUL,2024,56,Bahrain,SOFT,4,16
91.912,ALB,2023,49,Silverstone,SOFT,2,21
87.352,PIA,2023,19,Monza,MEDIUM,1,19
87.738,PIA,2023,15,Monza,MEDIUM,1,15
106.373,ALB,2023,1,Australia,MEDIUM,1,1
101.302,RUS,2023,56,Monaco,INTERMEDIATE,2,2
126.635,ALO,2023,55,Monaco,MEDIUM,2,2
94.596,PER,2022,3,Saudi Arabia,MEDIUM,1,3
87.989,ZHO,2022,3,Monza,MEDIUM,1,3
80.132,DEV,2023,25,Monaco,MEDIUM,1,25
96.226,PER,2024,28,Bahrain,HARD,2,16
95.875,HAM,2022,15,Saudi Arabia,HARD,1,16
98.691,LEC,2023,7,Bahrain,SOFT,1,7
82.228,NOR,2023,30,Australia,HARD,2,22
99.899,SAI,2023,63,Monaco,INTERMEDIATE,3,8
99.615,GAS,2022,10,Monaco,INTERMEDIATE,2,9
83.558,TSU,2023,30,Australia,HARD,2,22
80.462,BOT,2024,21,Monaco,HARD,3,7
87.564,GAS,2022,31,Monza,HARD,2,14
102.252,HUL,2023,10,Bahrain,SOFT,1,13
97.311,RUS,2023,34,Bahrain,HARD,3,3
92.948,PER,2022,27,Silverstone,MEDIUM,3,23
95.446,NOR,2023,30,Saudi Arabia,MEDIUM,3,11
81.189,STR,2024,16,Monaco,MEDIUM,2,16
95.745,TSU,2022,5,Silverstone,SOFT,2,4
105.143,HUL,2023,18,Australia,HARD,2,10
97.894,ZHO,2024,24,Bahrain,HARD,2,15
103.107,ALB,2023,7,Singapore,MEDIUM,1,7
95.0,GAS,2023,27,Saudi Arabia,HARD,2,13
78.318,BOT,2024,74,Monaco,HARD,3,60
94.67,VER,2022,27,Silverstone,HARD,4,4
80.384,GAS,2024,40,Monaco,MEDIUM,2,39
97.359,TSU,2023,47,Bahrain,SOFT,4,10
87.859,DEV,2022,14,Monza,SOFT,1,14
79.295,ZHO,2024,64,Monaco,HARD,2,63
101.111,PIA,2023,6,Bahrain,SOFT,1,6
103.554,RUS,2023,57,Monaco,INTERMEDIATE,2,3
98.073,SAR,2023,65,Monaco,INTERMEDIATE,4,13
96.578,HUL,2024,31,Bahrain,HARD,3,11
97.008,PIA,2024,25,Bahrain,HARD,2,13
97.545,ALB,2023,47,Bahrain,SOFT,4,7
88.032,BOT,2023,2,Monza,HARD,1,5
88.05,STR,2023,19,Monza,MEDIUM,1,19
101.62,ZHO,2023,60,Monaco,INTERMEDIATE,3,8
88.378,TSU,2022,40,Australia,HARD,2,22
78.367,GAS,2023,11,Monaco,HARD,1,11
97.688,BOT,2023,45,Bahrain,HARD,3,16
97.769,ALB,2022,22,Saudi Arabia,HARD,2,9
93.686,NOR,2022,33,Silverstone,MEDIUM,2,33
125.687,TSU,2023,53,Monaco,MEDIUM,1,53
94.862,ALO,2024,52,Bahrain,HARD,3,11
81.668,OCO,2023,49,Australia,HARD,3,48
94.036,DEV,2023,44,Saudi Arabia,HARD,2,27
128.526,ZHO,2022,6,Australia,MEDIUM,1,6
78.311,LEC,2024,52,Monaco,HARD,2,51
96.792,ZHO,2024,50,Bahrain,HARD,3,22
108.851,STR,2023,21,Monza,HARD,2,5
98.138,STR,2024,24,Bahrain,HARD,2,15
95.949,PIA,2023,29,Saudi Arabia,HARD,2,28
96.347,VER,2022,33,Bahrain,MEDIUM,3,3
97.417,ZHO,2024,44,Bahrain,HARD,3,16
85.29,ALO,2022,11,Australia,HARD,1,11
97.214,PER,2022,19,Bahrain,MEDIUM,2,4
94.701,LEC,2023,32,Saudi Arabia,HARD,2,16
132.192,SAR,2023,38,Silverstone,SOFT,2,9
87.226,HAM,2022,11,Monza,MEDIUM,1,11
97.947,BOT,2023,52,Bahrain,HARD,3,23
77.799,ALO,2022,56,Monaco,MEDIUM,3,26
98.601,SAI,2023,30,Bahrain,HARD,2,17
92.794,SAR,2023,39,Silverstone,SOFT,2,10
81.221,BOT,2024,14,Monaco,MEDIUM,2,13
99.59,RUS,2023,2,Bahrain,SOFT,1,5
80.198,DEV,2023,24,Monaco,MEDIUM,1,24
97.325,STR,2024,48,Bahrain,HARD,3,21
77.18,SAI,2023,32,Monaco,HARD,1,32
100.297,SAR,2023,41,Singapore,HARD,2,22
96.862,DEV,2023,6,Saudi Arabia,MEDIUM,1,6
115.141,HAM,2023,54,Monaco,HARD,2,23
100.467,ALO,2023,62,Monaco,INTERMEDIATE,3,7
95.265,RUS,2023,10,Saudi Arabia,MEDIUM,1,10
134.936,LEC,2022,5,Australia,MEDIUM,1,5
77.22,SAI,2023,46,Monaco,MEDIUM,2,13
85.807,LEC,2023,23,Monza,HARD,2,3
96.771,ZHO,2024,43,Bahrain,HARD,3,15
76.798,VER,2023,24,Monaco,MEDIUM,1,24
82.903,SAI,2023,22,Australia,HARD,3,15
87.105,NOR,2023,3,Monza,MEDIUM,1,3
79.933,NOR,2024,12,Monaco,HARD,2,12
86.605,RUS,2023,23,Monza,HARD,2,7
101.039,STR,2023,12,Bahrain,SOFT,1,15
100.474,PIA,2023,9,Singapore,MEDIUM,1,9
94.128,MAG,2022,27,Silverstone,MEDIUM,3,5
92.933,STR,2023,31,Silverstone,MEDIUM,1,32
88.585,SAI,2023,74,Monaco,INTERMEDIATE,3,19
78.303,NOR,2023,37,Monaco,MEDIUM,1,37
102.461,RIC,2022,13,Bahrain,MEDIUM,1,13
92.72,BOT,2023,53,Monaco,INTERMEDIATE,2,2
93.433,RUS,2023,31,Saudi Arabia,HARD,2,13
97.289,STR,2024,13,Bahrain,HARD,2,4
78.413,DEV,2023,40,Monaco,MEDIUM,1,40
87.927,TSU,2022,18,Monza,MEDIUM,1,18
96.285,TSU,2023,9,Saudi Arabia,MEDIUM,1,9
97.924,HAM,2023,54,Singapore,MEDIUM,3,10
86.939,LEC,2023,78,Monaco,INTERMEDIATE,3,23
94.075,ALO,2022,25,Silverstone,MEDIUM,2,24
81.973,HAM,2023,34,Australia,HARD,2,26
99.094,OCO,2024,2,Bahrain,SOFT,1,2
131.507,RIC,2022,2,Monaco,WET,1,2
100.433,NOR,2023,2,Bahrain,SOFT,1,2
87.101,DEV,2022,34,Monza,MEDIUM,2,15
78.354,MAG,2023,20,Monaco,HARD,1,20
94.976,BOT,2023,38,Saudi Arabia,SOFT,4,3
86.181,VER,2022,3,Monza,SOFT,1,3
84.299,PER,2023,16,Australia,HARD,4,9
96.538,HUL,2023,3,Saudi Arabia,MEDIUM,1,3
98.688,MAG,2022,44,Bahrain,MEDIUM,3,10
98.328,STR,2022,55,Bahrain,SOFT,4,10
82.309,NOR,2022,54,Australia,HARD,2,34
98.282,ALO,2023,30,Bahrain,HARD,2,16
90.957,ALO,2022,40,Australia,MEDIUM,2,1
85.217,ZHO,2024,68,Monaco,HARD,2,67
77.266,LEC,2024,56,Monaco,HARD,2,55
101.346,ZHO,2023,25,Singapore,MEDIUM,3,5
78.148,PIA,2023,43,Monaco,HARD,1,43
105.374,MAG,2022,4,Monaco,WET,1,4
84.107,VER,2023,47,Australia,HARD,2,39
99.234,VER,2024,37,Bahrain,HARD,2,20
97.636,HAM,2023,65,Monaco,INTERMEDIATE,3,11
94.488,TSU,2022,45,Silverstone,SOFT,4,7
81.11,ALO,2024,20,Monaco,MEDIUM,2,20
79.07,STR,2024,62,Monaco,SOFT,4,14
92.207,PER,2022,45,Silverstone,SOFT,4,6
93.678,PER,2022,11,Silverstone,MEDIUM,3,7
85.886,VER,2022,9,Monza,SOFT,1,9
96.22,SAI,2024,25,Bahrain,HARD,2,11
95.166,MAG,2022,35,Saudi Arabia,HARD,1,37
78.545,GAS,2024,68,Monaco,MEDIUM,2,67
96.209,SAR,2024,55,Bahrain,SOFT,4,15
97.462,SAR,2023,45,Bahrain,SOFT,4,5
94.168,HUL,2023,44,Saudi Arabia,HARD,2,33
95.393,MAG,2022,24,Saudi Arabia,HARD,1,26
93.19,NOR,2023,7,Silverstone,MEDIUM,1,7
81.121,GAS,2024,32,Monaco,MEDIUM,2,31
89.537,PER,2023,72,Monaco,INTERMEDIATE,6,2
78.983,NOR,2024,21,Monaco,HARD,2,21
98.363,STR,2022,41,Bahrain,MEDIUM,3,3
115.808,PER,2024,37,Bahrain,SOFT,3,1
80.164,HUL,2023,12,Monaco,HARD,2,11
89.616,VET,2022,2,Monza,MEDIUM,1,3
95.135,RIC,2022,28,Saudi Arabia,HARD,2,20
81.75,OCO,2023,39,Australia,HARD,3,38
87.773,LAT,2022,6,Monza,MEDIUM,1,6
2483.804,HAM,2024,1,Monaco,HARD,1,1
93.401,ALO,2023,32,Saudi Arabia,HARD,2,15
86.946,GAS,2022,23,Monza,HARD,2,6
84.184,DEV,2023,42,Australia,MEDIUM,2,34
90.405,ZHO,2023,70,Monaco,INTERMEDIATE,3,18
97.097,MAG,2023,33,Bahrain,SOFT,3,4
87.976,HUL,2023,32,Monza,HARD,2,23
105.34,STR,2023,18,Australia,HARD,2,10
80.775,ALB,2024,37,Monaco,HARD,2,36
93.007,SAI,2023,20,Silverstone,MEDIUM,1,20
98.676,OCO,2022,57,Bahrain,SOFT,4,17
99.142,HAM,2023,30,Singapore,HARD,2,10
90.253,ZHO,2023,51,Monaco,HARD,2,50
79.928,STR,2023,3,Monaco,HARD,1,4
138.348,NOR,2023,20,Saudi Arabia,MEDIUM,3,1
99.655,STR,2022,22,Bahrain,SOFT,2,4
102.558,SAR,2023,60,Monaco,INTERMEDIATE,4,8
95.796,OCO,2022,12,Monaco,WET,1,12
78.706,BOT,2023,41,Monaco,HARD,1,41
82.523,BOT,2023,44,Australia,HARD,3,43
76.909,PIA,2024,64,Monaco,HARD,2,64
87.671,BOT,2022,23,Monza,MEDIUM,1,23
87.704,STR,2022,26,Monza,HARD,2,9
80.372,ZHO,2024,35,Monaco,HARD,2,34
81.651,TSU,2024,8,Monaco,HARD,2,8
85.204,ZHO,2023,4,Australia,HARD,2,3
103.521,NOR,2023,10,Bahrain,SOFT,1,10
100.275,ALO,2023,9,Bahrain,SOFT,1,12
100.154,GAS,2023,33,Singapore,HARD,2,13
82.264,STR,2022,36,Monaco,None,5,13
97.364,OCO,2023,36,Bahrain,HARD,4,4
79.52,BOT,2022,45,Monaco,HARD,3,25
80.298,TSU,2024,61,Monaco,HARD,2,61
95.581,VER,2024,27,Bahrain,HARD,2,10
95.505,TSU,2022,31,Silverstone,HARD,3,14
97.45,NOR,2024,4,Bahrain,SOFT,1,7
78.751,HUL,2023,45,Monaco,HARD,2,44
87.266,DEV,2022,43,Monza,MEDIUM,2,24
96.122,HAM,2023,8,Saudi Arabia,HARD,1,8
84.515,STR,2022,37,Australia,HARD,4,18
100.275,ALO,2023,9,Bahrain,SOFT,1,12
96.197,TSU,2023,22,Saudi Arabia,HARD,2,5
95.288,BOT,2023,43,Saudi Arabia,SOFT,4,8
78.121,HAM,2023,20,Monaco,MEDIUM,1,20
78.149,NOR,2023,42,Monaco,MEDIUM,1,42
96.427,HUL,2022,23,Saudi Arabia,HARD,1,24
97.043,SAR,2023,6,Saudi Arabia,HARD,1,6
85.434,VER,2023,28,Monza,HARD,2,8
107.766,RUS,2022,24,Monza,HARD,2,1
95.276,ALO,2024,57,Bahrain,HARD,3,16
87.607,OCO,2023,10,Monza,MEDIUM,1,10
85.204,OCO,2022,9,Australia,MEDIUM,1,9
79.267,DEV,2023,30,Monaco,MEDIUM,1,30
79.888,SAR,2024,47,Monaco,HARD,2,47
93.248,GAS,2023,20,Silverstone,MEDIUM,1,20
95.76,HUL,2024,43,Bahrain,SOFT,4,3
75.65,HAM,2023,33,Monaco,HARD,2,2
87.885,OCO,2022,18,Monza,SOFT,1,18
98.008,BOT,2024,37,Bahrain,HARD,3,7
90.49,MAG,2022,40,Australia,MEDIUM,2,3
95.334,GAS,2024,51,Bahrain,SOFT,4,8
86.849,ALO,2023,23,Monza,HARD,2,5
89.218,RUS,2023,10,Australia,HARD,3,3
79.233,NOR,2024,33,Monaco,HARD,2,33
99.33,ZHO,2023,14,Bahrain,HARD,2,2
84.953,PIA,2024,3,Monaco,HARD,2,3
79.82,NOR,2024,13,Monaco,HARD,2,13
88.305,LAT,2022,9,Monza,MEDIUM,1,9
84.522,LEC,2022,41,Monza,SOFT,3,8
78.311,LEC,2024,52,Monaco,HARD,2,51
97.931,ALB,2023,30,Bahrain,HARD,3,4
101.109,MAG,2023,25,Singapore,HARD,2,5
99.059,GAS,2024,2,Bahrain,SOFT,1,2
78.405,VER,2024,44,Monaco,MEDIUM,2,43
88.049,ZHO,2023,74,Monaco,INTERMEDIATE,3,22
82.008,HAM,2023,28,Australia,HARD,2,20
89.015,SAR,2023,71,Monaco,INTERMEDIATE,4,19
77.22,SAI,2023,30,Monaco,HARD,1,30
80.2,STR,2024,41,Monaco,MEDIUM,2,41
102.505,ALB,2022,12,Bahrain,SOFT,1,12
92.131,ALO,2023,44,Silverstone,SOFT,2,14
79.824,MAG,2023,11,Monaco,HARD,1,11
78.585,PIA,2024,22,Monaco,HARD,2,22
126.196,STR,2022,27,Monaco,HARD,4,4
84.834,OCO,2023,76,Monaco,INTERMEDIATE,3,22
77.569,RUS,2023,34,Monaco,HARD,1,34
81.852,SAI,2023,39,Australia,HARD,3,32
77.173,ZHO,2024,76,Monaco,SOFT,3,6
82.027,OCO,2023,31,Australia,HARD,3,30
96.348,PER,2022,40,Australia,HARD,2,20
98.059,SAI,2022,20,Bahrain,SOFT,2,6
100.033,PIA,2023,31,Singapore,HARD,2,11
140.85,ALO,2022,31,Monaco,MEDIUM,3,1
81.152,GAS,2023,49,Australia,HARD,2,41
99.306,SAI,2023,64,Monaco,INTERMEDIATE,3,9
87.136,GAS,2023,19,Monza,HARD,2,12
96.537,GAS,2024,39,Bahrain,HARD,3,8
78.432,ALB,2024,73,Monaco,HARD,2,72
98.364,VER,2023,64,Monaco,INTERMEDIATE,2,9
99.965,GAS,2023,36,Singapore,HARD,2,16
109.761,HUL,2023,17,Saudi Arabia,HARD,2,6
98.699,SAR,2023,21,Saudi Arabia,MEDIUM,2,3
101.783,ALB,2023,3,Singapore,MEDIUM,1,3
96.558,OCO,2023,22,Saudi Arabia,HARD,2,6
83.636,BOT,2024,5,Monaco,MEDIUM,2,4
97.801,VER,2023,16,Bahrain,SOFT,2,2
93.433,RUS,2023,31,Saudi Arabia,HARD,2,13
81.926,VER,2023,28,Australia,HARD,2,20
87.928,VET,2022,5,Monza,MEDIUM,1,6
87.296,ZHO,2022,4,Monza,MEDIUM,1,4
136.328,ALO,2022,5,Australia,HARD,1,5
76.701,VER,2023,45,Monaco,MEDIUM,1,45
94.873,PER,2023,5,Saudi Arabia,MEDIUM,1,5
77.586,LEC,2023,24,Monaco,HARD,1,24
94.316,TSU,2023,41,Saudi Arabia,HARD,2,24
81.147,PER,2023,45,Australia,HARD,4,38
97.349,HUL,2024,4,Bahrain,HARD,2,3
91.984,SAR,2023,52,Silverstone,SOFT,2,23
93.328,SAI,2022,17,Silverstone,MEDIUM,2,16
87.775,ZHO,2023,14,Monza,HARD,2,6
126.286,OCO,2023,2,Australia,HARD,2,1
86.595,NOR,2023,37,Monza,HARD,2,19
94.695,STR,2022,19,Silverstone,HARD,3,5
84.884,OCO,2023,15,Australia,HARD,3,14
97.672,SAI,2023,51,Bahrain,HARD,3,20
94.202,ALO,2022,31,Saudi Arabia,HARD,2,15
80.31,ALB,2023,12,Monaco,MEDIUM,1,12
93.374,ALB,2023,25,Silverstone,MEDIUM,1,25
76.417,SAI,2024,73,Monaco,HARD,2,72
77.071,RUS,2024,56,Monaco,MEDIUM,2,55
101.329,RUS,2023,61,Monaco,INTERMEDIATE,2,7
93.313,HAM,2023,18,Silverstone,MEDIUM,1,18
95.354,SAI,2023,3,Saudi Arabia,MEDIUM,1,3
99.336,PER,2023,13,Bahrain,SOFT,1,16
93.174,ALO,2023,38,Saudi Arabia,HARD,2,21
95.573,TSU,2022,7,Silverstone,SOFT,2,6
143.212,ALO,2022,40,Silverstone,SOFT,4,1
87.119,HAM,2023,11,Monza,HARD,1,14
96.657,RUS,2024,46,Bahrain,HARD,3,15
92.827,VER,2022,34,Saudi Arabia,HARD,2,18
94.484,STR,2022,47,Saudi Arabia,HARD,2,35
93.979,MSC,2022,33,Silverstone,HARD,3,14
95.615,LAT,2022,7,Silverstone,SOFT,2,6
86.961,LEC,2023,50,Monza,HARD,2,30
87.194,HAM,2023,12,Monza,HARD,1,15
93.374,MAG,2023,44,Saudi Arabia,HARD,2,36
87.512,SAI,2023,18,Monza,MEDIUM,1,18
78.736,ALO,2024,64,Monaco,MEDIUM,2,64
97.778,MAG,2023,66,Monaco,WET,2,10
85.814,LEC,2023,29,Monza,HARD,2,9
84.103,BOT,2023,17,Australia,HARD,3,16
86.476,SAI,2023,9,Monza,MEDIUM,1,9
123.868,MSC,2022,4,Monaco,WET,1,4
104.57,PER,2022,3,Monaco,WET,1,3
88.82,PIA,2023,70,Monaco,INTERMEDIATE,2,16
81.133,STR,2023,49,Australia,HARD,2,41
98.958,ALO,2022,31,Bahrain,HARD,3,6
97.854,RUS,2023,1,Australia,MEDIUM,1,1
127.15,HUL,2023,19,Saudi Arabia,HARD,2,8
98.651,LAT,2022,49,Bahrain,SOFT,4,7
77.465,ZHO,2023,24,Monaco,HARD,2,23
79.428,GAS,2024,38,Monaco,MEDIUM,2,37
99.668,LEC,2023,26,Bahrain,HARD,2,13
87.44,PIA,2023,17,Monza,MEDIUM,1,17
81.894,BOT,2022,56,Australia,HARD,2,34
85.79,GAS,2022,20,Australia,MEDIUM,1,20
99.58,GAS,2022,15,Saudi Arabia,MEDIUM,1,15
84.771,HAM,2022,15,Australia,MEDIUM,1,15
78.946,HAM,2024,41,Monaco,MEDIUM,2,40
116.315,ALB,2022,26,Monaco,MEDIUM,3,4
85.328,ALB,2022,15,Australia,HARD,1,15
98.419,TSU,2023,39,Bahrain,HARD,3,13
98.886,OCO,2023,18,Bahrain,HARD,3,6
92.325,NOR,2022,52,Silverstone,SOFT,4,12
99.304,ZHO,2022,23,Bahrain,MEDIUM,2,8
139.606,NOR,2022,3,Silverstone,MEDIUM,2,3
96.992,RUS,2024,22,Bahrain,HARD,2,11
99.814,ZHO,2022,32,Bahrain,MEDIUM,2,17
118.46,RUS,2024,12,Bahrain,HARD,2,1
97.754,MAG,2023,36,Bahrain,SOFT,3,7
93.301,MAG,2022,46,Silverstone,MEDIUM,3,24
100.902,SAR,2023,5,Bahrain,SOFT,1,5
84.473,GAS,2024,51,Monaco,MEDIUM,2,50
78.447,MAG,2023,44,Monaco,HARD,1,44
81.654,HAM,2023,33,Australia,HARD,2,25
100.106,STR,2023,9,Bahrain,SOFT,1,12
95.485,OCO,2022,8,Silverstone,SOFT,2,7
85.167,NOR,2022,38,Monza,SOFT,2,5
81.348,HUL,2023,33,Monaco,HARD,2,32
85.959,NOR,2023,72,Monaco,INTERMEDIATE,3,18
96.344,PER,2023,37,Bahrain,HARD,3,3
82.595,VER,2023,17,Australia,HARD,2,9
99.065,BOT,2023,21,Saudi Arabia,MEDIUM,3,4
97.827,BOT,2023,36,Bahrain,HARD,3,7
78.773,SAR,2023,43,Monaco,SOFT,3,20
148.389,PIA,2023,35,Silverstone,HARD,2,6
95.914,HAM,2024,49,Bahrain,HARD,3,16
105.775,GAS,2022,49,Monza,HARD,2,32
84.304,MAG,2022,37,Australia,HARD,1,37
82.845,NOR,2022,24,Monaco,HARD,3,2
110.17,GAS,2023,11,Monza,HARD,2,4
80.557,TSU,2024,21,Monaco,HARD,2,21
101.088,MAG,2024,11,Bahrain,SOFT,1,11
78.994,BOT,2024,57,Monaco,HARD,3,43
82.913,OCO,2023,26,Australia,HARD,3,25
83.905,LEC,2022,14,Australia,MEDIUM,1,14
93.362,PER,2022,9,Silverstone,MEDIUM,3,5
91.091,SAI,2022,30,Monza,MEDIUM,1,30
102.01,ZHO,2023,61,Singapore,MEDIUM,3,41
101.853,MAG,2023,70,Monaco,WET,2,14
105.433,BOT,2022,4,Monaco,WET,1,4
99.234,VER,2024,37,Bahrain,HARD,2,20
95.228,GAS,2024,50,Bahrain,SOFT,4,7
82.458,NOR,2023,26,Australia,HARD,2,18
105.023,ALB,2022,1,Saudi Arabia,MEDIUM,1,1
80.229,GAS,2024,28,Monaco,MEDIUM,2,27
91.124,RUS,2023,41,Silverstone,MEDIUM,2,13
94.722,PER,2022,2,Saudi Arabia,MEDIUM,1,2
108.361,LAT,2022,41,Silverstone,SOFT,4,3
81.27,LEC,2022,52,Australia,HARD,2,30
93.864,HAM,2023,34,Saudi Arabia,MEDIUM,2,16
96.037,SAR,2023,42,Bahrain,SOFT,4,2
93.624,GAS,2023,48,Saudi Arabia,HARD,2,34
87.028,VER,2023,14,Monza,MEDIUM,1,14
91.703,LEC,2022,50,Saudi Arabia,HARD,2,34
78.447,MAG,2023,44,Monaco,HARD,1,44
92.814,BOT,2023,25,Monza,HARD,1,28
86.424,NOR,2023,25,Monza,HARD,2,7
78.519,NOR,2024,41,Monaco,HARD,2,41
97.718,RUS,2023,49,Bahrain,HARD,3,18
107.093,ALB,2022,11,Monaco,WET,1,11
96.135,ALB,2024,48,Bahrain,HARD,3,12
95.949,PIA,2023,29,Saudi Arabia,HARD,2,28
96.995,ZHO,2024,12,Bahrain,HARD,2,3
93.024,HAM,2023,50,Saudi Arabia,MEDIUM,2,32
98.39,LEC,2023,30,Bahrain,HARD,2,17
101.7,SAR,2023,3,Singapore,MEDIUM,1,3
81.145,LEC,2024,6,Monaco,HARD,2,5
83.245,ALB,2022,43,Australia,HARD,1,43
100.23,LEC,2023,1,Bahrain,SOFT,1,1
93.569,LEC,2023,40,Saudi Arabia,HARD,2,24
83.754,VER,2022,10,Australia,MEDIUM,1,10
93.321,TSU,2023,41,Silverstone,SOFT,3,9
97.879,ALB,2024,29,Bahrain,HARD,2,14
96.794,LEC,2024,20,Bahrain,HARD,2,9
94.476,NOR,2024,35,Bahrain,HARD,3,2
84.03,LEC,2022,21,Australia,MEDIUM,1,21
78.868,GAS,2024,64,Monaco,MEDIUM,2,63
98.551,GAS,2023,14,Saudi Arabia,MEDIUM,1,14
78.582,GAS,2023,12,Monaco,HARD,1,12
146.512,RUS,2023,35,Silverstone,MEDIUM,2,7
84.453,DEV,2023,25,Australia,MEDIUM,2,17
98.503,GAS,2024,4,Bahrain,SOFT,1,4
77.914,NOR,2023,32,Monaco,MEDIUM,1,32
80.898,PIA,2024,11,Monaco,HARD,2,11
93.335,HAM,2022,11,Silverstone,MEDIUM,2,10
80.395,SAR,2024,24,Monaco,HARD,2,24
93.756,RUS,2023,35,Saudi Arabia,HARD,2,17
77.27,PIA,2024,70,Monaco,HARD,2,70
106.453,ALB,2023,1,Bahrain,SOFT,1,1
84.526,NOR,2022,30,Australia,HARD,2,10
92.093,PER,2022,45,Saudi Arabia,HARD,2,30
77.3,PIA,2024,57,Monaco,HARD,2,57
97.456,STR,2023,39,Bahrain,HARD,3,9
76.86,HAM,2023,48,Monaco,HARD,2,17
97.299,OCO,2022,54,Bahrain,SOFT,4,14
78.796,ALB,2023,8,Monaco,MEDIUM,1,8
100.885,OCO,2023,26,Singapore,HARD,2,6
77.897,NOR,2024,45,Monaco,HARD,2,45
82.407,HAM,2022,56,Australia,HARD,2,34
82.921,ALO,2023,21,Australia,HARD,2,13
83.56,PIA,2023,14,Australia,HARD,2,6
86.963,OCO,2023,33,Monza,HARD,2,12
99.502,SAI,2023,7,Bahrain,SOFT,1,10
78.519,TSU,2023,32,Monaco,MEDIUM,1,32
147.418,HAM,2023,35,Silverstone,SOFT,2,5
94.812,VET,2022,18,Monaco,INTERMEDIATE,2,12
97.838,PER,2024,8,Bahrain,SOFT,1,11
82.339,NOR,2023,31,Australia,HARD,2,23
96.157,MAG,2022,23,Australia,HARD,1,23
78.594,STR,2023,21,Monaco,HARD,1,22
87.222,RIC,2022,7,Monza,MEDIUM,1,7
98.242,SAI,2022,24,Bahrain,SOFT,2,10
99.761,GAS,2023,24,Bahrain,HARD,2,15
98.39,LEC,2023,30,Bahrain,HARD,2,17
100.328,LEC,2023,5,Singapore,SOFT,1,8
78.927,STR,2023,23,Monaco,HARD,1,24
100.973,ZHO,2023,26,Singapore,MEDIUM,3,6
78.549,HAM,2024,27,Monaco,MEDIUM,2,26
79.28,BOT,2024,58,Monaco,HARD,3,44
102.833,NOR,2022,11,Bahrain,MEDIUM,1,11
84.159,MAG,2023,35,Australia,HARD,3,28
95.666,STR,2022,7,Silverstone,MEDIUM,2,8
99.059,GAS,2024,2,Bahrain,SOFT,1,2
80.738,SAR,2024,34,Monaco,HARD,2,34
82.243,ZHO,2023,40,Australia,HARD,3,39
83.224,TSU,2024,6,Monaco,HARD,2,6
79.438,RUS,2024,18,Monaco,MEDIUM,2,17
98.384,HAM,2023,23,Bahrain,HARD,2,11
95.209,HAM,2024,51,Monaco,MEDIUM,2,50
94.321,LEC,2023,29,Saudi Arabia,HARD,2,13
84.856,ZHO,2023,6,Australia,HARD,2,5
98.625,RUS,2023,27,Bahrain,HARD,2,14
99.325,TSU,2023,21,Bahrain,HARD,2,11
113.374,HUL,2022,44,Bahrain,MEDIUM,3,7
130.567,VER,2023,55,Monaco,MEDIUM,1,55
95.247,STR,2022,17,Monaco,INTERMEDIATE,3,15
93.092,ALO,2023,22,Silverstone,MEDIUM,1,23
95.103,BOT,2022,19,Silverstone,MEDIUM,2,18
78.165,HAM,2023,32,Monaco,HARD,2,1
86.025,LEC,2023,4,Monza,MEDIUM,1,4
92.759,PER,2022,38,Silverstone,MEDIUM,3,34
95.3,RUS,2023,3,Saudi Arabia,MEDIUM,1,3
99.197,PER,2023,12,Bahrain,SOFT,1,15
92.968,MAG,2022,47,Saudi Arabia,MEDIUM,2,12
99.629,LEC,2022,14,Bahrain,SOFT,1,14
75.376,RUS,2024,74,Monaco,MEDIUM,2,73
99.642,MAG,2022,4,Bahrain,SOFT,1,4
96.475,DEV,2023,65,Monaco,INTERMEDIATE,2,12
101.628,ALB,2022,26,Bahrain,MEDIUM,2,13
83.302,GAS,2022,57,Australia,HARD,2,36
95.694,NOR,2023,31,Saudi Arabia,MEDIUM,3,12
76.931,ALO,2023,48,Monaco,HARD,1,49
86.807,SAI,2022,20,Monza,MEDIUM,1,20
78.928,ALO,2024,46,Monaco,MEDIUM,2,46
77.952,ALO,2023,6,Monaco,HARD,1,7
92.384,VER,2023,36,Saudi Arabia,HARD,2,18
95.512,STR,2023,11,Saudi Arabia,MEDIUM,1,11
77.579,DEV,2023,47,Monaco,MEDIUM,1,47
97.689,GAS,2024,14,Bahrain,HARD,2,2
119.588,TSU,2024,15,Bahrain,HARD,2,1
109.33,MAG,2023,1,Bahrain,HARD,1,1
80.187,VET,2022,40,Monaco,HARD,4,18
80.87,RIC,2024,40,Monaco,HARD,2,40
99.144,STR,2023,5,Bahrain,SOFT,1,8
2494.817,ALB,2024,1,Monaco,MEDIUM,1,1
99.349,RIC,2022,20,Bahrain,SOFT,2,3
79.265,PIA,2023,13,Monaco,HARD,1,13
78.63,MAG,2023,42,Monaco,HARD,1,42
81.319,VER,2023,38,Australia,HARD,2,30
101.376,BOT,2023,11,Singapore,HARD,1,11
102.285,SAR,2023,56,Monaco,INTERMEDIATE,4,4
81.909,PER,2022,52,Australia,HARD,2,32
78.712,TSU,2023,7,Monaco,MEDIUM,1,7
87.099,TSU,2022,16,Australia,MEDIUM,1,16
98.769,STR,2024,7,Bahrain,SOFT,1,7
85.278,NOR,2023,75,Monaco,INTERMEDIATE,3,21
96.038,PER,2024,19,Bahrain,HARD,2,7
92.731,LEC,2023,24,Silverstone,HARD,2,6
97.59,TSU,2023,52,Bahrain,SOFT,4,15
87.67,PIA,2023,71,Monaco,INTERMEDIATE,2,17
99.757,OCO,2023,30,Bahrain,HARD,3,18
77.084,VER,2023,10,Monaco,MEDIUM,1,10
2478.944,VER,2024,1,Monaco,HARD,1,1
93.962,OCO,2022,34,Silverstone,HARD,3,12
80.224,MAG,2023,5,Monaco,HARD,1,5
101.288,BOT,2023,27,Singapore,HARD,1,27
92.605,SAI,2022,15,Monaco,WET,1,15
94.334,LEC,2023,30,Saudi Arabia,HARD,2,14
78.725,LEC,2024,24,Monaco,HARD,2,23
80.009,DEV,2023,29,Monaco,MEDIUM,1,29
144.508,VER,2022,50,Bahrain,SOFT,4,10
94.797,TSU,2022,35,Silverstone,HARD,3,18
100.893,LAW,2023,8,Singapore,MEDIUM,1,8
99.297,RUS,2022,28,Bahrain,HARD,2,14
98.832,PIA,2023,50,Singapore,HARD,2,30
96.89,VER,2023,53,Bahrain,HARD,3,17
79.419,DEV,2023,13,Monaco,MEDIUM,1,13
98.229,ALB,2023,26,Saudi Arabia,HARD,2,9
78.428,BOT,2022,62,Monaco,HARD,3,42
87.094,LAT,2022,8,Australia,MEDIUM,1,8
96.72,NOR,2022,23,Australia,HARD,2,3
96.626,HUL,2024,24,Bahrain,HARD,3,4
87.655,NOR,2022,3,Monza,MEDIUM,1,3
75.324,HAM,2024,74,Monaco,HARD,3,24
78.832,LEC,2022,61,Monaco,HARD,4,40
81.869,OCO,2023,38,Australia,HARD,3,37
119.863,ZHO,2023,2,Australia,HARD,2,1
103.708,ZHO,2023,52,Singapore,MEDIUM,3,32
80.979,PER,2023,42,Australia,HARD,4,35
83.129,VER,2022,21,Australia,HARD,2,3
86.161,RUS,2023,33,Monza,HARD,2,17
83.271,STR,2023,14,Australia,HARD,2,6
95.268,ZHO,2023,31,Saudi Arabia,MEDIUM,3,13
98.197,VER,2023,62,Singapore,MEDIUM,2,22
83.01,HUL,2023,15,Australia,HARD,2,7
94.916,ALO,2024,51,Bahrain,HARD,3,10
110.966,ZHO,2022,12,Monza,MEDIUM,1,12
121.624,LEC,2023,20,Singapore,SOFT,1,23
99.495,HUL,2023,20,Bahrain,HARD,2,9
98.887,LEC,2022,29,Bahrain,SOFT,2,17
95.329,MAG,2023,46,Saudi Arabia,HARD,2,38
79.053,PIA,2023,17,Monaco,HARD,1,17
85.176,RIC,2022,17,Australia,MEDIUM,1,17
101.033,BOT,2023,5,Bahrain,SOFT,1,5
135.616,GAS,2022,5,Australia,MEDIUM,1,5
101.571,VER,2023,1,Australia,MEDIUM,1,1
81.701,PER,2023,38,Australia,HARD,4,31
86.586,NOR,2023,32,Monza,HARD,2,14
84.294,PER,2022,10,Australia,MEDIUM,1,10
81.242,GAS,2023,48,Australia,HARD,2,40
110.643,BOT,2023,53,Australia,HARD,3,52
87.394,LAT,2022,24,Monza,HARD,2,9
99.876,LAT,2022,57,Bahrain,SOFT,4,15
97.112,PER,2023,64,Monaco,WET,5,7
88.196,OCO,2022,17,Monza,SOFT,1,17
95.165,SAI,2022,6,Saudi Arabia,MEDIUM,1,6
81.108,RIC,2024,18,Monaco,HARD,2,18
139.643,HUL,2023,54,Monaco,HARD,2,53
94.929,TSU,2023,31,Saudi Arabia,HARD,2,14
80.398,ZHO,2023,15,Monaco,HARD,2,14
98.221,HAM,2024,8,Bahrain,SOFT,1,11
77.3,RUS,2023,30,Monaco,HARD,1,30
92.306,ALO,2022,43,Silverstone,SOFT,4,4
131.454,SAR,2023,1,Australia,HARD,1,1
98.501,ALB,2023,61,Singapore,MEDIUM,3,18
80.042,ALB,2024,18,Monaco,HARD,2,17
97.617,HUL,2023,30,Bahrain,HARD,3,4
81.474,SAR,2024,56,Monaco,HARD,2,56
96.148,BOT,2023,34,Saudi Arabia,MEDIUM,3,17
78.2,TSU,2023,29,Monaco,MEDIUM,1,29
94.834,HUL,2024,46,Bahrain,SOFT,4,6
98.608,PER,2023,15,Bahrain,SOFT,1,18
81.664,ZHO,2023,50,Monaco,HARD,2,49
95.834,MAG,2023,10,Saudi Arabia,HARD,2,2
97.419,PIA,2023,65,Monaco,INTERMEDIATE,2,11
97.004,ALB,2023,6,Saudi Arabia,MEDIUM,1,6
81.495,RUS,2022,53,Australia,HARD,2,30
80.294,TSU,2024,46,Monaco,HARD,2,46
98.987,NOR,2022,56,Bahrain,SOFT,4,14
87.452,LAT,2022,45,Monza,HARD,2,30
91.511,RUS,2022,20,Monaco,WET,1,20
99.888,LEC,2023,42,Singapore,HARD,2,22
98.488,ZHO,2024,6,Bahrain,SOFT,1,6
96.107,PIA,2024,54,Bahrain,HARD,3,20
78.72,NOR,2024,27,Monaco,HARD,2,27
95.847,OCO,2023,7,Saudi Arabia,MEDIUM,1,7
99.626,SAI,2023,9,Singapore,MEDIUM,1,9
95.4,RUS,2023,11,Saudi Arabia,MEDIUM,1,11
79.285,PIA,2023,14,Monaco,HARD,1,14
92.982,RUS,2023,46,Saudi Arabia,HARD,2,28
78.64,NOR,2024,25,Monaco,HARD,2,25
97.571,RUS,2023,46,Bahrain,HARD,3,15
93.314,HAM,2023,42,Saudi Arabia,MEDIUM,2,24
99.035,HUL,2022,2,Saudi Arabia,HARD,1,3
76.91,RUS,2024,57,Monaco,MEDIUM,2,56
86.154,PER,2022,14,Monza,HARD,2,7
100.039,RUS,2023,9,Singapore,MEDIUM,1,9
97.002,ALO,2023,38,Bahrain,HARD,3,4
104.564,ZHO,2023,1,Saudi Arabia,MEDIUM,1,1
98.439,LEC,2023,50,Singapore,HARD,2,30
100.647,RIC,2022,30,Bahrain,SOFT,2,13
78.213,GAS,2023,22,Monaco,HARD,1,22
95.375,SAI,2022,12,Monaco,WET,1,12
133.381,OCO,2022,6,Australia,MEDIUM,1,6
101.229,ZHO,2022,2,Bahrain,SOFT,1,2
96.653,PIA,2023,67,Monaco,INTERMEDIATE,2,13
84.134,DEV,2023,34,Australia,MEDIUM,2,26
95.357,LAT,2022,17,Silverstone,SOFT,2,16
82.751,ALO,2022,35,Monaco,MEDIUM,3,5
79.891,ZHO,2022,45,Monaco,MEDIUM,3,16
93.074,SAR,2023,14,Monza,MEDIUM,1,17
82.72,HAM,2023,22,Australia,HARD,2,14
86.185,PIA,2023,74,Monaco,INTERMEDIATE,2,20
87.676,ALB,2023,13,Monza,MEDIUM,1,16
100.478,HAM,2022,7,Monaco,WET,1,7
97.844,HAM,2023,48,Bahrain,HARD,3,18
85.414,NOR,2022,18,Australia,MEDIUM,1,18
149.289,TSU,2023,18,Saudi Arabia,HARD,2,1
93.665,LEC,2022,13,Monaco,WET,1,13
78.203,VER,2024,46,Monaco,MEDIUM,2,45
82.071,GAS,2024,9,Monaco,MEDIUM,2,8
100.334,LAW,2023,33,Singapore,HARD,2,13
82.592,MAG,2023,33,Australia,HARD,3,26
144.76,ALO,2023,44,Singapore,HARD,2,24
80.536,STR,2024,33,Monaco,MEDIUM,2,33
100.31,RUS,2023,8,Bahrain,SOFT,1,11
81.761,PER,2022,45,Australia,HARD,2,25
97.894,ZHO,2024,24,Bahrain,HARD,2,15
88.276,MAG,2023,5,Monza,HARD,1,9
78.723,SAI,2023,5,Monaco,HARD,1,5
86.292,GAS,2023,46,Monza,MEDIUM,3,15
78.791,PIA,2024,28,Monaco,HARD,2,28
81.315,HAM,2023,39,Australia,HARD,2,31
79.933,NOR,2024,12,Monaco,HARD,2,12
96.565,NOR,2024,16,Bahrain,HARD,2,3
94.622,ZHO,2023,44,Saudi Arabia,MEDIUM,3,26
102.227,TSU,2023,26,Bahrain,HARD,2,16
117.77,NOR,2024,14,Bahrain,HARD,2,1
86.061,BOT,2022,19,Australia,MEDIUM,1,19
96.654,ZHO,2024,48,Bahrain,HARD,3,20
97.662,RIC,2024,56,Bahrain,SOFT,3,21
96.633,HAM,2024,22,Bahrain,HARD,2,10
97.558,LAT,2022,10,Saudi Arabia,MEDIUM,1,10
98.399,HAM,2022,22,Australia,MEDIUM,1,22
80.372,GAS,2024,25,Monaco,MEDIUM,2,24
128.178,RUS,2023,33,Silverstone,MEDIUM,2,5
98.723,STR,2023,28,Bahrain,HARD,2,13
94.912,SAI,2022,47,Monza,SOFT,2,17
95.846,BOT,2023,30,Saudi Arabia,MEDIUM,3,13
96.296,VER,2024,2,Bahrain,SOFT,1,5
101.002,HUL,2023,6,Bahrain,SOFT,1,9
94.16,PER,2023,12,Saudi Arabia,MEDIUM,1,12
2516.858,SAR,2024,1,Monaco,HARD,1,1
95.637,STR,2022,16,Monaco,INTERMEDIATE,3,14
96.592,DEV,2023,10,Saudi Arabia,MEDIUM,1,10
98.116,RUS,2024,5,Bahrain,SOFT,1,8
85.257,VER,2022,46,Monza,MEDIUM,2,21
81.524,ZHO,2023,18,Monaco,HARD,2,17
77.75,TSU,2023,35,Monaco,MEDIUM,1,35
77.831,HAM,2024,48,Monaco,MEDIUM,2,47
84.16,SAR,2023,31,Australia,MEDIUM,4,23
99.631,PER,2023,62,Monaco,WET,5,5
95.1,SAI,2024,38,Bahrain,HARD,3,3
76.993,VER,2023,12,Monaco,MEDIUM,1,12
98.992,SAI,2023,18,Singapore,MEDIUM,1,18
87.017,NOR,2022,33,Monza,MEDIUM,1,33
97.498,TSU,2024,33,Bahrain,HARD,2,19
99.964,MSC,2022,22,Bahrain,MEDIUM,2,10
98.255,HAM,2023,57,Bahrain,HARD,3,27
77.862,NOR,2023,45,Monaco,MEDIUM,1,45
100.546,PIA,2023,54,Singapore,HARD,2,34
100.711,SAR,2023,11,Singapore,MEDIUM,1,11
99.382,OCO,2023,24,Bahrain,HARD,3,12
98.793,PIA,2023,52,Singapore,HARD,2,32
87.121,SAR,2023,30,Monza,HARD,2,19
99.756,HAM,2023,6,Bahrain,SOFT,1,9
91.505,PER,2023,47,Silverstone,SOFT,2,19
96.004,HUL,2023,15,Saudi Arabia,HARD,2,4
143.704,PIA,2023,20,Saudi Arabia,HARD,2,19
98.458,HUL,2023,54,Bahrain,SOFT,4,17
80.941,ALB,2024,31,Monaco,HARD,2,30
81.037,ALO,2024,22,Monaco,MEDIUM,2,22
95.973,HAM,2023,6,Saudi Arabia,HARD,1,6
103.608,ALO,2023,1,Bahrain,SOFT,1,4
93.942,LEC,2023,49,Saudi Arabia,HARD,2,33
80.184,TSU,2024,28,Monaco,HARD,2,28
97.304,STR,2023,43,Bahrain,HARD,3,13
101.035,RUS,2023,31,Bahrain,HARD,2,18
95.984,PIA,2024,50,Bahrain,HARD,3,16
100.786,TSU,2022,18,Australia,MEDIUM,1,18
81.317,STR,2023,45,Australia,HARD,2,37
84.059,SAR,2023,22,Australia,MEDIUM,4,14
93.205,ALO,2023,67,Monaco,INTERMEDIATE,3,12
77.701,PIA,2023,36,Monaco,HARD,1,36
87.208,LAT,2022,21,Monza,HARD,2,6
99.397,BOT,2023,3,Bahrain,SOFT,1,3
92.808,NOR,2023,31,Silverstone,MEDIUM,1,31
98.281,STR,2022,44,Bahrain,MEDIUM,3,6
89.667,HAM,2023,71,Monaco,INTERMEDIATE,3,17
96.627,NOR,2023,4,Saudi Arabia,HARD,2,2
98.126,SAI,2023,56,Bahrain,HARD,3,25
83.25,ZHO,2023,29,Australia,HARD,3,28
79.177,SAI,2024,18,Monaco,HARD,2,17
95.759,DEV,2023,29,Saudi Arabia,HARD,2,12
83.951,STR,2022,42,Australia,HARD,4,23
101.224,MAG,2022,3,Bahrain,SOFT,1,3
96.275,LEC,2023,5,Saudi Arabia,SOFT,1,5
93.299,DEV,2023,27,Silverstone,SOFT,1,27
119.45,BOT,2023,12,Bahrain,HARD,2,1
97.639,ZHO,2022,4,Saudi Arabia,MEDIUM,1,4
91.967,BOT,2023,71,Monaco,INTERMEDIATE,2,20
96.799,ALO,2024,37,Bahrain,HARD,2,22
105.668,RIC,2024,1,Bahrain,SOFT,1,4
101.419,ZHO,2023,57,Singapore,MEDIUM,3,37
131.362,HAM,2023,3,Australia,MEDIUM,1,3
98.832,GAS,2024,30,Bahrain,HARD,2,18
84.397,BOT,2023,12,Australia,HARD,3,11
114.222,OCO,2022,32,Monaco,MEDIUM,3,2
77.577,GAS,2023,24,Monaco,HARD,1,24
127.252,MSC,2022,45,Bahrain,SOFT,3,12
93.523,LEC,2023,14,Silverstone,MEDIUM,1,14
92.831,NOR,2022,46,Silverstone,SOFT,4,6
93.623,SAI,2023,15,Silverstone,MEDIUM,1,15
77.838,NOR,2024,54,Monaco,HARD,2,54
95.183,PER,2024,52,Bahrain,SOFT,3,16
77.27,PIA,2024,70,Monaco,HARD,2,70
82.543,STR,2023,24,Australia,HARD,2,16
78.91,RUS,2024,33,Monaco,MEDIUM,2,32
93.742,RUS,2022,33,Saudi Arabia,HARD,2,17
77.279,ALB,2024,76,Monaco,HARD,2,75
101.47,SAR,2024,14,Bahrain,HARD,2,4
88.096,DEV,2022,15,Monza,SOFT,1,15
96.236,VER,2023,44,Bahrain,HARD,3,8
75.625,GAS,2024,77,Monaco,MEDIUM,2,76
95.276,ALO,2024,57,Bahrain,HARD,3,16
82.104,STR,2023,27,Australia,HARD,2,19
108.014,RUS,2022,21,Monaco,WET,1,21
84.996,PIA,2023,5,Australia,MEDIUM,1,5
77.9,RUS,2023,26,Monaco,HARD,1,26
78.198,PIA,2024,43,Monaco,HARD,2,43
78.418,STR,2023,49,Monaco,HARD,1,50
95.771,NOR,2023,7,Saudi Arabia,HARD,2,5
80.986,VER,2023,41,Australia,HARD,2,33
92.841,ALO,2023,68,Monaco,INTERMEDIATE,3,13
79.167,BOT,2023,7,Monaco,HARD,1,7
117.797,MAG,2023,40,Bahrain,SOFT,3,11
77.81,GAS,2023,21,Monaco,HARD,1,21
96.757,SAR,2023,10,Saudi Arabia,HARD,1,10
102.056,DEV,2023,60,Monaco,INTERMEDIATE,2,7
97.07,RIC,2024,15,Bahrain,HARD,2,2
81.687,ALO,2023,36,Australia,HARD,2,28
101.184,ZHO,2023,8,Bahrain,SOFT,1,8
81.131,STR,2023,52,Australia,HARD,2,44
83.618,ALO,2022,42,Australia,MEDIUM,2,3
97.682,VER,2023,26,Bahrain,SOFT,2,12
95.478,NOR,2023,32,Saudi Arabia,MEDIUM,3,13
96.549,GAS,2023,9,Saudi Arabia,MEDIUM,1,9
98.036,GAS,2024,20,Bahrain,HARD,2,8
83.54,NOR,2023,13,Australia,HARD,2,5
80.751,GAS,2024,34,Monaco,MEDIUM,2,33
136.529,NOR,2022,6,Australia,MEDIUM,1,6
86.553,BOT,2023,75,Monaco,INTERMEDIATE,2,24
96.696,RUS,2023,65,Monaco,INTERMEDIATE,2,11
83.083,PIA,2023,30,Australia,HARD,2,22
78.0,TSU,2023,44,Monaco,MEDIUM,1,44
102.236,GAS,2022,11,Silverstone,SOFT,2,10
95.574,NOR,2023,27,Saudi Arabia,MEDIUM,3,8
101.574,ZHO,2022,5,Bahrain,SOFT,1,5
97.594,VET,2022,4,Silverstone,SOFT,2,3
97.675,TSU,2023,53,Bahrain,SOFT,4,16
117.854,VER,2024,18,Bahrain,HARD,2,1
82.765,RUS,2022,32,Australia,HARD,2,9
87.294,HUL,2023,18,Monza,HARD,2,9
97.076,HUL,2023,44,Bahrain,SOFT,4,7
91.998,STR,2023,46,Silverstone,SOFT,2,18
80.826,SAI,2023,51,Australia,HARD,3,44
98.291,HUL,2023,62,Monaco,WET,4,3
148.144,ALO,2022,25,Australia,HARD,1,25
79.861,VET,2022,41,Monaco,HARD,4,19
109.052,SAR,2023,18,Australia,MEDIUM,4,10
97.163,PIA,2024,32,Bahrain,HARD,2,20
81.352,NOR,2023,52,Australia,HARD,2,44
83.17,HAM,2023,5,Australia,MEDIUM,1,5
99.962,LAW,2023,56,Singapore,HARD,2,36
81.844,DEV,2023,47,Australia,SOFT,3,2
96.211,RIC,2022,24,Saudi Arabia,HARD,2,16
78.121,HAM,2023,20,Monaco,MEDIUM,1,20
80.443,ALB,2023,16,Monaco,MEDIUM,1,16
98.333,VER,2023,48,Singapore,MEDIUM,2,8
142.255,RIC,2022,40,Silverstone,SOFT,5,2
92.07,NOR,2022,50,Silverstone,SOFT,4,10
78.528,LEC,2024,38,Monaco,HARD,2,37
97.254,HUL,2024,28,Bahrain,HARD,3,8
128.4,PER,2022,46,Bahrain,SOFT,4,6
77.221,GAS,2023,40,Monaco,HARD,1,40
79.293,ALB,2023,9,Monaco,MEDIUM,1,9
97.674,BOT,2023,7,Saudi Arabia,MEDIUM,1,7
95.279,MAG,2023,24,Saudi Arabia,HARD,2,16
79.608,TSU,2022,55,Monaco,MEDIUM,4,26
110.632,ZHO,2023,45,Singapore,MEDIUM,3,25
101.089,PIA,2023,61,Monaco,INTERMEDIATE,2,7
99.187,BOT,2024,11,Bahrain,SOFT,1,11
99.992,PER,2022,13,Bahrain,SOFT,1,16
98.162,LEC,2023,22,Bahrain,HARD,2,9
78.809,ZHO,2023,47,Monaco,HARD,2,46
104.824,VER,2023,42,Bahrain,HARD,3,6
96.126,SAR,2023,13,Saudi Arabia,HARD,1,13
81.348,HUL,2023,33,Monaco,HARD,2,32
91.976,PER,2022,51,Silverstone,SOFT,4,12
87.245,ALO,2023,49,Monza,HARD,2,31
103.79,HUL,2023,56,Monaco,INTERMEDIATE,3,2
101.803,STR,2022,14,Bahrain,SOFT,1,14
78.658,PIA,2024,23,Monaco,HARD,2,23
92.292,PER,2023,36,Saudi Arabia,HARD,2,18
84.405,BOT,2022,37,Australia,HARD,2,15
112.964,MAG,2023,9,Saudi Arabia,HARD,2,1
119.64,LAT,2022,23,Australia,HARD,2,11
83.307,NOR,2023,14,Australia,HARD,2,6
101.501,ZHO,2023,61,Monaco,INTERMEDIATE,3,9
84.978,BOT,2022,16,Australia,MEDIUM,1,16
86.913,ALB,2023,43,Monza,HARD,2,31
116.166,LEC,2024,35,Bahrain,HARD,3,1
97.776,ALO,2024,4,Bahrain,SOFT,1,7
97.031,LEC,2024,31,Bahrain,HARD,2,20
82.101,PIA,2023,42,Australia,HARD,2,34
96.311,ALB,2023,10,Saudi Arabia,MEDIUM,1,10
87.074,LAT,2022,33,Monza,HARD,2,18
100.778,ZHO,2023,31,Singapore,MEDIUM,3,11
85.347,SAI,2022,36,Monza,SOFT,2,6
95.093,RUS,2024,41,Bahrain,HARD,3,10
76.651,SAI,2023,41,Monaco,MEDIUM,2,8
95.929,NOR,2023,5,Saudi Arabia,HARD,2,3
86.756,DEV,2022,27,Monza,MEDIUM,2,8
93.007,SAI,2022,33,Saudi Arabia,HARD,2,17
116.64,STR,2024,28,Bahrain,HARD,3,1
93.16,PER,2022,50,Saudi Arabia,HARD,2,35
78.795,ZHO,2024,58,Monaco,HARD,2,57
78.784,PIA,2024,25,Monaco,HARD,2,25
97.552,VER,2023,23,Bahrain,SOFT,2,9
79.28,NOR,2024,19,Monaco,HARD,2,19
83.387,MAG,2023,22,Australia,HARD,3,15
80.579,SAI,2024,16,Monaco,HARD,2,15
97.919,ALB,2023,32,Bahrain,HARD,3,6
92.907,PER,2023,25,Silverstone,MEDIUM,1,25
81.804,NOR,2024,6,Monaco,HARD,2,6
94.487,OCO,2022,14,Monaco,WET,1,14
78.321,RIC,2022,61,Monaco,HARD,3,42
89.935,MAG,2022,2,Monza,MEDIUM,1,2
81.552,SAI,2023,38,Australia,HARD,3,31
100.678,PIA,2023,11,Singapore,MEDIUM,1,11
81.936,ZHO,2023,46,Australia,HARD,3,45
96.233,PER,2024,27,Bahrain,HARD,2,15
86.712,OCO,2023,74,Monaco,INTERMEDIATE,3,20
94.94,RUS,2023,14,Saudi Arabia,MEDIUM,1,14
94.717,ALO,2023,15,Saudi Arabia,MEDIUM,1,15
79.089,HAM,2024,23,Monaco,MEDIUM,2,22
97.438,LEC,2024,18,Bahrain,HARD,2,7
94.832,VER,2022,9,Saudi Arabia,MEDIUM,1,9
87.95,BOT,2023,3,Monza,HARD,1,6
100.333,ALB,2024,36,Bahrain,HARD,2,21
78.771,NOR,2023,28,Monaco,MEDIUM,1,28
125.562,HUL,2022,39,Saudi Arabia,MEDIUM,2,3
80.017,SAI,2024,13,Monaco,HARD,2,12
102.409,SAR,2023,30,Bahrain,SOFT,2,18
98.988,SAR,2023,16,Bahrain,SOFT,2,4
78.014,ALB,2024,74,Monaco,HARD,2,73
97.049,PER,2023,51,Bahrain,HARD,3,17
80.407,MAG,2023,4,Monaco,HARD,1,4
110.882,BOT,2022,12,Monza,MEDIUM,1,12
91.231,RUS,2023,43,Silverstone,MEDIUM,2,15
85.926,SAI,2023,33,Monza,HARD,2,14
97.111,HAM,2023,43,Bahrain,HARD,3,13
95.477,RUS,2023,6,Saudi Arabia,MEDIUM,1,6
127.357,PER,2023,18,Saudi Arabia,MEDIUM,1,18
94.859,PIA,2023,37,Saudi Arabia,HARD,2,36
99.291,HAM,2023,43,Singapore,HARD,2,23
98.495,MAG,2023,54,Singapore,SOFT,3,14
80.653,ZHO,2023,14,Monaco,HARD,2,13
94.159,RIC,2022,49,Silverstone,SOFT,5,11
78.537,SAI,2024,25,Monaco,HARD,2,24
84.311,ZHO,2022,46,Australia,HARD,2,25
79.577,GAS,2023,4,Monaco,HARD,1,4
78.587,HAM,2024,28,Monaco,MEDIUM,2,27
78.018,LEC,2023,13,Monaco,HARD,1,13
96.687,NOR,2023,43,Bahrain,HARD,5,6
86.888,NOR,2023,77,Monaco,INTERMEDIATE,3,23
81.131,SAR,2024,38,Monaco,HARD,2,38
93.681,ALO,2022,28,Silverstone,MEDIUM,2,27
100.432,GAS,2024,31,Bahrain,HARD,2,19
81.265,ALO,2024,39,Monaco,MEDIUM,2,39
94.394,OCO,2023,33,Saudi Arabia,HARD,2,17
97.108,PER,2023,61,Singapore,MEDIUM,2,22
93.02,PER,2022,23,Silverstone,MEDIUM,3,19
87.451,PER,2023,14,Monza,MEDIUM,1,14
99.198,HAM,2023,4,Bahrain,SOFT,1,7
83.811,ALO,2022,47,Australia,MEDIUM,2,8
79.886,VER,2024,20,Monaco,MEDIUM,2,19
78.368,TSU,2023,17,Monaco,MEDIUM,1,17
80.079,RIC,2024,53,Monaco,HARD,2,53
98.197,STR,2022,9,Monaco,INTERMEDIATE,3,7
86.19,PER,2022,30,Monza,HARD,2,23
77.588,ZHO,2023,22,Monaco,HARD,2,21
86.675,STR,2023,27,Monza,HARD,2,11
80.207,VER,2024,35,Monaco,MEDIUM,2,34
79.4,GAS,2022,46,Monaco,HARD,4,24
95.655,OCO,2023,1,Monza,MEDIUM,1,1
87.992,BOT,2022,14,Monza,MEDIUM,1,14
84.527,DEV,2023,29,Australia,MEDIUM,2,21
82.348,ZHO,2023,43,Australia,HARD,3,42
100.896,ALO,2023,26,Singapore,HARD,2,6
92.163,BOT,2023,50,Silverstone,SOFT,2,18
82.261,ALO,2023,17,Australia,HARD,2,9
98.102,TSU,2023,56,Bahrain,SOFT,4,19
83.126,OCO,2022,48,Australia,HARD,2,31
103.481,HUL,2022,37,Bahrain,SOFT,2,18
93.027,VER,2023,6,Silverstone,MEDIUM,1,6
103.778,DEV,2023,58,Monaco,INTERMEDIATE,2,5
97.824,TSU,2023,28,Bahrain,HARD,3,2
94.801,NOR,2022,12,Silverstone,MEDIUM,2,12
93.086,HAM,2023,4,Silverstone,MEDIUM,1,4
123.87,SAI,2022,50,Monza,SOFT,3,3
98.87,NOR,2023,15,Bahrain,HARD,2,5
94.415,SAI,2023,26,Saudi Arabia,HARD,2,11
96.931,ZHO,2024,36,Bahrain,HARD,3,8
77.079,TSU,2024,72,Monaco,HARD,2,72
95.561,VER,2023,9,Saudi Arabia,MEDIUM,1,9
99.253,ALB,2023,16,Bahrain,SOFT,2,5
76.712,VER,2023,18,Monaco,MEDIUM,1,18
84.891,NOR,2022,44,Monza,SOFT,2,11
80.59,HAM,2024,22,Monaco,MEDIUM,2,21
81.232,PER,2023,44,Australia,HARD,4,37
99.325,ALO,2024,10,Bahrain,SOFT,1,13
94.443,VER,2023,16,Saudi Arabia,MEDIUM,1,16
117.746,LEC,2022,29,Monaco,HARD,3,8
92.499,PIA,2023,3,Silverstone,MEDIUM,1,3
146.081,ALO,2023,45,Singapore,SOFT,3,3
99.616,PIA,2023,61,Singapore,HARD,2,41
84.686,HAM,2022,11,Australia,MEDIUM,1,11
98.957,HAM,2023,64,Monaco,INTERMEDIATE,3,10
98.073,LEC,2023,35,Bahrain,HARD,3,2
96.368,GAS,2023,48,Bahrain,SOFT,4,8
95.561,VER,2023,9,Saudi Arabia,MEDIUM,1,9
82.535,STR,2024,31,Monaco,MEDIUM,2,31
97.456,STR,2023,39,Bahrain,HARD,3,9
96.732,SAR,2024,38,Bahrain,HARD,3,10
80.384,HAM,2024,16,Monaco,MEDIUM,2,15
81.924,PER,2022,49,Australia,HARD,2,29
103.523,LAW,2023,23,Singapore,HARD,2,3
98.837,BOT,2024,3,Bahrain,SOFT,1,3
96.907,LEC,2024,28,Bahrain,HARD,2,17
81.108,RIC,2024,18,Monaco,HARD,2,18
94.249,VER,2024,45,Bahrain,SOFT,3,8
98.04,SAI,2023,51,Singapore,HARD,2,31
98.934,ALB,2024,12,Bahrain,SOFT,1,12
93.605,ALO,2023,31,Saudi Arabia,HARD,2,14
87.683,ZHO,2023,31,Monza,HARD,2,23
96.332,STR,2024,34,Bahrain,HARD,3,7
100.408,OCO,2023,2,Bahrain,SOFT,1,5
98.718,PER,2023,6,Bahrain,SOFT,1,9
96.554,TSU,2024,48,Bahrain,HARD,3,14
81.559,LEC,2022,53,Australia,HARD,2,31
85.976,SAI,2023,3,Monza,MEDIUM,1,3
97.448,PER,2023,20,Bahrain,SOFT,2,5
128.331,SAI,2022,46,Bahrain,SOFT,4,5
143.866,LEC,2023,19,Saudi Arabia,HARD,2,3
86.931,ALO,2023,76,Monaco,INTERMEDIATE,3,21
81.628,ALB,2024,36,Monaco,HARD,2,35
77.323,RUS,2023,41,Monaco,HARD,1,41
95.625,PIA,2023,45,Saudi Arabia,HARD,2,44
139.381,SAI,2023,55,Monaco,MEDIUM,2,22
97.686,GAS,2022,7,Monaco,INTERMEDIATE,2,6
97.257,PER,2023,1,Saudi Arabia,MEDIUM,1,1
78.78,NOR,2024,31,Monaco,HARD,2,31
76.968,OCO,2023,48,Monaco,HARD,2,16
84.918,VER,2022,32,Monza,MEDIUM,2,7
102.592,STR,2022,16,Bahrain,SOFT,1,16
79.005,VER,2024,33,Monaco,MEDIUM,2,32
91.889,LAT,2022,15,Monza,MEDIUM,1,15
100.508,GAS,2023,37,Singapore,HARD,2,17
118.066,PER,2023,70,Monaco,WET,5,13
77.285,GAS,2023,28,Monaco,HARD,1,28
96.344,PER,2024,25,Bahrain,HARD,2,13
81.166,HUL,2023,18,Monaco,HARD,2,17
93.915,OCO,2022,31,Silverstone,HARD,3,9
78.498,MAG,2023,38,Monaco,HARD,1,38
96.468,GAS,2022,7,Saudi Arabia,MEDIUM,1,7
82.088,OCO,2023,33,Australia,HARD,3,32
144.596,MSC,2022,40,Silverstone,SOFT,4,1
93.019,PIA,2023,18,Silverstone,MEDIUM,1,18
88.091,DEV,2022,36,Monza,MEDIUM,2,17
79.074,VER,2023,3,Monaco,MEDIUM,1,3
93.669,HUL,2023,9,Silverstone,MEDIUM,2,2
78.657,NOR,2023,23,Monaco,MEDIUM,1,23
96.269,SAI,2022,57,Bahrain,SOFT,4,16
98.03,SAI,2024,9,Bahrain,SOFT,1,12
80.597,ALB,2023,49,Monaco,HARD,2,31
116.481,GAS,2024,44,Bahrain,SOFT,4,1
85.881,RIC,2022,28,Australia,HARD,2,7
101.063,GAS,2023,9,Singapore,MEDIUM,1,9
101.267,ALO,2023,58,Monaco,INTERMEDIATE,3,3
95.939,SAR,2024,46,Bahrain,SOFT,4,6
104.154,BOT,2023,1,Bahrain,SOFT,1,1
99.008,PIA,2023,49,Singapore,HARD,2,29
101.885,LEC,2022,4,Monaco,WET,1,4
98.426,BOT,2024,27,Bahrain,HARD,2,15
150.972,ALO,2022,1,Silverstone,MEDIUM,1,1
93.989,SAI,2023,33,Saudi Arabia,HARD,2,18
81.205,ALO,2024,29,Monaco,MEDIUM,2,29
80.703,ALB,2023,3,Monaco,MEDIUM,1,3
78.685,BOT,2023,43,Monaco,HARD,1,43
84.732,NOR,2023,5,Australia,MEDIUM,1,5
97.269,TSU,2024,55,Bahrain,HARD,3,21
80.514,HAM,2024,38,Monaco,MEDIUM,2,37
97.533,STR,2024,15,Bahrain,HARD,2,6
97.431,ALO,2023,37,Bahrain,HARD,3,3
93.079,LEC,2022,31,Saudi Arabia,HARD,2,15
94.477,PER,2023,8,Saudi Arabia,MEDIUM,1,8
77.35,STR,2024,52,Monaco,SOFT,4,4
86.909,PIA,2023,5,Monza,MEDIUM,1,5
98.307,RUS,2022,19,Bahrain,HARD,2,5
96.367,RUS,2022,53,Bahrain,SOFT,4,10
81.422,STR,2024,30,Monaco,MEDIUM,2,30
99.545,NOR,2023,61,Monaco,INTERMEDIATE,3,7
98.572,LEC,2023,6,Bahrain,SOFT,1,6
97.391,ZHO,2023,22,Saudi Arabia,MEDIUM,3,4
77.631,TSU,2024,64,Monaco,HARD,2,64
95.507,SAI,2024,17,Bahrain,HARD,2,3
85.133,OCO,2023,75,Monaco,INTERMEDIATE,3,21
94.849,OCO,2022,18,Silverstone,SOFT,2,17
89.656,RIC,2024,3,Monaco,HARD,2,3
77.331,OCO,2023,31,Monaco,MEDIUM,1,31
86.823,PER,2023,16,Monza,MEDIUM,1,16
81.254,HUL,2023,14,Monaco,HARD,2,13
89.916,GAS,2023,72,Monaco,INTERMEDIATE,3,18
81.289,GAS,2024,12,Monaco,MEDIUM,2,11
103.477,GAS,2023,59,Monaco,INTERMEDIATE,3,5
100.84,LAT,2022,1,Australia,MEDIUM,1,1
100.229,PER,2023,45,Singapore,MEDIUM,2,6
96.599,BOT,2022,53,Bahrain,SOFT,4,10
86.578,ALB,2023,3,Monza,MEDIUM,1,6
99.614,SAR,2024,54,Bahrain,SOFT,4,14
97.282,SAR,2023,7,Saudi Arabia,HARD,1,7
96.2,TSU,2023,11,Saudi Arabia,MEDIUM,1,11
93.824,NOR,2022,19,Silverstone,MEDIUM,2,19
78.973,TSU,2024,35,Monaco,HARD,2,35
87.318,ALO,2023,19,Monza,MEDIUM,1,19
93.464,PIA,2023,12,Silverstone,MEDIUM,1,12
77.316,SAI,2023,28,Monaco,HARD,1,28
96.1,PIA,2024,56,Bahrain,HARD,3,22
94.842,SAR,2023,5,Silverstone,MEDIUM,1,5
79.429,VER,2024,37,Monaco,MEDIUM,2,36
94.942,PIA,2023,66,Monaco,INTERMEDIATE,2,12
76.98,PER,2023,48,Monaco,MEDIUM,3,15
85.421,MAG,2022,17,Australia,HARD,1,17
94.959,VER,2022,11,Saudi Arabia,MEDIUM,1,11
99.562,STR,2023,1,Monaco,HARD,1,2
97.973,RIC,2024,25,Bahrain,HARD,2,12
98.038,ALB,2023,37,Bahrain,HARD,3,11
84.532,LEC,2022,43,Monza,SOFT,3,10
100.096,MAG,2023,33,Singapore,HARD,2,13
86.832,STR,2023,32,Monza,HARD,2,16
82.059,PER,2023,36,Australia,HARD,4,29
98.563,PER,2022,27,Bahrain,MEDIUM,2,12
94.239,SAR,2023,12,Silverstone,MEDIUM,1,12
77.609,PIA,2024,53,Monaco,HARD,2,53
96.717,HAM,2024,23,Bahrain,HARD,2,11
77.385,SAI,2022,38,Monaco,HARD,3,17
100.025,SAI,2023,34,Singapore,HARD,2,14
82.08,HAM,2023,36,Australia,HARD,2,28
121.324,SAI,2023,45,Singapore,HARD,2,25
92.385,SAR,2023,51,Monaco,SOFT,3,28
98.259,SAR,2023,8,Saudi Arabia,HARD,1,8
83.56,PIA,2023,14,Australia,HARD,2,6
84.815,ZHO,2022,50,Australia,HARD,2,29
78.152,NOR,2023,49,Monaco,MEDIUM,1,49
78.422,HAM,2023,14,Monaco,MEDIUM,1,14
76.402,SAR,2024,72,Monaco,MEDIUM,3,15
77.999,SAI,2023,19,Monaco,HARD,1,19
97.407,SAR,2023,44,Bahrain,SOFT,4,4
84.823,HUL,2023,11,Australia,HARD,2,3
95.6,VER,2024,53,Bahrain,SOFT,3,16
131.411,SAI,2023,2,Australia,MEDIUM,1,2
98.462,RUS,2023,26,Bahrain,HARD,2,13
101.091,ZHO,2023,2,Bahrain,SOFT,1,2
80.347,SAR,2024,67,Monaco,MEDIUM,3,10
87.174,NOR,2023,50,Monza,HARD,2,32
77.305,RUS,2024,55,Monaco,MEDIUM,2,54
97.16,VER,2023,65,Monaco,INTERMEDIATE,2,10
86.465,PER,2023,6,Monza,MEDIUM,1,6
96.753,VER,2024,3,Bahrain,SOFT,1,6
98.665,OCO,2024,26,Bahrain,HARD,2,16
80.521,GAS,2024,27,Monaco,MEDIUM,2,26
85.577,SAI,2022,33,Monza,SOFT,2,3
99.633,HUL,2023,19,Bahrain,HARD,2,8
86.514,MAG,2023,44,Monza,MEDIUM,3,11
77.272,ALO,2023,23,Monaco,HARD,1,24
92.894,HAM,2022,46,Silverstone,SOFT,4,7
94.717,ALO,2023,15,Saudi Arabia,MEDIUM,1,15
101.719,MAG,2023,10,Bahrain,HARD,1,10
78.855,NOR,2023,15,Monaco,MEDIUM,1,15
82.913,ALO,2023,20,Australia,HARD,2,12
102.393,NOR,2023,7,Australia,MEDIUM,1,7
101.739,MAG,2023,14,Bahrain,HARD,1,14
96.735,PIA,2023,25,Saudi Arabia,HARD,2,24
113.892,SAI,2022,21,Silverstone,HARD,3,1
92.862,GAS,2023,44,Silverstone,SOFT,2,16
94.942,PIA,2023,66,Monaco,INTERMEDIATE,2,12
97.968,GAS,2023,31,Bahrain,HARD,3,6
93.464,ZHO,2023,67,Monaco,INTERMEDIATE,3,15
87.215,LAW,2023,23,Monza,HARD,2,13
97.608,SAI,2024,10,Bahrain,SOFT,1,13
99.18,HUL,2022,21,Bahrain,SOFT,2,2
94.234,HAM,2023,28,Saudi Arabia,MEDIUM,2,10
98.438,RUS,2023,22,Bahrain,HARD,2,9
89.726,HAM,2022,23,Monaco,HARD,3,1
75.955,TSU,2024,73,Monaco,HARD,2,73
100.766,NOR,2022,36,Bahrain,HARD,2,12
94.658,VET,2022,20,Silverstone,MEDIUM,3,16
97.01,TSU,2023,44,Bahrain,SOFT,4,7
114.367,NOR,2022,35,Silverstone,HARD,3,1
98.928,GAS,2023,12,Bahrain,HARD,2,3
98.175,STR,2024,22,Bahrain,HARD,2,13
80.775,SAR,2024,31,Monaco,HARD,2,31
80.032,TSU,2024,69,Monaco,HARD,2,69
75.468,HAM,2024,72,Monaco,HARD,3,22
97.29,RIC,2024,17,Bahrain,HARD,2,4
102.931,HUL,2023,26,Bahrain,HARD,2,15
80.171,HUL,2023,17,Monaco,HARD,2,16
78.977,RIC,2024,62,Monaco,HARD,2,62
82.484,MAG,2023,39,Australia,HARD,3,32
116.445,VER,2024,38,Bahrain,SOFT,3,1
102.379,OCO,2023,55,Monaco,INTERMEDIATE,3,1
102.255,ALO,2023,2,Singapore,MEDIUM,1,2
89.177,LEC,2023,73,Monaco,INTERMEDIATE,3,18
93.135,RUS,2023,49,Saudi Arabia,HARD,2,31
97.851,TSU,2024,25,Bahrain,HARD,2,11
95.443,STR,2023,10,Saudi Arabia,MEDIUM,1,10
78.927,HAM,2022,64,Monaco,MEDIUM,4,34
77.926,HAM,2023,11,Monaco,MEDIUM,1,11
96.765,BOT,2024,48,Bahrain,HARD,3,18
102.891,LEC,2022,39,Silverstone,HARD,3,14
87.645,ZHO,2023,15,Monza,HARD,2,7
96.957,ALO,2024,31,Bahrain,HARD,2,16
77.442,RUS,2022,48,Monaco,MEDIUM,3,18
107.544,VET,2022,3,Monaco,WET,1,3
89.849,SAI,2023,72,Monaco,INTERMEDIATE,3,17
88.575,HUL,2023,33,Monza,HARD,2,24
93.395,PER,2022,10,Silverstone,MEDIUM,3,6
97.916,STR,2023,40,Bahrain,HARD,3,10
100.934,ALO,2023,12,Bahrain,SOFT,1,15
99.553,ZHO,2023,47,Bahrain,SOFT,3,18
99.101,SAI,2022,5,Bahrain,SOFT,1,8
97.102,TSU,2022,10,Monaco,INTERMEDIATE,2,4
81.77,SAI,2023,33,Australia,HARD,3,26
82.315,RUS,2022,55,Australia,HARD,2,32
77.824,BOT,2023,19,Monaco,HARD,1,19
100.408,GAS,2023,19,Australia,HARD,2,11
107.904,OCO,2023,18,Australia,HARD,3,17
86.368,VER,2023,7,Monza,MEDIUM,1,7
98.851,BOT,2023,15,Bahrain,HARD,2,4
86.878,PIA,2023,6,Monza,MEDIUM,1,6
77.03,RUS,2022,40,Monaco,MEDIUM,3,10
83.043,MAG,2023,24,Australia,HARD,3,17
83.134,RUS,2023,4,Australia,MEDIUM,1,4
92.441,HUL,2023,44,Silverstone,SOFT,3,12
93.862,SAI,2022,11,Silverstone,MEDIUM,2,10
83.067,HUL,2023,25,Australia,HARD,2,17
83.771,HAM,2023,13,Australia,HARD,2,5
131.789,PER,2023,2,Australia,MEDIUM,2,1
93.156,ALO,2023,4,Silverstone,MEDIUM,1,5
77.024,RUS,2022,46,Monaco,MEDIUM,3,16
81.029,HAM,2023,46,Australia,HARD,2,38
77.13,ALO,2023,20,Monaco,HARD,1,21
102.618,OCO,2022,30,Bahrain,MEDIUM,2,16
95.458,PER,2022,11,Monza,HARD,2,4
100.693,PER,2023,11,Singapore,HARD,1,11
97.616,ALB,2024,50,Bahrain,HARD,3,14
83.193,ALB,2023,19,Monaco,HARD,2,1
95.069,NOR,2024,41,Bahrain,HARD,3,8
86.747,ALO,2023,32,Monza,HARD,2,14
97.414,RUS,2023,52,Singapore,MEDIUM,3,8
98.503,GAS,2024,4,Bahrain,SOFT,1,4
97.736,BOT,2023,42,Bahrain,HARD,3,13
79.491,ALB,2024,33,Monaco,HARD,2,32
84.446,SAI,2022,41,Monza,SOFT,2,11
81.046,LEC,2024,11,Monaco,HARD,2,10
88.241,ALB,2023,74,Monaco,INTERMEDIATE,3,22
80.245,ALB,2024,19,Monaco,HARD,2,18
107.333,MAG,2023,34,Monza,MEDIUM,3,1
116.995,RIC,2024,36,Bahrain,SOFT,3,1
96.481,MAG,2022,8,Saudi Arabia,HARD,1,10
98.593,MAG,2023,31,Bahrain,SOFT,3,2
99.367,NOR,2023,31,Singapore,HARD,2,11
92.26,ZHO,2022,22,Australia,HARD,2,1
80.736,ZHO,2024,34,Monaco,HARD,2,33
96.949,BOT,2024,52,Bahrain,HARD,3,22
96.63,BOT,2024,44,Bahrain,HARD,3,14
78.806,STR,2024,45,Monaco,HARD,3,5
132.896,SAI,2023,18,Saudi Arabia,HARD,2,3
119.469,MSC,2022,13,Bahrain,MEDIUM,2,1
96.301,HUL,2023,66,Monaco,WET,4,7
77.759,SAI,2024,53,Monaco,HARD,2,52
97.476,HUL,2024,39,Bahrain,HARD,3,19
96.037,PER,2024,22,Bahrain,HARD,2,10
88.049,ZHO,2023,74,Monaco,INTERMEDIATE,3,22
79.484,RUS,2024,24,Monaco,MEDIUM,2,23
78.945,RUS,2023,6,Monaco,HARD,1,6
97.851,ALB,2022,11,Saudi Arabia,MEDIUM,1,11
94.885,PER,2024,48,Bahrain,SOFT,3,12
92.815,LEC,2023,44,Silverstone,MEDIUM,3,12
77.334,OCO,2023,30,Monaco,MEDIUM,1,30
80.797,SAR,2024,32,Monaco,HARD,2,32
79.5,ZHO,2023,30,Monaco,HARD,2,29
95.729,OCO,2023,4,Saudi Arabia,MEDIUM,1,4
97.661,HAM,2023,45,Bahrain,HARD,3,15
87.836,DEV,2022,18,Monza,SOFT,1,18
96.25,GAS,2022,10,Silverstone,SOFT,2,9
77.873,PIA,2023,39,Monaco,HARD,1,39
77.939,ALO,2024,68,Monaco,MEDIUM,2,68
97.631,MAG,2022,21,Saudi Arabia,HARD,1,23
95.561,MAG,2023,16,Saudi Arabia,HARD,2,8
95.794,OCO,2023,6,Saudi Arabia,MEDIUM,1,6
93.44,PER,2023,24,Saudi Arabia,HARD,2,6
101.54,VER,2023,60,Monaco,INTERMEDIATE,2,5
95.283,VER,2024,19,Bahrain,HARD,2,2
82.284,ALO,2024,8,Monaco,MEDIUM,2,8
100.481,VER,2023,17,Singapore,HARD,1,17
97.837,TSU,2024,22,Bahrain,HARD,2,8
95.442,LEC,2023,44,Monaco,HARD,1,44
78.387,RUS,2024,46,Monaco,MEDIUM,2,45
101.897,STR,2022,6,Bahrain,SOFT,1,6
98.87,NOR,2023,15,Bahrain,HARD,2,5
91.939,DEV,2023,69,Monaco,INTERMEDIATE,2,16
98.015,SAR,2023,38,Bahrain,HARD,3,8
79.382,GAS,2024,45,Monaco,MEDIUM,2,44
88.614,STR,2023,3,Monza,MEDIUM,1,3
77.065,VER,2023,48,Monaco,MEDIUM,1,48
83.049,BOT,2023,35,Australia,HARD,3,34
105.038,VER,2022,26,Monza,MEDIUM,2,1
144.953,LEC,2022,6,Australia,MEDIUM,1,6
95.241,RUS,2024,34,Bahrain,HARD,3,3
96.236,SAI,2024,19,Bahrain,HARD,2,5
95.257,PIA,2023,43,Saudi Arabia,HARD,2,42
98.2,SAI,2023,48,Singapore,HARD,2,28
78.852,ALO,2024,44,Monaco,MEDIUM,2,44
86.971,RIC,2022,25,Monza,HARD,2,6
91.305,PIA,2023,51,Silverstone,HARD,2,22
94.082,LEC,2023,31,Saudi Arabia,HARD,2,15
124.196,MAG,2022,49,Monza,SOFT,3,3
100.245,OCO,2023,1,Saudi Arabia,MEDIUM,1,1
98.082,VER,2022,1,Saudi Arabia,MEDIUM,1,1
77.175,SAI,2023,39,Monaco,MEDIUM,2,6
115.544,PER,2023,53,Monaco,MEDIUM,3,20
84.525,HAM,2022,40,Monza,SOFT,2,7
100.276,DEV,2023,62,Monaco,INTERMEDIATE,2,9
98.009,ALO,2023,31,Bahrain,HARD,2,17
84.353,DEV,2023,26,Australia,MEDIUM,2,18
86.058,RIC,2022,7,Australia,MEDIUM,1,7
92.934,LEC,2023,3,Silverstone,MEDIUM,1,3
87.698,ALO,2022,29,Monza,MEDIUM,1,29
93.537,OCO,2022,37,Silverstone,HARD,3,15
78.254,HAM,2023,17,Monaco,MEDIUM,1,17
91.019,TSU,2023,53,Australia,HARD,2,45
97.076,HUL,2023,44,Bahrain,SOFT,4,7
104.694,MAG,2023,1,Saudi Arabia,MEDIUM,1,1
93.328,HAM,2023,7,Silverstone,MEDIUM,1,7
104.686,OCO,2022,4,Monaco,WET,1,4
98.364,VER,2023,64,Monaco,INTERMEDIATE,2,9
85.122,MSC,2022,10,Australia,MEDIUM,1,12
86.144,GAS,2023,47,Monza,MEDIUM,3,16
84.18,DEV,2023,6,Australia,HARD,1,6
77.867,PER,2023,19,Monaco,HARD,2,18
127.97,NOR,2023,40,Bahrain,HARD,5,3
87.462,HAM,2022,15,Monza,MEDIUM,1,15
81.514,ALB,2024,11,Monaco,HARD,2,10
94.901,SAI,2024,47,Bahrain,HARD,3,12
112.728,SAI,2023,27,Silverstone,HARD,2,1
90.119,ZHO,2023,73,Monaco,INTERMEDIATE,3,21
87.515,LAW,2023,31,Monza,HARD,2,21
97.883,ZHO,2024,25,Bahrain,HARD,2,16
97.236,SAI,2024,2,Bahrain,SOFT,1,5
80.697,PER,2023,43,Australia,HARD,4,36
93.753,MAG,2023,42,Saudi Arabia,HARD,2,34
96.831,HAM,2023,35,Bahrain,HARD,3,5
84.805,ZHO,2022,45,Australia,HARD,2,24
96.117,LEC,2022,41,Saudi Arabia,HARD,2,25
86.305,ZHO,2023,47,Monza,MEDIUM,3,14
100.087,BOT,2024,5,Bahrain,SOFT,1,5
81.189,DEV,2023,52,Australia,SOFT,3,7
97.897,SAI,2023,48,Bahrain,HARD,3,17
98.649,OCO,2023,14,Bahrain,HARD,2,2
99.715,RIC,2022,22,Bahrain,SOFT,2,5
94.731,MAG,2023,4,Silverstone,MEDIUM,1,4
77.353,RUS,2023,28,Monaco,HARD,1,28
79.716,RIC,2022,42,Monaco,HARD,3,23
94.825,ZHO,2023,42,Saudi Arabia,MEDIUM,3,24
95.338,RIC,2024,42,Bahrain,SOFT,3,7
101.197,ZHO,2023,7,Bahrain,SOFT,1,7
118.77,LEC,2023,14,Bahrain,HARD,2,1
133.522,STR,2022,4,Australia,MEDIUM,2,3
92.997,HAM,2022,47,Saudi Arabia,MEDIUM,2,7
78.37,HAM,2023,18,Monaco,MEDIUM,1,18
93.154,RUS,2023,9,Silverstone,SOFT,1,12
96.76,LEC,2024,25,Bahrain,HARD,2,14
99.406,HUL,2023,13,Bahrain,HARD,2,2
80.487,MAG,2023,12,Monaco,HARD,1,12
86.189,RUS,2023,35,Monza,HARD,2,19
98.379,DEV,2023,38,Bahrain,HARD,3,11
79.796,RIC,2024,50,Monaco,HARD,2,50
93.459,LEC,2022,23,Saudi Arabia,HARD,2,7
96.96,ALO,2023,51,Bahrain,HARD,3,17
93.331,HAM,2023,9,Silverstone,MEDIUM,1,9
92.154,BOT,2023,52,Monaco,INTERMEDIATE,2,1
96.919,HAM,2024,25,Bahrain,HARD,2,13
82.236,PER,2023,35,Australia,HARD,4,28
92.114,ZHO,2023,52,Silverstone,SOFT,4,19
79.929,MAG,2023,3,Monaco,HARD,1,3
93.046,LEC,2022,20,Silverstone,MEDIUM,2,19
101.789,NOR,2023,60,Monaco,INTERMEDIATE,3,6
87.645,MSC,2022,19,Monza,MEDIUM,1,19
94.215,SAI,2023,6,Silverstone,MEDIUM,1,6
78.582,NOR,2024,36,Monaco,HARD,2,36
101.598,PIA,2023,34,Singapore,HARD,2,14
93.746,MAG,2023,49,Saudi Arabia,HARD,2,41
94.804,BOT,2023,5,Silverstone,HARD,1,5
101.534,OCO,2023,29,Singapore,HARD,2,9
77.141,ALO,2023,26,Monaco,HARD,1,27
88.377,MSC,2022,50,Australia,HARD,2,36
113.128,GAS,2023,15,Saudi Arabia,HARD,2,1
81.843,VER,2023,24,Australia,HARD,2,16
80.886,MAG,2023,13,Monaco,HARD,1,13
83.212,MAG,2023,37,Australia,HARD,3,30
77.002,OCO,2023,43,Monaco,HARD,2,11
97.799,PER,2023,50,Singapore,MEDIUM,2,11
78.178,SAI,2023,18,Monaco,HARD,1,18
76.734,PIA,2024,77,Monaco,HARD,2,77
97.009,VER,2023,47,Bahrain,HARD,3,11
89.541,OCO,2023,72,Monaco,INTERMEDIATE,3,18
81.189,STR,2024,16,Monaco,MEDIUM,2,16
81.907,PER,2023,34,Australia,HARD,4,27
94.361,HAM,2023,2,Silverstone,MEDIUM,1,2
134.272,VER,2022,4,Australia,MEDIUM,1,4
96.291,GAS,2023,4,Saudi Arabia,MEDIUM,1,4
96.964,OCO,2023,35,Bahrain,HARD,4,3
101.912,HUL,2022,7,Bahrain,SOFT,1,7
88.055,ALO,2022,23,Monza,MEDIUM,1,23
85.305,NOR,2022,33,Australia,HARD,2,13
98.076,HAM,2023,54,Bahrain,HARD,3,24
90.346,ALO,2023,73,Monaco,INTERMEDIATE,3,18
79.295,ZHO,2024,64,Monaco,HARD,2,63
135.556,ALB,2023,38,Silverstone,SOFT,2,10
98.137,ALB,2023,57,Bahrain,SOFT,4,17
97.739,MAG,2023,49,Bahrain,SOFT,4,9
83.693,TSU,2023,27,Australia,HARD,2,19
76.962,ALB,2023,26,Monaco,HARD,2,8
76.617,PIA,2024,60,Monaco,HARD,2,60
101.1,LAW,2023,36,Singapore,HARD,2,16
84.282,SAR,2023,30,Australia,MEDIUM,4,22
101.631,OCO,2022,43,Bahrain,HARD,3,13
97.579,STR,2023,52,Bahrain,HARD,3,22
94.639,BOT,2022,25,Saudi Arabia,HARD,2,9
85.158,MAG,2023,15,Australia,HARD,3,8
85.319,RUS,2024,3,Monaco,MEDIUM,2,2
86.643,VER,2023,11,Monza,MEDIUM,1,11
78.459,RUS,2023,12,Monaco,HARD,1,12
85.406,MAG,2023,4,Australia,MEDIUM,1,4
98.11,HUL,2024,15,Bahrain,HARD,2,14
86.897,SAI,2022,27,Monza,MEDIUM,1,27
94.764,ZHO,2023,40,Saudi Arabia,MEDIUM,3,22
95.511,GAS,2024,52,Bahrain,SOFT,4,9
80.341,BOT,2023,4,Monaco,HARD,1,4
99.613,ALB,2023,53,Singapore,MEDIUM,3,10
77.867,HAM,2024,43,Monaco,MEDIUM,2,42
96.784,HUL,2024,33,Bahrain,HARD,3,13
99.891,LAT,2022,38,Bahrain,MEDIUM,3,6
93.818,LEC,2022,43,Saudi Arabia,HARD,2,27
75.955,GAS,2023,50,Monaco,MEDIUM,2,3
96.797,OCO,2023,34,Bahrain,HARD,4,2
96.059,RUS,2024,48,Bahrain,HARD,3,17
77.148,HUL,2023,4,Monaco,HARD,2,3
91.656,TSU,2022,20,Monaco,INTERMEDIATE,2,14
99.646,ZHO,2024,8,Bahrain,SOFT,1,8
104.635,ALB,2023,17,Saudi Arabia,MEDIUM,1,17
84.238,RIC,2022,32,Australia,HARD,2,11
75.436,VER,2024,73,Monaco,HARD,3,22
83.493,TSU,2024,5,Monaco,HARD,2,5
78.133,ALO,2024,71,Monaco,MEDIUM,2,71
79.76,HAM,2024,21,Monaco,MEDIUM,2,20
95.521,MAG,2022,11,Silverstone,MEDIUM,2,12
96.945,DEV,2023,3,Saudi Arabia,MEDIUM,1,3
93.19,PIA,2023,28,Silverstone,MEDIUM,1,28
95.501,BOT,2023,49,Saudi Arabia,SOFT,4,14
78.386,RIC,2024,69,Monaco,HARD,2,69
98.881,SAR,2023,56,Singapore,MEDIUM,3,13
81.499,SAR,2024,13,Monaco,HARD,2,13
86.792,ALO,2023,26,Monza,HARD,2,8
78.725,LEC,2024,24,Monaco,HARD,2,23
100.927,ALB,2023,26,Singapore,HARD,2,6
76.965,ALO,2023,30,Monaco,HARD,1,31
80.28,SAR,2023,15,Monaco,MEDIUM,1,15
95.901,OCO,2023,11,Saudi Arabia,MEDIUM,1,11
78.981,NOR,2024,22,Monaco,HARD,2,22
75.638,HAM,2024,70,Monaco,HARD,3,20
76.588,HAM,2023,41,Monaco,HARD,2,10
80.2,GAS,2024,41,Monaco,MEDIUM,2,40
86.661,ALB,2023,6,Monza,MEDIUM,1,9
76.326,SAR,2024,71,Monaco,MEDIUM,3,14
93.006,SAI,2022,34,Saudi Arabia,HARD,2,18
100.425,ZHO,2023,16,Singapore,HARD,2,14
81.204,OCO,2023,50,Australia,HARD,3,49
97.243,SAI,2024,13,Bahrain,SOFT,1,16
97.651,VER,2023,22,Bahrain,SOFT,2,8
93.52,RUS,2023,33,Saudi Arabia,HARD,2,15
77.713,GAS,2023,13,Monaco,HARD,1,13
100.755,ALB,2023,13,Singapore,MEDIUM,1,13
84.916,LAT,2022,35,Australia,HARD,3,12
77.143,PER,2022,39,Monaco,MEDIUM,4,9
92.22,SAI,2023,28,Silverstone,HARD,2,2
2502.648,STR,2024,1,Monaco,HARD,1,2
82.141,MAG,2023,40,Australia,HARD,3,33
96.568,HAM,2023,12,Saudi Arabia,HARD,1,12
96.666,HAM,2024,24,Bahrain,HARD,2,12
80.45,STR,2024,40,Monaco,MEDIUM,2,40
80.014,PIA,2024,14,Monaco,HARD,2,14
91.675,PER,2023,46,Silverstone,SOFT,2,18
91.186,HAM,2022,33,Monza,MEDIUM,1,33
82.718,PER,2022,32,Australia,HARD,2,12
97.868,GAS,2024,22,Bahrain,HARD,2,10
94.18,ZHO,2023,47,Saudi Arabia,MEDIUM,3,29
95.922,NOR,2024,52,Bahrain,HARD,3,19
108.904,MAG,2022,3,Monaco,WET,1,3
79.038,DEV,2023,7,Monaco,MEDIUM,1,7
96.97,ALO,2024,17,Bahrain,HARD,2,2
99.886,NOR,2023,36,Bahrain,MEDIUM,4,9
80.605,ALO,2024,19,Monaco,MEDIUM,2,19
97.862,SAR,2023,33,Bahrain,HARD,3,3
99.132,LAW,2023,46,Singapore,HARD,2,26
97.46,RUS,2023,15,Bahrain,HARD,2,2
95.476,RUS,2022,14,Saudi Arabia,MEDIUM,1,14
93.998,HAM,2023,26,Saudi Arabia,MEDIUM,2,8
78.979,VER,2024,23,Monaco,MEDIUM,2,22
118.327,SAI,2022,15,Bahrain,SOFT,2,1
79.581,PER,2023,35,Monaco,MEDIUM,3,2
78.941,DEV,2023,32,Monaco,MEDIUM,1,32
84.333,MAG,2022,53,Australia,MEDIUM,2,16
97.177,PIA,2024,30,Bahrain,HARD,2,18
83.586,PIA,2023,51,Monaco,HARD,1,51
97.373,MSC,2022,13,Monaco,INTERMEDIATE,2,9
112.793,ZHO,2022,39,Australia,HARD,2,18
76.281,PIA,2024,73,Monaco,HARD,2,73
78.446,RUS,2024,38,Monaco,MEDIUM,2,37
97.507,STR,2023,17,Bahrain,HARD,2,2
123.32,LAT,2022,33,Bahrain,MEDIUM,3,1
81.394,GAS,2024,10,Monaco,MEDIUM,2,9
100.949,ALB,2023,18,Singapore,MEDIUM,1,18
85.501,SAI,2023,30,Monza,HARD,2,11
93.483,LEC,2022,6,Silverstone,MEDIUM,2,5
102.479,TSU,2023,56,Monaco,INTERMEDIATE,2,3
92.597,VER,2023,11,Silverstone,MEDIUM,1,11
79.277,LEC,2024,42,Monaco,HARD,2,41
92.941,HAM,2023,47,Saudi Arabia,MEDIUM,2,29
97.599,ALO,2023,54,Bahrain,HARD,3,20
98.841,BOT,2022,11,Monaco,WET,1,11
122.145,NOR,2022,25,Bahrain,HARD,2,1
98.022,STR,2024,21,Bahrain,HARD,2,12
96.735,SAR,2023,11,Saudi Arabia,HARD,1,11
96.783,ZHO,2022,14,Saudi Arabia,MEDIUM,1,14
89.92,SAI,2023,71,Monaco,INTERMEDIATE,3,16
102.52,RUS,2022,4,Monaco,WET,1,4
120.488,NOR,2023,19,Saudi Arabia,HARD,2,17
99.374,GAS,2023,64,Monaco,INTERMEDIATE,3,10
77.373,GAS,2023,29,Monaco,HARD,1,29
100.515,MAG,2023,14,Singapore,MEDIUM,1,14
79.398,STR,2024,20,Monaco,MEDIUM,2,20
96.637,TSU,2023,42,Bahrain,SOFT,4,5
92.89,SAI,2023,43,Silverstone,HARD,2,17
87.075,TSU,2022,37,Monza,HARD,2,19
87.563,TSU,2024,3,Monaco,HARD,2,3
94.026,GAS,2023,43,Saudi Arabia,HARD,2,29
125.554,STR,2022,40,Silverstone,HARD,3,26
102.096,ZHO,2023,32,Bahrain,HARD,2,20
95.997,BOT,2023,33,Saudi Arabia,MEDIUM,3,16
97.663,HUL,2024,5,Bahrain,HARD,2,4
78.122,GAS,2022,62,Monaco,HARD,4,40
98.535,DEV,2023,39,Bahrain,HARD,3,12
87.725,STR,2023,4,Monza,MEDIUM,1,4
98.596,ZHO,2023,48,Bahrain,SOFT,3,19
77.195,RUS,2023,38,Monaco,HARD,1,38
84.819,RIC,2022,33,Australia,HARD,2,12
93.267,GAS,2023,47,Monaco,HARD,1,47
117.076,ZHO,2024,29,Bahrain,HARD,3,1
96.364,STR,2024,38,Bahrain,HARD,3,11
87.136,TSU,2022,44,Monza,HARD,2,26
77.915,STR,2023,19,Monaco,HARD,1,20
94.734,HAM,2023,25,Saudi Arabia,MEDIUM,2,7
109.586,BOT,2023,51,Monaco,HARD,1,51
124.796,TSU,2023,3,Australia,MEDIUM,1,3
96.741,LEC,2024,33,Bahrain,HARD,2,22
100.267,NOR,2023,28,Singapore,HARD,2,8
92.234,LEC,2023,40,Silverstone,MEDIUM,3,8
95.006,MSC,2022,30,Silverstone,HARD,3,11
84.396,SAR,2023,38,Australia,HARD,5,9
92.162,MAG,2023,10,Australia,HARD,3,3
97.092,VER,2024,6,Bahrain,SOFT,1,9
99.054,RIC,2022,41,Bahrain,HARD,3,8
79.781,TSU,2024,55,Monaco,HARD,2,55
80.448,TSU,2024,26,Monaco,HARD,2,26
84.18,DEV,2023,6,Australia,HARD,1,6
96.008,ALB,2024,46,Bahrain,HARD,3,10
80.071,TSU,2024,37,Monaco,HARD,2,37
78.882,ALB,2023,48,Monaco,HARD,2,30
95.096,BOT,2022,28,Saudi Arabia,HARD,2,12
78.917,SAI,2024,21,Monaco,HARD,2,20
94.146,VER,2023,24,Saudi Arabia,HARD,2,6
78.177,NOR,2024,49,Monaco,HARD,2,49
111.27,PIA,2023,17,Saudi Arabia,HARD,2,16
108.826,MSC,2022,1,Bahrain,SOFT,1,1
98.861,MAG,2024,9,Bahrain,SOFT,1,9
81.963,MAG,2023,49,Australia,HARD,3,42
77.173,ZHO,2024,76,Monaco,SOFT,3,6
101.143,VER,2023,4,Singapore,HARD,1,4
76.257,HAM,2023,47,Monaco,HARD,2,16
102.309,DEV,2023,27,Bahrain,HARD,2,16
83.532,LEC,2022,28,Australia,HARD,2,6
83.125,VER,2022,30,Australia,HARD,2,12
100.535,SAR,2024,28,Bahrain,HARD,2,18
98.555,RUS,2023,21,Bahrain,HARD,2,8
79.407,GAS,2024,55,Monaco,MEDIUM,2,54
92.036,ALO,2023,45,Silverstone,SOFT,2,15
98.612,OCO,2022,39,Bahrain,HARD,3,9
92.251,VER,2023,29,Silverstone,MEDIUM,1,29
79.813,VER,2024,22,Monaco,MEDIUM,2,21
96.334,ALB,2024,54,Bahrain,HARD,3,18
94.394,VET,2022,32,Silverstone,MEDIUM,3,28
87.198,DEV,2022,39,Monza,MEDIUM,2,20
94.614,GAS,2022,18,Silverstone,HARD,3,3
82.689,RIC,2022,57,Australia,HARD,2,36
109.959,DEV,2023,1,Bahrain,SOFT,1,1
101.104,RUS,2023,62,Monaco,INTERMEDIATE,2,8
81.961,GAS,2024,17,Monaco,MEDIUM,2,16
100.833,ZHO,2023,14,Singapore,HARD,2,12
94.767,OCO,2022,30,Saudi Arabia,HARD,2,14
81.862,ZHO,2023,47,Australia,HARD,3,46
78.061,STR,2023,20,Monaco,HARD,1,21
92.13,SAI,2023,70,Monaco,INTERMEDIATE,3,15
81.653,STR,2024,8,Monaco,MEDIUM,2,8
88.111,OCO,2023,17,Monza,MEDIUM,1,17
93.212,HAM,2022,13,Silverstone,MEDIUM,2,12
83.46,ZHO,2023,25,Australia,HARD,3,24
85.295,ZHO,2024,71,Monaco,SOFT,3,1
86.234,HUL,2023,43,Monza,MEDIUM,3,7
83.2,PIA,2023,23,Australia,HARD,2,15
79.009,HUL,2023,37,Monaco,HARD,2,36
81.47,OCO,2023,48,Australia,HARD,3,47
96.267,LEC,2023,50,Saudi Arabia,HARD,2,34
78.097,ZHO,2023,27,Monaco,HARD,2,26
103.755,MAG,2023,59,Monaco,WET,2,3
94.892,RUS,2023,17,Saudi Arabia,MEDIUM,1,17
80.97,ZHO,2024,52,Monaco,HARD,2,51
110.115,GAS,2023,1,Singapore,MEDIUM,1,1
95.015,VER,2022,16,Silverstone,MEDIUM,3,4
82.715,HAM,2023,29,Australia,HARD,2,21
100.969,ALB,2023,9,Bahrain,SOFT,1,9
93.976,OCO,2023,46,Saudi Arabia,HARD,2,30
101.156,PIA,2023,12,Bahrain,SOFT,1,12
79.38,VER,2024,25,Monaco,MEDIUM,2,24
83.478,PIA,2023,25,Australia,HARD,2,17
92.5,LEC,2023,39,Silverstone,MEDIUM,3,7
95.105,GAS,2023,26,Saudi Arabia,HARD,2,12
81.259,SAI,2024,10,Monaco,HARD,2,9
84.687,MAG,2023,16,Australia,HARD,3,9
77.285,ALO,2023,24,Monaco,HARD,1,25
96.578,BOT,2024,35,Bahrain,HARD,3,5
81.382,OCO,2023,47,Australia,HARD,3,46
98.947,MAG,2023,24,Bahrain,HARD,2,9
77.844,NOR,2023,46,Monaco,MEDIUM,1,46
100.814,ZHO,2023,5,Bahrain,SOFT,1,5
110.491,GAS,2023,43,Singapore,HARD,2,23
99.786,SAR,2023,60,Singapore,MEDIUM,3,17
80.446,STR,2023,33,Monaco,HARD,1,34
100.753,HUL,2023,17,Singapore,MEDIUM,1,17
95.507,HAM,2022,13,Saudi Arabia,HARD,1,14
87.36,HUL,2023,3,Monza,MEDIUM,1,6
86.622,GAS,2022,2,Australia,MEDIUM,1,2
96.297,ZHO,2024,31,Bahrain,HARD,3,3
99.361,ZHO,2023,29,Bahrain,HARD,2,17
88.694,SAR,2023,12,Monza,MEDIUM,1,15
94.794,LEC,2022,3,Saudi Arabia,MEDIUM,1,3
103.269,BOT,2023,11,Bahrain,SOFT,1,11
146.843,BOT,2022,26,Australia,HARD,2,4
98.346,ALB,2024,33,Bahrain,HARD,2,18
89.076,SAR,2023,76,Monaco,INTERMEDIATE,4,24
95.125,LEC,2023,11,Saudi Arabia,SOFT,1,11
101.148,HUL,2023,7,Bahrain,SOFT,1,10
77.079,VER,2023,15,Monaco,MEDIUM,1,15
86.812,RIC,2022,27,Australia,HARD,2,6
93.654,ALO,2023,30,Saudi Arabia,HARD,2,13
79.01,PIA,2024,29,Monaco,HARD,2,29
83.612,TSU,2023,25,Australia,HARD,2,17
100.611,TSU,2022,6,Bahrain,SOFT,1,6
78.432,ALB,2024,73,Monaco,HARD,2,72
93.521,LEC,2022,24,Saudi Arabia,HARD,2,8
97.72,STR,2023,36,Bahrain,HARD,3,6
91.188,PER,2023,52,Silverstone,SOFT,2,24
87.373,STR,2023,37,Monza,HARD,2,21
129.418,LAT,2022,2,Monaco,INTERMEDIATE,2,1
85.158,MAG,2023,15,Australia,HARD,3,8
137.043,ALB,2022,5,Australia,HARD,1,5
92.723,SAR,2023,29,Silverstone,MEDIUM,1,29
98.171,TSU,2023,2,Saudi Arabia,MEDIUM,1,2
80.909,HAM,2023,50,Australia,HARD,2,42
82.581,NOR,2022,52,Australia,HARD,2,32
96.796,MAG,2023,3,Saudi Arabia,MEDIUM,1,3
81.65,ALO,2024,9,Monaco,MEDIUM,2,9
92.354,VER,2022,44,Silverstone,SOFT,5,5
132.287,HAM,2023,2,Australia,MEDIUM,1,2
108.345,MAG,2023,1,Singapore,MEDIUM,1,1
93.201,SAI,2022,35,Saudi Arabia,HARD,2,19
96.303,GAS,2022,25,Saudi Arabia,HARD,2,10
76.269,PER,2023,5,Monaco,HARD,2,4
96.454,BOT,2024,14,Bahrain,HARD,2,2
99.282,TSU,2023,20,Bahrain,HARD,2,10
120.713,NOR,2022,42,Bahrain,SOFT,3,1
82.456,ALO,2023,31,Australia,HARD,2,23
145.086,SAI,2023,37,Silverstone,HARD,2,11
100.697,TSU,2022,2,Bahrain,SOFT,1,2
87.37,ALB,2023,38,Monza,HARD,2,26
101.064,MAG,2022,11,Bahrain,SOFT,1,11
77.322,HAM,2023,27,Monaco,MEDIUM,1,27
82.325,ALO,2023,26,Australia,HARD,2,18
136.809,LAT,2022,5,Australia,MEDIUM,1,5
98.028,VER,2022,7,Monaco,WET,1,7
92.687,VER,2023,12,Silverstone,MEDIUM,1,12
93.041,RUS,2023,42,Saudi Arabia,HARD,2,24
96.692,HAM,2024,28,Bahrain,HARD,2,16
96.621,OCO,2024,41,Bahrain,HARD,3,11
98.643,BOT,2024,4,Bahrain,SOFT,1,4
84.35,LAT,2022,44,Australia,HARD,3,21
74.992,TSU,2024,75,Monaco,HARD,2,75
146.674,HUL,2023,33,Silverstone,SOFT,3,1
95.303,RIC,2022,15,Silverstone,MEDIUM,2,15
93.502,SAR,2023,24,Silverstone,MEDIUM,1,24
103.803,PIA,2023,58,Monaco,INTERMEDIATE,2,4
81.651,TSU,2024,8,Monaco,HARD,2,8
78.927,RUS,2024,27,Monaco,MEDIUM,2,26
87.669,BOT,2022,21,Monza,MEDIUM,1,21
94.905,SAR,2023,44,Saudi Arabia,MEDIUM,2,26
94.386,BOT,2023,9,Silverstone,HARD,1,9
95.766,DEV,2023,27,Saudi Arabia,HARD,2,10
119.503,HAM,2023,31,Bahrain,HARD,3,1
94.488,TSU,2023,38,Saudi Arabia,HARD,2,21
94.039,OCO,2023,39,Saudi Arabia,HARD,2,23
103.22,GAS,2023,55,Monaco,INTERMEDIATE,3,1
87.368,ALO,2023,10,Monza,MEDIUM,1,10
100.048,ALB,2023,52,Singapore,MEDIUM,3,9
99.094,ALB,2023,17,Bahrain,SOFT,2,6
98.42,OCO,2024,24,Bahrain,HARD,2,14
96.796,LEC,2024,22,Bahrain,HARD,2,11
80.281,TSU,2023,3,Monaco,MEDIUM,1,3
94.509,ALO,2022,35,Saudi Arabia,HARD,2,19
135.091,SAR,2023,21,Singapore,HARD,2,2
97.902,SAR,2023,34,Bahrain,HARD,3,4
79.139,BOT,2023,36,Monaco,HARD,1,36
96.755,PER,2022,38,Bahrain,SOFT,3,8
111.408,HUL,2023,1,Australia,MEDIUM,1,1
78.311,PIA,2023,34,Monaco,HARD,1,34
98.771,OCO,2024,3,Bahrain,SOFT,1,3
83.159,RUS,2023,6,Australia,MEDIUM,1,6
77.894,SAI,2024,48,Monaco,HARD,2,47
99.211,PIA,2024,34,Bahrain,HARD,2,22
82.807,MAG,2023,36,Australia,HARD,3,29
104.909,ALB,2023,56,Monaco,INTERMEDIATE,3,4
84.341,OCO,2023,21,Australia,HARD,3,20
86.848,ALO,2023,31,Monza,HARD,2,13
94.258,OCO,2022,36,Silverstone,HARD,3,14
83.428,GAS,2024,5,Monaco,MEDIUM,2,4
97.01,TSU,2023,44,Bahrain,SOFT,4,7
85.984,VET,2022,11,Australia,HARD,1,12
96.964,ALB,2023,22,Saudi Arabia,HARD,2,5
98.625,OCO,2024,4,Bahrain,SOFT,1,4
76.868,SAI,2022,50,Monaco,HARD,3,29
97.11,OCO,2022,53,Bahrain,SOFT,4,13
80.972,NOR,2024,10,Monaco,HARD,2,10
87.556,MAG,2023,32,Monza,MEDIUM,2,20
96.462,SAR,2024,36,Bahrain,HARD,3,8
81.792,MAG,2023,46,Australia,HARD,3,39
75.233,ZHO,2024,73,Monaco,SOFT,3,3
99.78,PIA,2023,62,Monaco,INTERMEDIATE,2,8
96.531,RUS,2022,11,Monaco,WET,1,11
94.799,PER,2024,44,Bahrain,SOFT,3,8
95.471,STR,2023,5,Saudi Arabia,MEDIUM,1,5
145.101,ALO,2022,24,Australia,HARD,1,24
82.89,HAM,2023,6,Australia,MEDIUM,1,6
95.899,PIA,2023,11,Saudi Arabia,HARD,2,10
98.423,DEV,2023,37,Bahrain,HARD,3,10
96.692,HUL,2024,34,Bahrain,HARD,3,14
82.868,BOT,2024,6,Monaco,MEDIUM,2,5
92.637,NOR,2023,22,Silverstone,MEDIUM,1,22
95.31,ALB,2022,37,Saudi Arabia,HARD,2,24
84.69,PER,2022,8,Australia,MEDIUM,1,8
109.322,DEV,2023,17,Saudi Arabia,MEDIUM,1,17
101.182,TSU,2022,10,Bahrain,SOFT,1,10
86.403,ALO,2023,42,Monza,HARD,2,24
82.115,ZHO,2023,44,Australia,HARD,3,43
76.944,VER,2023,41,Monaco,MEDIUM,1,41
97.294,SAI,2023,43,Bahrain,HARD,3,12
96.485,STR,2024,40,Bahrain,HARD,3,13
85.138,ZHO,2022,10,Australia,MEDIUM,1,10
98.433,SAI,2023,16,Bahrain,HARD,2,3
130.728,ALO,2023,2,Australia,MEDIUM,1,3
94.722,HAM,2024,39,Bahrain,HARD,3,6
88.249,OCO,2023,16,Monza,MEDIUM,1,16
82.704,HAM,2023,21,Australia,HARD,2,13
83.019,BOT,2023,39,Australia,HARD,3,38
82.772,OCO,2023,36,Australia,HARD,3,35
75.414,HAM,2024,62,Monaco,HARD,3,12
95.224,PIA,2023,32,Saudi Arabia,HARD,2,31
87.312,HUL,2023,19,Monza,HARD,2,10
79.781,TSU,2024,55,Monaco,HARD,2,55
80.043,BOT,2024,45,Monaco,HARD,3,31
77.034,LEC,2024,59,Monaco,HARD,2,58
81.74,HAM,2022,37,Monaco,MEDIUM,4,7
102.262,LEC,2023,61,Monaco,INTERMEDIATE,3,6
103.965,ALB,2022,35,Bahrain,MEDIUM,2,22
95.822,HAM,2023,13,Saudi Arabia,HARD,1,13
80.552,SAR,2024,43,Monaco,HARD,2,43
100.918,VER,2022,5,Monaco,WET,1,5
80.337,NOR,2024,17,Monaco,HARD,2,17
98.846,SAI,2022,27,Bahrain,SOFT,2,13
80.171,HAM,2024,13,Monaco,MEDIUM,2,12
81.34,SAI,2023,42,Australia,HARD,3,35
86.734,OCO,2022,2,Australia,MEDIUM,1,2
96.806,HUL,2023,47,Bahrain,SOFT,4,10
94.339,PER,2023,4,Silverstone,MEDIUM,1,4
97.722,PER,2024,4,Bahrain,SOFT,1,7
94.186,HAM,2023,29,Saudi Arabia,MEDIUM,2,11
79.277,LEC,2024,42,Monaco,HARD,2,41
98.631,OCO,2024,52,Bahrain,HARD,3,22
79.125,LEC,2024,32,Monaco,HARD,2,31
81.044,ZHO,2024,30,Monaco,HARD,2,29
92.622,SAI,2022,23,Silverstone,HARD,3,3
103.097,ALB,2022,8,Bahrain,SOFT,1,8
77.212,GAS,2023,37,Monaco,HARD,1,37
97.909,DEV,2023,31,Bahrain,HARD,3,4
97.871,HAM,2022,29,Bahrain,MEDIUM,3,2
120.587,MAG,2023,16,Bahrain,HARD,2,1
80.471,SAR,2023,16,Monaco,MEDIUM,1,16
97.46,MAG,2023,35,Bahrain,SOFT,3,6
137.713,LAW,2023,22,Singapore,HARD,2,2
98.693,PER,2022,26,Bahrain,MEDIUM,2,11
80.446,STR,2023,33,Monaco,HARD,1,34
78.585,PIA,2024,22,Monaco,HARD,2,22
94.735,GAS,2023,31,Saudi Arabia,HARD,2,17
147.51,ALB,2022,18,Saudi Arabia,HARD,2,5
86.378,GAS,2023,75,Monaco,INTERMEDIATE,3,21
78.057,STR,2024,68,Monaco,SOFT,4,20
110.177,ALB,2023,40,Bahrain,HARD,3,14
96.905,PIA,2024,28,Bahrain,HARD,2,16
2526.253,ZHO,2024,1,Monaco,MEDIUM,1,1
80.272,RUS,2024,14,Monaco,MEDIUM,2,13
90.253,ZHO,2023,51,Monaco,HARD,2,50
91.366,SAI,2023,51,Silverstone,HARD,2,25
95.462,VER,2022,52,Bahrain,SOFT,4,12
87.197,ALB,2023,75,Monaco,INTERMEDIATE,3,23
97.383,RUS,2023,50,Bahrain,HARD,3,19
82.887,SAR,2023,39,Australia,HARD,5,10
97.225,SAR,2023,49,Bahrain,SOFT,4,9
101.277,HAM,2023,56,Monaco,INTERMEDIATE,3,2
78.557,STR,2024,70,Monaco,SOFT,4,22
84.525,VER,2022,14,Australia,MEDIUM,1,14
114.489,BOT,2023,10,Saudi Arabia,HARD,2,1
92.976,SAI,2022,26,Silverstone,HARD,3,6
87.957,LAT,2022,7,Australia,MEDIUM,1,7
105.985,ALB,2023,1,Saudi Arabia,MEDIUM,1,1
78.663,ALO,2024,75,Monaco,MEDIUM,2,75
93.887,HAM,2023,35,Saudi Arabia,MEDIUM,2,17
94.295,SAI,2022,22,Saudi Arabia,HARD,2,6
89.024,ZHO,2022,31,Monaco,MEDIUM,3,2
95.265,GAS,2022,21,Silverstone,HARD,3,6
135.21,LAT,2022,25,Australia,HARD,3,2
97.17,LEC,2023,38,Bahrain,HARD,3,5
87.657,LAW,2023,3,Monza,MEDIUM,1,6
76.543,VER,2022,40,Monaco,MEDIUM,4,10
83.834,ALO,2022,46,Australia,MEDIUM,2,7
100.686,RIC,2022,32,Bahrain,SOFT,2,15
100.83,PIA,2023,2,Bahrain,SOFT,1,2
78.284,GAS,2023,15,Monaco,HARD,1,15
96.934,STR,2024,52,Bahrain,HARD,3,25
84.466,RIC,2022,30,Australia,HARD,2,9
78.422,HAM,2023,14,Monaco,MEDIUM,1,14
83.332,ALO,2024,42,Monaco,MEDIUM,2,42
78.271,OCO,2023,11,Monaco,MEDIUM,1,11
95.149,NOR,2024,38,Bahrain,HARD,3,5
98.318,ALO,2023,20,Bahrain,HARD,2,6
77.18,SAI,2023,32,Monaco,HARD,1,32
101.093,LAW,2023,50,Singapore,HARD,2,30
81.673,RIC,2022,38,Monaco,HARD,3,19
84.411,LEC,2022,39,Monza,SOFT,3,6
82.603,ALO,2023,6,Australia,MEDIUM,1,7
76.588,HAM,2023,41,Monaco,HARD,2,10
121.276,HAM,2022,28,Bahrain,MEDIUM,3,1
96.365,ZHO,2024,11,Bahrain,HARD,2,2
80.597,ALB,2023,49,Monaco,HARD,2,31
83.222,ZHO,2023,37,Australia,HARD,3,36
94.844,STR,2022,26,Silverstone,HARD,3,12
98.296,ALB,2024,27,Bahrain,HARD,2,12
86.972,RIC,2022,28,Monza,HARD,2,9
83.12,SAR,2023,50,Monaco,SOFT,3,27
78.177,RUS,2024,44,Monaco,MEDIUM,2,43
88.08,MAG,2023,14,Monza,MEDIUM,2,2
97.102,ALB,2024,49,Bahrain,HARD,3,13
127.588,PIA,2023,19,Saudi Arabia,HARD,2,18
108.944,ALB,2022,40,Saudi Arabia,HARD,2,27
94.136,ALO,2023,25,Saudi Arabia,HARD,2,8
100.052,OCO,2023,23,Bahrain,HARD,3,11
98.204,ALB,2024,24,Bahrain,HARD,2,9
97.345,PER,2023,53,Bahrain,HARD,3,19
97.838,PER,2024,8,Bahrain,SOFT,1,11
78.91,SAR,2023,47,Monaco,SOFT,3,24
105.367,HAM,2022,29,Monaco,HARD,3,7
127.15,HUL,2023,19,Saudi Arabia,HARD,2,8
81.646,SAR,2023,21,Monaco,HARD,2,1
134.405,BOT,2023,44,Singapore,MEDIUM,2,4
114.072,LAT,2022,50,Monza,SOFT,3,3
96.282,DEV,2023,12,Saudi Arabia,MEDIUM,1,12
76.701,VER,2023,45,Monaco,MEDIUM,1,45
97.216,RUS,2022,35,Bahrain,MEDIUM,3,2
80.847,TSU,2024,16,Monaco,HARD,2,16
85.584,BOT,2022,11,Australia,MEDIUM,1,11
78.343,BOT,2023,47,Monaco,HARD,1,47
124.785,OCO,2022,45,Bahrain,SOFT,4,5
78.459,RUS,2023,12,Monaco,HARD,1,12
93.048,RUS,2022,47,Saudi Arabia,HARD,2,31
97.782,LEC,2024,6,Bahrain,SOFT,1,9
83.121,ZHO,2023,24,Australia,HARD,3,23
94.446,RIC,2022,28,Silverstone,HARD,3,8
80.348,RIC,2024,24,Monaco,HARD,2,24
97.388,HAM,2023,37,Bahrain,HARD,3,7
145.969,STR,2023,37,Silverstone,SOFT,2,9
94.648,MSC,2022,23,Silverstone,HARD,3,4
93.983,ALO,2022,23,Silverstone,MEDIUM,2,22
94.409,PER,2023,14,Saudi Arabia,MEDIUM,1,14
91.593,NOR,2023,47,Silverstone,HARD,2,14
96.501,NOR,2024,20,Bahrain,HARD,2,7
84.105,SAR,2023,17,Australia,MEDIUM,4,9
93.736,ALO,2023,15,Silverstone,MEDIUM,1,16
80.72,SAR,2024,45,Monaco,HARD,2,45
100.814,NOR,2023,6,Bahrain,SOFT,1,6
83.193,TSU,2023,39,Australia,HARD,2,31
83.324,SAR,2023,49,Australia,HARD,5,20
95.14,ALO,2023,3,Saudi Arabia,MEDIUM,1,3
85.794,VER,2022,15,Monza,SOFT,1,15
94.27,MAG,2023,41,Saudi Arabia,HARD,2,33
78.605,HAM,2024,37,Monaco,MEDIUM,2,36
94.778,NOR,2022,8,Silverstone,MEDIUM,2,8
97.86,NOR,2024,7,Bahrain,SOFT,1,10
99.67,ZHO,2023,31,Bahrain,HARD,2,19
77.223,RUS,2023,49,Monaco,HARD,1,49
95.176,HUL,2023,29,Saudi Arabia,HARD,2,18
86.589,NOR,2022,27,Australia,HARD,2,7
85.566,TSU,2022,9,Australia,MEDIUM,1,9
82.07,PER,2023,27,Australia,HARD,4,20
83.17,OCO,2022,55,Australia,HARD,2,38
86.343,SAI,2022,6,Monza,MEDIUM,1,6
84.293,ALO,2023,4,Australia,MEDIUM,1,5
77.771,ZHO,2023,25,Monaco,HARD,2,24
96.898,VER,2022,38,Bahrain,MEDIUM,3,8
95.736,HUL,2024,55,Bahrain,SOFT,4,15
86.648,BOT,2023,31,Monza,MEDIUM,2,9
226.277,LAT,2022,1,Monaco,WET,1,1
87.189,GAS,2023,27,Monza,HARD,2,20
95.972,SAR,2024,51,Bahrain,SOFT,4,11
77.483,LEC,2023,38,Monaco,HARD,1,38
96.364,PIA,2023,12,Saudi Arabia,HARD,2,11
125.64,GAS,2022,38,Saudi Arabia,HARD,2,23
77.514,GAS,2022,55,Monaco,HARD,4,33
87.066,NOR,2023,11,Monza,MEDIUM,1,11
80.817,RIC,2024,21,Monaco,HARD,2,21
94.267,ZHO,2023,8,Silverstone,MEDIUM,1,8
78.854,MAG,2023,49,Monaco,HARD,1,49
96.008,SAI,2024,22,Bahrain,HARD,2,8
101.127,BOT,2022,4,Bahrain,SOFT,1,7
123.71,ZHO,2023,3,Australia,HARD,2,2
77.63,ALO,2023,40,Monaco,HARD,1,41
78.692,HUL,2023,40,Monaco,HARD,2,39
78.286,SAI,2023,13,Monaco,HARD,1,13
81.683,PIA,2023,52,Australia,HARD,2,44
99.202,ALB,2022,56,Bahrain,SOFT,4,13
76.933,LEC,2024,77,Monaco,HARD,2,76
91.984,RUS,2023,46,Silverstone,MEDIUM,2,18
97.628,HUL,2023,64,Monaco,WET,4,5
98.257,OCO,2022,7,Saudi Arabia,MEDIUM,1,7
95.973,PIA,2023,27,Saudi Arabia,HARD,2,26
102.22,BOT,2023,29,Bahrain,HARD,2,18
81.193,ZHO,2024,12,Monaco,HARD,2,11
78.655,BOT,2023,33,Monaco,HARD,1,33
84.671,GAS,2023,4,Australia,SOFT,1,4
86.104,BOT,2022,40,Monza,SOFT,2,5
82.48,RIC,2022,55,Australia,HARD,2,34
134.175,OCO,2023,18,Saudi Arabia,HARD,2,2
78.714,NOR,2024,35,Monaco,HARD,2,35
96.663,BOT,2024,45,Bahrain,HARD,3,15
97.436,ZHO,2024,13,Bahrain,HARD,2,4
119.863,ZHO,2023,2,Australia,HARD,2,1
81.366,ALO,2024,12,Monaco,MEDIUM,2,12
96.705,TSU,2023,5,Saudi Arabia,MEDIUM,1,5
97.702,GAS,2024,19,Bahrain,HARD,2,7
82.728,LEC,2022,26,Monaco,HARD,3,5
81.836,ZHO,2023,50,Australia,HARD,3,49
87.312,STR,2023,9,Monza,MEDIUM,1,9
77.829,BOT,2024,19,Monaco,HARD,3,5
85.245,ALO,2022,12,Australia,HARD,1,12
82.193,VER,2023,23,Australia,HARD,2,15
87.442,ZHO,2023,30,Monza,HARD,2,22
146.938,RUS,2022,31,Monaco,MEDIUM,3,1
95.511,RIC,2022,26,Saudi Arabia,HARD,2,18
94.04,VET,2022,44,Silverstone,MEDIUM,4,7
98.372,OCO,2024,28,Bahrain,HARD,2,18
95.485,NOR,2024,47,Bahrain,HARD,3,14
78.424,STR,2023,38,Monaco,HARD,1,39
101.34,MAG,2023,5,Bahrain,HARD,1,5
85.51,LAT,2022,19,Australia,HARD,2,7
99.836,ZHO,2022,30,Bahrain,MEDIUM,2,15
97.417,STR,2024,18,Bahrain,HARD,2,9
106.215,RIC,2022,17,Bahrain,MEDIUM,1,17
96.916,SAR,2023,19,Australia,MEDIUM,4,11
98.623,ZHO,2022,11,Monaco,WET,1,11
98.929,GAS,2024,10,Bahrain,SOFT,1,10
92.501,OCO,2023,69,Monaco,INTERMEDIATE,3,15
98.216,HUL,2024,18,Bahrain,HARD,2,17
102.599,OCO,2023,37,Singapore,HARD,2,17
98.124,ALO,2023,18,Bahrain,HARD,2,4
79.419,DEV,2023,13,Monaco,MEDIUM,1,13
95.212,OCO,2023,23,Saudi Arabia,HARD,2,7
95.325,SAR,2023,33,Saudi Arabia,MEDIUM,2,15
91.716,MSC,2022,33,Monza,MEDIUM,1,33
93.316,HAM,2023,46,Saudi Arabia,MEDIUM,2,28
78.386,RIC,2024,69,Monaco,HARD,2,69
85.466,MAG,2022,9,Australia,HARD,1,9
100.63,DEV,2023,5,Bahrain,SOFT,1,5
81.97,STR,2024,17,Monaco,MEDIUM,2,17
94.075,LEC,2022,22,Saudi Arabia,HARD,2,6
94.507,SAI,2024,44,Bahrain,HARD,3,9
85.271,RIC,2022,8,Australia,MEDIUM,1,8
76.711,GAS,2023,51,Monaco,MEDIUM,2,4
77.909,PIA,2024,51,Monaco,HARD,2,51
82.15,SAI,2023,21,Australia,HARD,3,14
139.381,SAI,2023,55,Monaco,MEDIUM,2,22
102.009,PER,2023,2,Singapore,HARD,1,2
98.681,BOT,2022,43,Bahrain,MEDIUM,3,7
117.632,ALB,2024,37,Bahrain,HARD,3,1
101.283,MAG,2023,8,Bahrain,HARD,1,8
96.546,ZHO,2024,35,Bahrain,HARD,3,7
119.764,MAG,2022,15,Bahrain,SOFT,2,4
92.097,HUL,2023,42,Silverstone,SOFT,3,10
98.649,ALB,2023,63,Monaco,INTERMEDIATE,3,11
74.165,HAM,2024,63,Monaco,HARD,3,13
92.507,VER,2023,18,Silverstone,MEDIUM,1,18
97.851,TSU,2024,25,Bahrain,HARD,2,11
79.512,MAG,2023,7,Monaco,HARD,1,7
87.913,GAS,2023,49,Monza,MEDIUM,3,18
101.668,LAT,2022,3,Bahrain,SOFT,1,3
95.475,RIC,2024,39,Bahrain,SOFT,3,4
85.46,VER,2023,77,Monaco,INTERMEDIATE,2,22
82.234,NOR,2023,29,Australia,HARD,2,21
75.753,RUS,2024,76,Monaco,MEDIUM,2,75
99.314,NOR,2023,12,Bahrain,HARD,2,2
88.248,MSC,2022,4,Monza,MEDIUM,1,4
93.144,PIA,2023,13,Silverstone,MEDIUM,1,13
93.403,SAI,2023,40,Saudi Arabia,HARD,2,25
78.806,STR,2024,45,Monaco,HARD,3,5
100.789,HUL,2023,48,Singapore,HARD,2,28
80.821,ALB,2024,12,Monaco,HARD,2,11
82.088,OCO,2023,33,Australia,HARD,3,32
93.829,MAG,2023,48,Saudi Arabia,HARD,2,40
82.532,NOR,2023,22,Australia,HARD,2,14
100.676,BOT,2023,10,Bahrain,SOFT,1,10
99.078,DEV,2023,19,Bahrain,HARD,2,8
80.677,ZHO,2024,33,Monaco,HARD,2,32
99.574,TSU,2022,22,Bahrain,MEDIUM,2,7
133.174,STR,2023,38,Silverstone,SOFT,2,10
92.816,ALB,2023,31,Silverstone,MEDIUM,1,31
77.21,HAM,2022,50,Monaco,MEDIUM,4,20
76.489,LEC,2024,66,Monaco,HARD,2,65
94.927,ALO,2023,12,Saudi Arabia,MEDIUM,1,12
92.726,PER,2023,30,Saudi Arabia,HARD,2,12
128.659,ALB,2023,41,Bahrain,SOFT,4,1
75.659,VER,2024,71,Monaco,HARD,3,20
95.743,LAT,2022,6,Silverstone,SOFT,2,5
96.454,SAI,2022,35,Bahrain,MEDIUM,3,2
126.941,LEC,2022,28,Monaco,HARD,3,7
77.163,LEC,2023,33,Monaco,HARD,1,33
94.663,LAT,2022,52,Silverstone,SOFT,4,14
86.423,VET,2022,13,Australia,HARD,1,14
85.972,LEC,2023,8,Monza,MEDIUM,1,8
98.2,PER,2023,52,Monaco,MEDIUM,3,19
93.857,SAI,2022,23,Saudi Arabia,HARD,2,7
87.227,BOT,2023,8,Monza,HARD,1,11
84.665,RUS,2022,22,Australia,MEDIUM,1,22
98.073,PIA,2024,10,Bahrain,SOFT,1,13
99.668,LEC,2023,26,Bahrain,HARD,2,13
83.806,TSU,2022,51,Australia,HARD,2,33
79.535,HAM,2022,43,Monaco,MEDIUM,4,13
76.512,NOR,2024,77,Monaco,HARD,2,77
98.794,ZHO,2023,19,Bahrain,HARD,2,7
82.642,LEC,2022,30,Australia,HARD,2,8
87.449,HAM,2023,19,Monza,HARD,1,22
116.358,BOT,2024,2,Monaco,MEDIUM,2,1
78.784,PIA,2024,25,Monaco,HARD,2,25
76.283,LEC,2023,49,Monaco,MEDIUM,2,5
95.422,MAG,2022,12,Silverstone,MEDIUM,2,13
124.303,RUS,2022,50,Monza,SOFT,3,6
99.789,NOR,2023,54,Bahrain,SOFT,6,11
103.736,BOT,2022,14,Bahrain,SOFT,1,17
101.678,LAT,2022,5,Bahrain,SOFT,1,5
80.767,SAI,2023,34,Monaco,MEDIUM,2,1
102.155,RUS,2023,58,Monaco,INTERMEDIATE,2,4
98.689,TSU,2024,2,Bahrain,SOFT,1,2
93.998,OCO,2023,47,Saudi Arabia,HARD,2,31
82.26,ALO,2023,16,Australia,HARD,2,8
81.277,RIC,2024,12,Monaco,HARD,2,12
78.625,SAR,2023,42,Monaco,SOFT,3,19
145.817,GAS,2023,37,Silverstone,SOFT,2,9
75.525,RUS,2024,75,Monaco,MEDIUM,2,74
83.858,NOR,2023,6,Australia,MEDIUM,1,6
98.059,TSU,2023,36,Bahrain,HARD,3,10
79.812,ALB,2024,40,Monaco,HARD,2,39
83.323,LEC,2022,33,Monaco,HARD,4,12
85.316,VER,2023,76,Monaco,INTERMEDIATE,2,21
82.104,STR,2023,27,Australia,HARD,2,19
97.982,HAM,2023,58,Singapore,MEDIUM,3,14
93.207,ALO,2023,43,Saudi Arabia,HARD,2,26
95.226,HAM,2024,47,Bahrain,HARD,3,14
95.549,NOR,2023,40,Saudi Arabia,MEDIUM,3,21
101.858,STR,2022,17,Bahrain,SOFT,1,17
95.59,SAR,2024,49,Bahrain,SOFT,4,9
96.954,RUS,2024,23,Bahrain,HARD,2,12
79.877,PER,2023,26,Monaco,HARD,2,25
104.195,PER,2023,23,Singapore,HARD,1,23
75.38,VER,2024,74,Monaco,HARD,3,23
98.448,RUS,2023,28,Bahrain,HARD,2,15
78.169,TSU,2023,47,Monaco,MEDIUM,1,47
99.274,SAI,2024,35,Bahrain,HARD,2,21
86.734,GAS,2022,43,Monza,HARD,2,26
92.63,ALB,2023,39,Silverstone,SOFT,2,11
93.479,LEC,2023,39,Saudi Arabia,HARD,2,23
93.128,SAI,2023,47,Saudi Arabia,HARD,2,32
101.654,MAG,2023,13,Bahrain,HARD,1,13
82.026,GAS,2023,28,Australia,HARD,2,20
89.512,GAS,2022,52,Monza,HARD,2,35
94.404,VER,2022,29,Silverstone,HARD,4,6
82.05,ZHO,2023,52,Australia,HARD,3,51
101.442,ALB,2023,28,Singapore,HARD,2,8
99.435,OCO,2023,25,Bahrain,HARD,3,13
76.823,VER,2023,19,Monaco,MEDIUM,1,19
98.709,PER,2023,42,Singapore,MEDIUM,2,3
92.703,HAM,2023,24,Silverstone,MEDIUM,1,24
91.094,NOR,2023,46,Silverstone,HARD,2,13
83.993,SAR,2023,25,Australia,MEDIUM,4,17
79.382,PIA,2023,25,Monaco,HARD,1,25
76.926,ZHO,2023,5,Monaco,HARD,2,4
100.333,ALB,2024,36,Bahrain,HARD,2,21
97.521,STR,2023,35,Bahrain,HARD,3,5
95.74,SAI,2022,52,Bahrain,SOFT,4,11
118.797,PER,2023,18,Bahrain,SOFT,2,3
107.24,GAS,2024,1,Bahrain,SOFT,1,1
76.862,ALO,2023,45,Monaco,HARD,1,46
77.285,ALO,2023,24,Monaco,HARD,1,25
75.398,VER,2024,55,Monaco,HARD,3,4
92.158,HUL,2023,50,Silverstone,SOFT,3,18
80.9,RIC,2024,30,Monaco,HARD,2,30
81.791,PER,2022,56,Australia,HARD,2,36
87.406,RIC,2022,6,Monza,MEDIUM,1,6
97.974,ZHO,2023,44,Bahrain,SOFT,3,15
79.577,GAS,2023,4,Monaco,HARD,1,4
100.353,OCO,2023,15,Singapore,MEDIUM,1,15
78.678,LEC,2022,60,Monaco,HARD,4,39
80.84,SAR,2024,30,Monaco,HARD,2,30
94.89,RUS,2022,24,Saudi Arabia,HARD,2,8
76.391,PIA,2024,65,Monaco,HARD,2,65
98.957,LEC,2024,7,Bahrain,SOFT,1,10
98.374,GAS,2023,21,Saudi Arabia,HARD,2,7
94.79,RUS,2022,40,Australia,HARD,2,17
93.983,NOR,2022,25,Silverstone,MEDIUM,2,25
78.745,MAG,2023,48,Monaco,HARD,1,48
83.071,MAG,2022,44,Australia,MEDIUM,2,7
117.922,NOR,2022,32,Monaco,HARD,4,10
86.678,RUS,2022,27,Australia,HARD,2,4
97.396,TSU,2024,19,Bahrain,HARD,2,5
80.962,ZHO,2024,51,Monaco,HARD,2,50
83.666,ZHO,2023,20,Australia,HARD,3,19
86.298,TSU,2022,17,Australia,MEDIUM,1,17
78.652,VET,2022,50,Monaco,HARD,4,28
98.957,LEC,2024,7,Bahrain,SOFT,1,10
85.36,MAG,2022,10,Australia,HARD,1,10
93.56,ZHO,2023,21,Silverstone,MEDIUM,1,21
103.133,ALB,2023,59,Monaco,INTERMEDIATE,3,7
98.945,GAS,2023,16,Bahrain,HARD,2,7
91.49,LEC,2022,17,Monaco,WET,1,17
93.149,SAI,2023,46,Saudi Arabia,HARD,2,31
99.872,SAR,2023,24,Bahrain,SOFT,2,12
98.311,ZHO,2023,43,Bahrain,SOFT,3,14
93.384,LEC,2023,42,Saudi Arabia,HARD,2,26
90.957,OCO,2022,52,Monza,HARD,2,33
128.408,SAR,2023,43,Singapore,HARD,2,24
98.357,HUL,2022,4,Saudi Arabia,HARD,1,5
96.248,BOT,2023,31,Saudi Arabia,MEDIUM,3,14
81.456,SAR,2023,50,Australia,HARD,5,21
87.607,ALO,2023,14,Monza,MEDIUM,1,14
82.04,TSU,2023,48,Australia,HARD,2,40
99.17,TSU,2023,19,Bahrain,HARD,2,9
98.889,DEV,2023,45,Bahrain,HARD,3,18
109.132,STR,2024,48,Monaco,HARD,3,8
97.73,RUS,2024,9,Bahrain,SOFT,1,12
81.563,SAR,2023,46,Australia,HARD,5,17
97.844,SAI,2023,46,Bahrain,HARD,3,15
86.918,RIC,2022,27,Monza,HARD,2,8
95.127,DEV,2023,37,Saudi Arabia,HARD,2,20
91.634,LEC,2022,48,Saudi Arabia,HARD,2,32
78.752,ALO,2024,61,Monaco,MEDIUM,2,61
100.631,RIC,2022,31,Bahrain,SOFT,2,14
79.998,STR,2023,4,Monaco,HARD,1,5
96.476,OCO,2022,2,Saudi Arabia,MEDIUM,1,2
93.624,HAM,2023,10,Silverstone,MEDIUM,1,10
82.071,OCO,2023,35,Australia,HARD,3,34
96.907,LEC,2023,2,Saudi Arabia,SOFT,1,2
98.425,MAG,2023,1,Monaco,HARD,1,1
100.339,OCO,2023,8,Singapore,MEDIUM,1,8
98.073,ALB,2022,53,Bahrain,SOFT,4,10
85.161,RUS,2022,9,Australia,MEDIUM,1,9
83.043,MAG,2023,24,Australia,HARD,3,17
87.108,GAS,2022,29,Monza,HARD,2,12
100.297,SAI,2023,11,Singapore,MEDIUM,1,11
100.448,RUS,2022,13,Bahrain,SOFT,1,16
83.268,ZHO,2023,21,Australia,HARD,3,20
85.919,BOT,2022,20,Australia,MEDIUM,1,20
95.511,GAS,2024,52,Bahrain,SOFT,4,9
93.862,OCO,2022,41,Saudi Arabia,HARD,2,25
93.815,PER,2022,24,Saudi Arabia,HARD,2,9
101.147,ALO,2023,11,Bahrain,SOFT,1,14
98.274,MAG,2023,18,Bahrain,HARD,2,3
76.992,ALO,2023,49,Monaco,HARD,1,50
80.897,SAR,2024,22,Monaco,HARD,2,22
110.41,GAS,2022,47,Monza,HARD,2,30
102.401,OCO,2023,2,Singapore,MEDIUM,1,2
96.978,HAM,2023,9,Saudi Arabia,HARD,1,9
105.315,LAT,2022,14,Bahrain,SOFT,1,14
87.005,RUS,2023,15,Monza,MEDIUM,1,15
135.309,OCO,2022,5,Australia,MEDIUM,1,5
97.57,VER,2023,46,Singapore,MEDIUM,2,6
87.093,BOT,2023,38,Monza,MEDIUM,2,16
92.267,PER,2023,44,Saudi Arabia,HARD,2,26
87.916,GAS,2023,3,Monza,MEDIUM,1,3
97.971,SAR,2023,39,Bahrain,HARD,3,9
100.801,LAW,2023,51,Singapore,HARD,2,31
93.636,SAI,2022,24,Saudi Arabia,HARD,2,8
99.673,SAR,2023,29,Bahrain,SOFT,2,17
94.92,ALO,2023,5,Saudi Arabia,MEDIUM,1,5
85.528,TSU,2022,46,Australia,HARD,2,28
77.944,RIC,2022,54,Monaco,HARD,3,35
85.641,LEC,2022,22,Monza,MEDIUM,2,10
99.745,HAM,2022,8,Monaco,WET,1,8
94.843,OCO,2022,27,Silverstone,HARD,3,5
104.548,HUL,2023,54,Australia,HARD,2,46
92.988,GAS,2023,27,Silverstone,MEDIUM,1,27
125.584,MSC,2022,39,Silverstone,HARD,3,20
97.284,VER,2024,1,Bahrain,SOFT,1,4
95.7,LEC,2023,22,Saudi Arabia,HARD,2,6
98.747,MAG,2024,10,Bahrain,SOFT,1,10
95.544,MAG,2023,26,Saudi Arabia,HARD,2,18
93.432,RUS,2023,7,Silverstone,SOFT,1,10
97.061,HAM,2023,42,Bahrain,HARD,3,12
96.526,VER,2023,3,Saudi Arabia,MEDIUM,1,3
97.468,TSU,2024,31,Bahrain,HARD,2,17
77.042,PIA,2024,59,Monaco,HARD,2,59
86.938,RIC,2022,30,Monza,HARD,2,11
100.265,BOT,2023,6,Bahrain,SOFT,1,6
95.256,SAI,2023,13,Saudi Arabia,MEDIUM,1,13
84.612,LEC,2022,42,Monza,SOFT,3,9
96.833,TSU,2023,25,Saudi Arabia,HARD,2,8
80.739,ALO,2024,56,Monaco,MEDIUM,2,56
128.913,SAR,2023,33,Silverstone,SOFT,2,4
95.302,LEC,2024,49,Bahrain,HARD,3,15
149.932,ALO,2022,19,Saudi Arabia,HARD,2,3
78.033,SAR,2023,26,Monaco,SOFT,3,3
78.833,HAM,2023,45,Monaco,HARD,2,14
87.251,MAG,2022,7,Australia,HARD,1,7
100.703,MAG,2023,65,Monaco,WET,2,9
86.978,RUS,2023,77,Monaco,INTERMEDIATE,2,23
98.382,PIA,2024,2,Bahrain,SOFT,1,5
77.145,OCO,2023,27,Monaco,MEDIUM,1,27
81.544,HUL,2023,47,Australia,HARD,2,39
81.716,ALO,2023,38,Australia,HARD,2,30
87.363,SAR,2023,21,Monza,HARD,2,10
101.715,STR,2022,5,Bahrain,SOFT,1,5
96.456,ALO,2023,47,Singapore,SOFT,3,5
149.065,SAI,2022,19,Saudi Arabia,HARD,2,3
109.994,TSU,2022,47,Bahrain,SOFT,4,6
97.801,HUL,2024,13,Bahrain,HARD,2,12
97.46,MAG,2023,35,Bahrain,SOFT,3,6
97.776,ALO,2024,4,Bahrain,SOFT,1,7
78.395,PIA,2024,48,Monaco,HARD,2,48
98.785,LEC,2022,27,Bahrain,SOFT,2,15
78.697,TSU,2023,10,Monaco,MEDIUM,1,10
98.246,TSU,2023,57,Bahrain,SOFT,4,20
87.694,STR,2022,7,Monza,MEDIUM,1,8
81.514,ALB,2024,11,Monaco,HARD,2,10
84.884,TSU,2022,36,Australia,HARD,2,18
92.866,HAM,2023,68,Monaco,INTERMEDIATE,3,14
87.295,NOR,2022,9,Monza,MEDIUM,1,9
94.598,VET,2022,25,Silverstone,MEDIUM,3,21
126.461,LEC,2022,40,Saudi Arabia,HARD,2,24
79.893,STR,2023,10,Monaco,HARD,1,11
91.465,PIA,2023,44,Silverstone,HARD,2,15
83.106,GAS,2024,6,Monaco,MEDIUM,2,5
86.019,PER,2023,4,Monza,MEDIUM,1,4
98.779,MAG,2023,56,Bahrain,SOFT,4,16
82.711,ALO,2024,6,Monaco,MEDIUM,2,6
98.12,OCO,2024,18,Bahrain,HARD,2,8
91.659,HAM,2022,45,Silverstone,SOFT,4,6
79.787,PER,2023,10,Monaco,HARD,2,9
108.27,MAG,2023,17,Saudi Arabia,HARD,2,9
92.338,VER,2023,19,Silverstone,MEDIUM,1,19
96.376,SAI,2024,16,Bahrain,HARD,2,2
92.99,VER,2023,15,Silverstone,MEDIUM,1,15
119.961,ZHO,2022,2,Monaco,WET,1,2
83.377,ALO,2024,52,Monaco,MEDIUM,2,52
101.285,HUL,2023,56,Singapore,HARD,2,36
88.201,GAS,2022,2,Monza,MEDIUM,1,2
78.277,PIA,2024,44,Monaco,HARD,2,44
76.445,PER,2023,39,Monaco,MEDIUM,3,6
86.916,STR,2023,41,Monza,HARD,2,25
94.266,HAM,2022,28,Saudi Arabia,HARD,1,29
130.632,RIC,2022,17,Saudi Arabia,HARD,2,9
98.183,HAM,2024,6,Bahrain,SOFT,1,9
93.815,OCO,2023,45,Saudi Arabia,HARD,2,29
97.299,STR,2023,44,Bahrain,HARD,3,14
88.693,MSC,2022,9,Monza,MEDIUM,1,9
74.423,HAM,2024,56,Monaco,HARD,3,6
77.282,LEC,2023,32,Monaco,HARD,1,32
93.136,RUS,2023,8,Silverstone,SOFT,1,11
94.137,ALO,2022,14,Monaco,WET,1,14
127.721,MAG,2022,47,Bahrain,SOFT,4,4
88.08,STR,2023,16,Monza,MEDIUM,1,16
99.783,PIA,2023,42,Singapore,HARD,2,22
96.941,LEC,2024,32,Bahrain,HARD,2,21
82.157,RUS,2022,50,Australia,HARD,2,27
88.716,BOT,2023,12,Monza,HARD,1,15
87.399,HAM,2023,21,Monza,HARD,1,24
80.323,ALB,2024,25,Monaco,HARD,2,24
80.738,VER,2023,52,Australia,HARD,2,44
96.563,SAR,2024,32,Bahrain,HARD,3,4
98.057,HUL,2022,6,Saudi Arabia,HARD,1,7
91.909,PIA,2023,68,Monaco,INTERMEDIATE,2,14
97.52,NOR,2023,33,Bahrain,MEDIUM,4,6
82.397,HUL,2023,31,Australia,HARD,2,23
100.024,NOR,2023,17,Singapore,MEDIUM,1,17
101.606,MSC,2022,30,Bahrain,MEDIUM,2,18
78.494,LEC,2024,33,Monaco,HARD,2,32
85.962,LEC,2022,32,Monza,MEDIUM,2,20
100.166,HAM,2023,8,Singapore,MEDIUM,1,8
81.74,VER,2024,9,Monaco,MEDIUM,2,8
76.863,SAR,2024,74,Monaco,MEDIUM,3,17
87.658,GAS,2023,30,Monza,HARD,2,23
99.229,ZHO,2023,15,Bahrain,HARD,2,3
80.739,ALO,2024,56,Monaco,MEDIUM,2,56
78.991,HUL,2023,43,Monaco,HARD,2,42
94.062,ALO,2022,14,Silverstone,MEDIUM,2,13
92.775,PIA,2023,17,Silverstone,MEDIUM,1,17
87.155,LEC,2023,16,Monza,MEDIUM,1,16
78.828,PIA,2023,8,Monaco,HARD,1,8
98.704,RIC,2024,5,Bahrain,SOFT,1,8
78.816,ALB,2024,35,Monaco,HARD,2,34
94.715,HAM,2023,23,Saudi Arabia,MEDIUM,2,5
76.082,LEC,2024,68,Monaco,HARD,2,67
99.407,HAM,2022,22,Bahrain,HARD,2,12
83.831,TSU,2023,31,Australia,HARD,2,23
101.007,LAW,2023,61,Singapore,HARD,2,41
93.896,DEV,2023,8,Silverstone,SOFT,1,8
100.454,LAW,2023,12,Singapore,MEDIUM,1,12
78.009,HUL,2023,23,Monaco,HARD,2,22
84.596,TSU,2023,12,Australia,HARD,2,4
94.865,BOT,2023,3,Silverstone,HARD,1,3
95.289,RIC,2022,14,Silverstone,MEDIUM,2,14
101.125,MAG,2023,6,Bahrain,HARD,1,6
101.526,MAG,2023,7,Bahrain,HARD,1,7
80.109,TSU,2024,49,Monaco,HARD,2,49
100.798,HUL,2024,20,Bahrain,HARD,2,19
95.295,NOR,2024,43,Bahrain,HARD,3,10
91.466,ALB,2023,48,Silverstone,SOFT,2,20
81.075,ALO,2024,18,Monaco,MEDIUM,2,18
93.436,PER,2023,10,Australia,HARD,4,3
116.108,HUL,2024,42,Bahrain,SOFT,4,2
98.762,GAS,2023,11,Bahrain,HARD,2,2
97.768,NOR,2023,31,Bahrain,MEDIUM,4,4
76.026,NOR,2024,62,Monaco,HARD,2,62
85.79,VER,2022,21,Monza,SOFT,1,21
78.368,TSU,2023,17,Monaco,MEDIUM,1,17
100.315,VER,2023,18,Australia,HARD,2,10
95.705,ALB,2022,16,Monaco,WET,1,16
99.877,SAR,2023,38,Singapore,HARD,2,19
80.946,ZHO,2024,50,Monaco,HARD,2,49
86.643,HAM,2023,8,Monza,HARD,1,11
79.785,STR,2023,6,Monaco,HARD,1,7
99.22,HAM,2023,3,Bahrain,SOFT,1,6
87.452,ALO,2022,25,Monza,MEDIUM,1,25
100.323,HAM,2023,9,Bahrain,SOFT,1,12
79.22,GAS,2024,65,Monaco,MEDIUM,2,64
83.269,GAS,2024,4,Monaco,MEDIUM,2,3
77.142,RUS,2024,58,Monaco,MEDIUM,2,57
97.035,RUS,2023,42,Bahrain,HARD,3,11
106.026,PIA,2023,55,Monaco,INTERMEDIATE,2,1
81.792,MAG,2023,46,Australia,HARD,3,39
125.968,OCO,2023,17,Saudi Arabia,HARD,2,1
97.7,RIC,2024,18,Bahrain,HARD,2,5
94.65,LEC,2022,4,Silverstone,MEDIUM,2,3
78.745,PIA,2024,13,Monaco,HARD,2,13
91.466,PER,2022,46,Silverstone,SOFT,4,7
92.229,BOT,2023,41,Silverstone,SOFT,2,9
79.332,RUS,2022,36,Monaco,MEDIUM,3,6
81.219,SAR,2024,14,Monaco,HARD,2,14
96.22,SAI,2024,25,Bahrain,HARD,2,11
93.713,LEC,2023,38,Saudi Arabia,HARD,2,22
132.217,RUS,2023,18,Saudi Arabia,MEDIUM,1,18
101.476,ZHO,2023,29,Singapore,MEDIUM,3,9
77.515,SAI,2022,52,Monaco,HARD,3,31
78.707,ZHO,2024,61,Monaco,HARD,2,60
99.342,HAM,2022,24,Bahrain,HARD,2,14
101.995,HUL,2022,6,Bahrain,SOFT,1,6
97.375,RIC,2024,55,Bahrain,SOFT,3,20
78.45,RUS,2024,39,Monaco,MEDIUM,2,38
98.319,MAG,2023,17,Bahrain,HARD,2,2
141.255,LAT,2022,26,Australia,HARD,3,3
95.338,NOR,2024,45,Bahrain,HARD,3,12
95.529,HUL,2024,51,Bahrain,SOFT,4,11
97.117,OCO,2024,48,Bahrain,HARD,3,18
86.787,LEC,2023,10,Monza,MEDIUM,1,10
96.824,VET,2022,10,Monaco,INTERMEDIATE,2,4
96.286,PER,2022,56,Bahrain,SOFT,4,16
84.6,OCO,2022,19,Australia,HARD,2,2
95.479,RUS,2024,38,Bahrain,HARD,3,7
128.425,TSU,2022,3,Silverstone,SOFT,2,2
97.432,RUS,2023,47,Bahrain,HARD,3,16
91.607,VER,2023,69,Monaco,INTERMEDIATE,2,14
111.986,HUL,2023,45,Singapore,HARD,2,25
83.369,HAM,2024,6,Monaco,MEDIUM,2,5
98.746,LEC,2023,31,Bahrain,HARD,2,18
78.645,RIC,2024,75,Monaco,HARD,2,75
95.629,ZHO,2023,27,Saudi Arabia,MEDIUM,3,9
85.836,SAI,2023,26,Monza,HARD,2,7
100.362,OCO,2023,32,Singapore,HARD,2,12
93.055,PER,2023,16,Silverstone,MEDIUM,1,16
99.272,VER,2023,62,Monaco,INTERMEDIATE,2,7
97.816,BOT,2023,51,Bahrain,HARD,3,22
79.272,TSU,2023,26,Monaco,MEDIUM,1,26
103.462,SAI,2023,58,Monaco,INTERMEDIATE,3,3
82.831,BOT,2023,36,Australia,HARD,3,35
89.015,SAR,2023,71,Monaco,INTERMEDIATE,4,19
96.024,PIA,2024,52,Bahrain,HARD,3,18
97.671,RIC,2022,53,Bahrain,SOFT,4,9
91.86,STR,2023,49,Silverstone,SOFT,2,21
82.294,NOR,2023,34,Australia,HARD,2,26
99.368,LEC,2023,41,Singapore,HARD,2,21
88.137,MAG,2022,14,Monza,MEDIUM,1,14
96.549,GAS,2023,9,Saudi Arabia,MEDIUM,1,9
84.847,ZHO,2023,5,Australia,HARD,2,4
87.652,MSC,2022,29,Monza,MEDIUM,1,29
87.127,STR,2022,22,Australia,HARD,3,18
97.59,MAG,2024,14,Bahrain,HARD,2,3
100.104,NOR,2022,34,Bahrain,HARD,2,10
79.289,OCO,2023,33,Monaco,HARD,2,1
96.881,SAR,2023,5,Saudi Arabia,HARD,1,5
81.918,PER,2023,30,Australia,HARD,4,23
99.823,BOT,2023,4,Bahrain,SOFT,1,4
98.192,GAS,2024,24,Bahrain,HARD,2,12
94.698,OCO,2023,34,Saudi Arabia,HARD,2,18
82.809,SAI,2023,6,Australia,MEDIUM,1,6
97.494,HAM,2023,40,Bahrain,HARD,3,10
98.108,HUL,2023,37,Bahrain,HARD,3,11
100.343,OCO,2023,9,Singapore,MEDIUM,1,9
96.032,STR,2022,9,Silverstone,MEDIUM,2,10
94.372,ZHO,2022,47,Saudi Arabia,HARD,3,31
81.338,ZHO,2024,29,Monaco,HARD,2,28
96.338,ZHO,2023,26,Saudi Arabia,MEDIUM,3,8
77.135,ALO,2022,54,Monaco,MEDIUM,3,24
93.931,TSU,2023,50,Saudi Arabia,HARD,2,33
96.937,MAG,2022,55,Bahrain,SOFT,4,12
98.707,LAT,2022,54,Bahrain,SOFT,4,12
98.423,SAI,2023,27,Bahrain,HARD,2,14
94.668,OCO,2023,32,Monaco,MEDIUM,1,32
98.831,BOT,2022,19,Bahrain,MEDIUM,2,5
92.052,ZHO,2023,33,Monza,HARD,2,25
79.281,DEV,2023,18,Monaco,MEDIUM,1,18
78.556,ALO,2024,63,Monaco,MEDIUM,2,63
78.47,ALB,2023,20,Monaco,HARD,2,2
100.24,BOT,2023,18,Bahrain,HARD,2,7
98.649,ALB,2023,13,Bahrain,SOFT,2,2
86.537,RUS,2022,20,Monza,SOFT,1,20
85.214,TSU,2022,10,Australia,MEDIUM,1,10
101.571,VER,2023,1,Australia,MEDIUM,1,1
87.074,HUL,2023,22,Monza,HARD,2,13
93.309,MAG,2022,48,Silverstone,MEDIUM,3,26
91.568,RUS,2023,44,Silverstone,MEDIUM,2,16
95.443,MAG,2022,9,Silverstone,MEDIUM,2,10
78.07,VET,2022,60,Monaco,HARD,4,38
83.79,HAM,2023,11,Australia,HARD,2,3
95.885,ALB,2024,41,Bahrain,HARD,3,5
93.622,DEV,2023,23,Silverstone,SOFT,1,23
96.566,NOR,2024,26,Bahrain,HARD,2,13
78.752,ALO,2024,61,Monaco,MEDIUM,2,61
87.647,SAR,2023,3,Monza,MEDIUM,1,6
95.361,ZHO,2023,34,Saudi Arabia,MEDIUM,3,16
78.042,GAS,2023,44,Monaco,HARD,1,44
97.554,STR,2024,19,Bahrain,HARD,2,10
96.114,RUS,2023,2,Saudi Arabia,MEDIUM,1,2
97.792,RUS,2022,38,Bahrain,MEDIUM,3,5
90.813,SAI,2022,44,Silverstone,SOFT,4,5
84.378,SAR,2024,41,Monaco,HARD,2,41
81.283,VER,2024,7,Monaco,MEDIUM,2,6
119.876,STR,2023,16,Bahrain,HARD,2,1
94.783,VER,2024,50,Bahrain,SOFT,3,13
95.333,SAR,2024,45,Bahrain,SOFT,4,5
84.895,GAS,2022,29,Australia,HARD,2,8
79.051,HAM,2023,8,Monaco,MEDIUM,1,8
99.591,ALB,2023,21,Bahrain,SOFT,2,10
98.246,RIC,2024,34,Bahrain,HARD,2,21
103.463,RUS,2023,59,Monaco,INTERMEDIATE,2,5
78.476,ALB,2023,40,Monaco,HARD,2,22
77.642,HUL,2023,20,Monaco,HARD,2,19
99.439,SAR,2023,17,Bahrain,SOFT,2,5
92.592,HAM,2022,19,Silverstone,MEDIUM,2,18
96.555,PIA,2024,22,Bahrain,HARD,2,10
94.432,LEC,2023,26,Saudi Arabia,HARD,2,10
82.806,TSU,2023,43,Australia,HARD,2,35
83.33,PER,2023,14,Australia,HARD,4,7
80.146,ZHO,2024,46,Monaco,HARD,2,45
92.498,PER,2023,32,Saudi Arabia,HARD,2,14
86.978,RIC,2022,35,Monza,HARD,2,16
83.415,PER,2022,33,Monaco,MEDIUM,4,3
80.184,TSU,2024,28,Monaco,HARD,2,28
99.95,TSU,2023,4,Bahrain,SOFT,1,4
125.151,LEC,2022,46,Bahrain,MEDIUM,3,15
142.725,MSC,2022,26,Australia,HARD,2,12
79.206,MAG,2023,17,Monaco,HARD,1,17
77.6,BOT,2022,57,Monaco,HARD,3,37
97.862,SAR,2023,33,Bahrain,HARD,3,3
126.976,SAI,2022,53,Monza,SOFT,3,6
94.958,RUS,2023,23,Saudi Arabia,HARD,2,5
119.21,TSU,2022,30,Bahrain,SOFT,3,1
76.674,ALO,2023,43,Monaco,HARD,1,44
83.431,TSU,2023,26,Australia,HARD,2,18
77.579,DEV,2023,47,Monaco,MEDIUM,1,47
123.311,ALB,2022,36,Bahrain,MEDIUM,3,3
100.588,ZHO,2023,7,Singapore,HARD,2,5
98.472,ALB,2023,14,Bahrain,SOFT,2,3
94.722,HAM,2024,39,Bahrain,HARD,3,6
95.837,GAS,2023,6,Saudi Arabia,MEDIUM,1,6
95.567,ALO,2023,2,Saudi Arabia,MEDIUM,1,2
98.161,SAI,2023,17,Bahrain,HARD,2,4
101.839,TSU,2023,7,Australia,MEDIUM,1,7
100.788,BOT,2022,10,Bahrain,SOFT,1,13
104.998,SAI,2022,31,Monza,SOFT,2,1
93.968,RUS,2022,26,Saudi Arabia,HARD,2,10
90.387,RUS,2023,1,Monaco,HARD,1,1
83.354,STR,2024,4,Monaco,MEDIUM,2,4
83.485,BOT,2023,30,Australia,HARD,3,29
83.8,TSU,2022,48,Australia,HARD,2,30
85.623,MAG,2022,14,Australia,HARD,1,14
98.641,OCO,2022,40,Bahrain,HARD,3,10
84.259,ALO,2022,33,Australia,HARD,1,33
83.618,HAM,2023,14,Australia,HARD,2,6
86.394,RUS,2023,45,Monza,HARD,2,29
80.287,VER,2024,16,Monaco,MEDIUM,2,15
94.493,RUS,2023,26,Saudi Arabia,HARD,2,8
100.353,ALO,2023,34,Bahrain,HARD,2,20
98.409,LAT,2022,14,Saudi Arabia,MEDIUM,1,14
96.833,TSU,2023,25,Saudi Arabia,HARD,2,8
80.239,BOT,2024,50,Monaco,HARD,3,36
92.268,TSU,2023,52,Monaco,MEDIUM,1,52
95.782,HUL,2023,24,Saudi Arabia,HARD,2,13
83.317,STR,2023,17,Australia,HARD,2,9
120.092,HUL,2023,1,Monaco,MEDIUM,1,1
82.141,MAG,2023,40,Australia,HARD,3,33
80.318,SAR,2023,14,Monaco,MEDIUM,1,14
80.677,ZHO,2024,33,Monaco,HARD,2,32
88.675,NOR,2023,52,Monaco,HARD,2,2
98.699,SAR,2023,21,Saudi Arabia,MEDIUM,2,3
83.937,STR,2023,5,Australia,MEDIUM,1,6
120.381,OCO,2023,13,Bahrain,HARD,2,1
96.546,ZHO,2024,35,Bahrain,HARD,3,7
86.824,ZHO,2022,29,Monza,HARD,2,11
80.375,BOT,2024,55,Monaco,HARD,3,41
93.803,SAI,2023,37,Saudi Arabia,HARD,2,22
83.637,DEV,2023,44,Australia,MEDIUM,2,36
96.623,MAG,2022,53,Bahrain,SOFT,4,10
97.422,ALO,2023,57,Bahrain,HARD,3,23
82.625,LEC,2024,4,Monaco,HARD,2,3
126.558,OCO,2022,16,Saudi Arabia,MEDIUM,1,16
78.184,PIA,2023,40,Monaco,HARD,1,40
84.452,LEC,2022,46,Monza,SOFT,3,13
100.215,RUS,2022,12,Bahrain,SOFT,1,15
149.337,RUS,2023,22,Singapore,HARD,2,2
146.826,HUL,2023,20,Saudi Arabia,HARD,2,9
97.629,MAG,2022,19,Monaco,WET,1,19
132.05,PER,2022,47,Bahrain,SOFT,4,7
98.116,PER,2023,51,Singapore,MEDIUM,2,12
76.933,LEC,2024,77,Monaco,HARD,2,76
78.699,NOR,2024,24,Monaco,HARD,2,24
87.649,MAG,2023,16,Monza,MEDIUM,2,4
99.855,HUL,2023,24,Bahrain,HARD,2,13
101.192,SAI,2023,57,Monaco,INTERMEDIATE,3,2
84.969,RIC,2022,9,Australia,MEDIUM,1,9
86.459,HUL,2023,44,Monza,MEDIUM,3,8
80.433,PER,2023,12,Monaco,HARD,2,11
96.165,HAM,2024,48,Bahrain,HARD,3,15
95.307,NOR,2023,50,Saudi Arabia,MEDIUM,3,31
97.222,STR,2023,45,Bahrain,HARD,3,15
96.445,ALB,2022,26,Saudi Arabia,HARD,2,13
94.777,LEC,2022,13,Saudi Arabia,MEDIUM,1,13
76.619,VER,2024,64,Monaco,HARD,3,13
83.716,BOT,2023,33,Australia,HARD,3,32
78.731,PIA,2024,38,Monaco,HARD,2,38
95.814,VET,2022,5,Silverstone,SOFT,2,4
99.042,TSU,2024,52,Bahrain,HARD,3,18
97.895,HUL,2023,34,Bahrain,HARD,3,8
85.18,STR,2022,34,Australia,HARD,4,15
99.239,DEV,2023,55,Bahrain,HARD,3,28
113.087,PER,2023,39,Singapore,HARD,1,39
82.28,NOR,2023,33,Australia,HARD,2,25
97.701,ALB,2024,20,Bahrain,HARD,2,5
93.143,HUL,2023,22,Silverstone,MEDIUM,2,15
97.896,HUL,2024,6,Bahrain,HARD,2,5
78.91,RUS,2024,33,Monaco,MEDIUM,2,32
97.24,PER,2023,21,Bahrain,SOFT,2,6
131.756,GAS,2022,6,Australia,MEDIUM,1,6
100.264,VER,2023,9,Singapore,HARD,1,9
99.208,ALO,2022,34,Bahrain,HARD,3,9
78.528,ALB,2023,28,Monaco,HARD,2,10
81.621,STR,2024,24,Monaco,MEDIUM,2,24
96.578,HUL,2024,31,Bahrain,HARD,3,11
99.428,PIA,2023,59,Singapore,HARD,2,39
82.363,STR,2022,35,Monaco,None,5,12
88.123,BOT,2023,23,Monza,HARD,1,26
95.49,NOR,2023,33,Saudi Arabia,MEDIUM,3,14
78.31,SAI,2024,39,Monaco,HARD,2,38
95.876,MAG,2024,39,Bahrain,HARD,3,7
118.886,BOT,2023,30,Bahrain,HARD,3,1
96.941,MAG,2022,38,Silverstone,MEDIUM,3,16
96.293,SAR,2023,66,Monaco,INTERMEDIATE,4,14
95.852,RUS,2024,51,Bahrain,HARD,3,20
81.602,PER,2023,40,Australia,HARD,4,33
96.427,PIA,2024,16,Bahrain,HARD,2,4
98.33,ALB,2023,38,Bahrain,HARD,3,12
84.529,HAM,2022,14,Australia,MEDIUM,1,14
97.778,ALB,2023,53,Bahrain,SOFT,4,13
80.131,STR,2024,28,Monaco,MEDIUM,2,28
96.2,TSU,2023,11,Saudi Arabia,MEDIUM,1,11
97.634,LEC,2022,18,Bahrain,SOFT,2,6
143.293,OCO,2023,22,Singapore,HARD,2,2
100.446,PER,2023,55,Monaco,INTERMEDIATE,4,2
80.26,LEC,2022,58,Australia,HARD,2,36
80.245,ALB,2024,19,Monaco,HARD,2,18
79.884,GAS,2023,48,Monaco,MEDIUM,2,1
86.236,HAM,2023,34,Monza,MEDIUM,2,7
79.906,PIA,2024,9,Monaco,HARD,2,9
99.886,NOR,2023,36,Bahrain,MEDIUM,4,9
96.088,SAI,2024,18,Bahrain,HARD,2,4
94.036,NOR,2022,21,Silverstone,MEDIUM,2,21
81.482,NOR,2023,47,Australia,HARD,2,39
97.326,ALO,2023,47,Bahrain,HARD,3,13
85.789,SAI,2023,35,Monza,HARD,2,16
87.333,ZHO,2023,22,Monza,HARD,2,14
96.337,SAI,2024,30,Bahrain,HARD,2,16
78.396,NOR,2024,26,Monaco,HARD,2,26
97.494,HAM,2023,40,Bahrain,HARD,3,10
87.066,ZHO,2023,6,Monza,MEDIUM,1,6
87.311,HAM,2023,24,Monza,HARD,1,27
87.858,ZHO,2023,28,Monza,HARD,2,20
78.567,TSU,2023,19,Monaco,MEDIUM,1,19
80.94,RIC,2024,32,Monaco,HARD,2,32
79.292,RIC,2022,43,Monaco,HARD,3,24
78.679,RUS,2024,28,Monaco,MEDIUM,2,27
97.186,RUS,2024,30,Bahrain,HARD,2,19
95.611,PER,2024,55,Bahrain,SOFT,3,19
98.66,ZHO,2022,27,Saudi Arabia,HARD,2,11
104.752,ALB,2022,13,Bahrain,SOFT,1,13
101.21,OCO,2024,30,Bahrain,HARD,2,20
91.057,ALO,2023,71,Monaco,INTERMEDIATE,3,16
98.093,HUL,2023,35,Bahrain,HARD,3,9
102.2,ALB,2023,57,Monaco,INTERMEDIATE,3,5
89.68,HAM,2023,70,Monaco,INTERMEDIATE,3,16
96.843,MAG,2022,6,Saudi Arabia,HARD,1,8
84.229,DEV,2023,24,Australia,MEDIUM,2,16
98.298,OCO,2022,32,Bahrain,HARD,3,2
95.976,NOR,2024,56,Bahrain,HARD,3,23
93.575,SAI,2022,9,Silverstone,MEDIUM,2,8
87.233,HAM,2023,4,Monza,HARD,1,7
92.104,HUL,2023,41,Silverstone,SOFT,3,9
99.099,GAS,2024,6,Bahrain,SOFT,1,6
96.282,DEV,2023,12,Saudi Arabia,MEDIUM,1,12
111.589,PER,2023,1,Singapore,HARD,1,1
95.579,BOT,2022,7,Silverstone,MEDIUM,2,6
77.939,ALO,2023,5,Monaco,HARD,1,6
84.139,BOT,2023,77,Monaco,INTERMEDIATE,2,26
101.267,ALO,2023,58,Monaco,INTERMEDIATE,3,3
79.058,STR,2023,25,Monaco,HARD,1,26
86.003,PER,2023,11,Australia,HARD,4,4
138.348,NOR,2023,20,Saudi Arabia,MEDIUM,3,1
87.534,GAS,2022,9,Monza,MEDIUM,1,9
79.566,STR,2022,43,Monaco,None,5,20
91.441,ALO,2022,20,Monaco,WET,1,20
93.014,PER,2022,29,Silverstone,MEDIUM,3,25
99.707,HAM,2022,6,Bahrain,SOFT,1,8
76.617,PIA,2024,60,Monaco,HARD,2,60
79.491,ALB,2024,33,Monaco,HARD,2,32
82.852,RIC,2022,43,Australia,HARD,2,22
102.35,STR,2022,10,Bahrain,SOFT,1,10
80.438,STR,2023,5,Monaco,HARD,1,6
81.307,STR,2024,22,Monaco,MEDIUM,2,22
96.679,MAG,2024,48,Bahrain,HARD,3,16
95.425,MSC,2022,18,Silverstone,MEDIUM,2,17
97.549,VER,2023,30,Bahrain,SOFT,2,16
94.193,VER,2024,46,Bahrain,SOFT,3,9
142.499,BOT,2023,22,Singapore,HARD,1,22
81.259,NOR,2023,53,Australia,HARD,2,45
100.62,MSC,2022,25,Bahrain,MEDIUM,2,13
81.471,STR,2024,12,Monaco,MEDIUM,2,12
97.601,ALO,2024,34,Bahrain,HARD,2,19
79.928,STR,2023,3,Monaco,HARD,1,4
91.747,ALO,2023,43,Silverstone,SOFT,2,13
81.517,STR,2024,11,Monaco,MEDIUM,2,11
96.071,MAG,2024,40,Bahrain,HARD,3,8
93.181,SAI,2023,26,Silverstone,MEDIUM,1,26
99.975,NOR,2022,6,Monaco,WET,1,6
80.552,SAR,2024,43,Monaco,HARD,2,43
99.249,PER,2023,11,Bahrain,SOFT,1,14
77.558,VET,2022,54,Monaco,HARD,4,32
99.175,STR,2023,54,Australia,HARD,2,46
97.718,RUS,2023,49,Bahrain,HARD,3,18
102.06,PIA,2023,2,Singapore,MEDIUM,1,2
131.669,RUS,2023,45,Singapore,MEDIUM,3,1
99.703,HUL,2023,21,Bahrain,HARD,2,10
83.079,RUS,2023,15,Australia,HARD,3,8
76.164,HAM,2024,64,Monaco,HARD,3,14
86.85,PIA,2023,8,Monza,MEDIUM,1,8
97.269,TSU,2024,55,Bahrain,HARD,3,21
80.426,TSU,2024,47,Monaco,HARD,2,47
84.15,MSC,2022,33,Australia,HARD,2,19
85.511,MAG,2022,33,Australia,HARD,1,33
84.433,SAI,2023,11,Australia,HARD,3,4
78.771,RIC,2024,61,Monaco,HARD,2,61
103.373,LEC,2023,57,Monaco,INTERMEDIATE,3,2
81.931,PIA,2023,41,Australia,HARD,2,33
87.509,GAS,2022,32,Monza,HARD,2,15
92.655,HAM,2022,26,Silverstone,MEDIUM,2,25
84.284,DEV,2023,30,Australia,MEDIUM,2,22
82.706,ZHO,2022,54,Australia,HARD,2,33
95.258,PIA,2024,43,Bahrain,HARD,3,9
76.324,SAR,2024,75,Monaco,MEDIUM,3,18
97.777,TSU,2024,21,Bahrain,HARD,2,7
77.599,SAI,2024,57,Monaco,HARD,2,56
84.813,TSU,2022,31,Monaco,MEDIUM,4,2
78.227,VER,2022,55,Monaco,MEDIUM,4,25
93.832,TSU,2022,51,Silverstone,SOFT,4,13
99.467,SAR,2023,67,Monaco,INTERMEDIATE,4,15
86.675,ALB,2023,41,Monza,HARD,2,29
97.918,BOT,2024,18,Bahrain,HARD,2,6
100.646,ALB,2023,7,Bahrain,SOFT,1,7
94.407,SAR,2023,1,Monza,MEDIUM,1,4
82.631,ZHO,2023,27,Australia,HARD,3,26
83.39,LEC,2022,9,Australia,MEDIUM,1,9
92.475,LEC,2023,18,Silverstone,MEDIUM,1,18
82.994,SAI,2023,25,Australia,HARD,3,18
96.425,TSU,2023,24,Saudi Arabia,HARD,2,7
95.109,PIA,2024,41,Bahrain,HARD,3,7
86.824,DEV,2022,40,Monza,MEDIUM,2,21
87.592,ZHO,2022,35,Monza,HARD,2,17
87.001,NOR,2022,34,Monza,MEDIUM,1,34
93.181,SAI,2022,26,Saudi Arabia,HARD,2,10
77.599,SAI,2024,57,Monaco,HARD,2,56
93.017,ALO,2023,24,Silverstone,MEDIUM,1,25
80.959,ALO,2023,44,Australia,HARD,2,36
108.949,OCO,2022,3,Monaco,WET,1,3
95.718,SAR,2023,39,Saudi Arabia,MEDIUM,2,21
77.799,GAS,2024,70,Monaco,MEDIUM,2,69
76.373,LEC,2024,69,Monaco,HARD,2,68
96.7,BOT,2023,41,Saudi Arabia,SOFT,4,6
94.742,LEC,2023,25,Saudi Arabia,HARD,2,9
100.413,RUS,2023,29,Singapore,HARD,2,9
94.835,ALO,2023,10,Saudi Arabia,MEDIUM,1,10
98.108,HUL,2023,37,Bahrain,HARD,3,11
85.005,RIC,2022,10,Australia,MEDIUM,1,10
87.499,STR,2022,30,Monza,HARD,2,13
78.138,STR,2022,60,Monaco,None,5,37
86.868,ALB,2023,5,Monza,MEDIUM,1,8
100.499,ALO,2023,17,Singapore,MEDIUM,1,17
127.922,HUL,2023,8,Silverstone,MEDIUM,2,1
96.097,GAS,2023,69,Monaco,INTERMEDIATE,3,15
105.46,VET,2022,23,Monaco,INTERMEDIATE,2,17
81.031,ALO,2023,47,Australia,HARD,2,39
95.616,STR,2023,8,Saudi Arabia,MEDIUM,1,8
99.866,HUL,2023,23,Bahrain,HARD,2,12
116.898,NOR,2024,34,Bahrain,HARD,3,1
78.275,STR,2024,69,Monaco,SOFT,4,21
112.906,BOT,2022,39,Australia,HARD,2,17
95.766,ALB,2024,43,Bahrain,HARD,3,7
95.761,STR,2022,6,Silverstone,MEDIUM,2,7
80.824,HUL,2023,13,Monaco,HARD,2,12
96.166,BOT,2023,29,Saudi Arabia,MEDIUM,3,12
98.173,NOR,2023,49,Singapore,HARD,2,29
99.062,VER,2022,7,Bahrain,SOFT,1,10
92.638,PER,2023,37,Saudi Arabia,HARD,2,19
76.055,TSU,2022,58,Monaco,SOFT,5,2
96.059,RUS,2024,48,Bahrain,HARD,3,17
77.421,GAS,2023,35,Monaco,HARD,1,35
93.035,LEC,2023,22,Silverstone,HARD,2,4
78.779,BOT,2024,75,Monaco,HARD,3,61
81.427,LEC,2022,45,Australia,HARD,2,23
78.445,MAG,2023,19,Monaco,HARD,1,19
78.747,MAG,2023,34,Monaco,HARD,1,34
97.162,ZHO,2022,53,Bahrain,SOFT,4,11
96.289,NOR,2023,14,Saudi Arabia,HARD,2,12
85.95,STR,2022,21,Australia,HARD,3,17
80.589,STR,2024,26,Monaco,MEDIUM,2,26
99.466,VER,2022,18,Australia,MEDIUM,1,18
97.205,VER,2023,56,Bahrain,HARD,3,20
80.32,TSU,2024,42,Monaco,HARD,2,42
99.713,RUS,2023,63,Monaco,INTERMEDIATE,2,9
83.083,OCO,2022,47,Australia,HARD,2,30
92.421,SAR,2023,46,Silverstone,SOFT,2,17
95.047,HAM,2023,17,Saudi Arabia,HARD,1,17
95.087,LEC,2023,69,Monaco,INTERMEDIATE,3,14
101.926,BOT,2023,60,Monaco,INTERMEDIATE,2,9
97.634,TSU,2024,24,Bahrain,HARD,2,10
95.551,STR,2023,6,Saudi Arabia,MEDIUM,1,6
95.825,LEC,2023,3,Saudi Arabia,SOFT,1,3
129.355,ALB,2023,3,Australia,MEDIUM,1,3
98.285,BOT,2024,20,Bahrain,HARD,2,8
98.851,BOT,2023,15,Bahrain,HARD,2,4
89.387,OCO,2023,20,Monza,MEDIUM,1,20
80.747,PER,2023,49,Australia,HARD,4,42
76.921,PIA,2024,63,Monaco,HARD,2,63
86.904,ZHO,2022,27,Monza,HARD,2,9
95.216,VER,2024,23,Bahrain,HARD,2,6
99.958,SAI,2023,62,Singapore,HARD,2,42
92.323,PER,2022,36,Silverstone,MEDIUM,3,32
78.904,VER,2022,61,Monaco,MEDIUM,4,31
100.369,SAI,2023,10,Singapore,MEDIUM,1,10
97.917,HUL,2023,52,Bahrain,SOFT,4,15
78.714,SAI,2022,57,Monaco,HARD,3,36
78.66,ZHO,2023,46,Monaco,HARD,2,45
78.23,HAM,2023,12,Monaco,MEDIUM,1,12
85.595,OCO,2022,11,Australia,MEDIUM,1,11
93.871,STR,2023,9,Silverstone,MEDIUM,1,10
95.091,DEV,2023,40,Saudi Arabia,HARD,2,23
125.804,PER,2023,34,Silverstone,SOFT,2,6
78.219,RIC,2024,67,Monaco,HARD,2,67
105.538,DEV,2023,53,Australia,SOFT,3,8
81.964,GAS,2023,31,Australia,HARD,2,23
97.753,LEC,2023,21,Bahrain,HARD,2,8
78.837,LEC,2023,5,Monaco,HARD,1,5
82.406,TSU,2022,35,Monaco,MEDIUM,4,6
137.516,ZHO,2023,44,Singapore,MEDIUM,3,24
84.546,DEV,2023,51,Monaco,MEDIUM,1,51
87.706,NOR,2023,51,Monaco,HARD,2,1
149.434,MAG,2022,25,Australia,HARD,1,25
98.515,OCO,2022,36,Bahrain,HARD,3,6
101.359,LAW,2023,4,Singapore,MEDIUM,1,4
80.726,NOR,2022,35,Monaco,HARD,4,13
77.06,ALB,2024,77,Monaco,HARD,2,76
78.893,GAS,2023,5,Monaco,HARD,1,5
87.169,HUL,2023,6,Monza,MEDIUM,1,9
95.899,PIA,2023,11,Saudi Arabia,HARD,2,10
87.38,NOR,2022,8,Monza,MEDIUM,1,8
99.306,LEC,2022,11,Bahrain,SOFT,1,11
83.102,OCO,2022,57,Australia,HARD,2,40
99.017,GAS,2023,20,Bahrain,HARD,2,11
86.371,RUS,2023,36,Monza,HARD,2,20
92.084,TSU,2023,48,Silverstone,SOFT,3,16
100.484,HUL,2023,3,Bahrain,SOFT,1,6
103.687,SAR,2023,59,Monaco,INTERMEDIATE,4,7
98.221,SAI,2023,49,Singapore,HARD,2,29
95.629,ZHO,2023,27,Saudi Arabia,MEDIUM,3,9
101.399,GAS,2023,7,Singapore,MEDIUM,1,7
84.658,VER,2022,13,Australia,MEDIUM,1,13
84.979,TSU,2022,20,Australia,HARD,2,2
79.081,DEV,2023,15,Monaco,MEDIUM,1,15
82.071,OCO,2023,35,Australia,HARD,3,34
77.228,ALO,2023,27,Monaco,HARD,1,28
80.574,ZHO,2023,20,Monaco,HARD,2,19
93.831,ALO,2022,33,Saudi Arabia,HARD,2,17
96.564,PER,2024,33,Bahrain,HARD,2,21
79.084,TSU,2022,50,Monaco,MEDIUM,4,21
77.862,NOR,2023,45,Monaco,MEDIUM,1,45
99.145,LAT,2022,56,Bahrain,SOFT,4,14
87.03,LAW,2023,15,Monza,HARD,2,5
100.33,DEV,2023,52,Bahrain,HARD,3,25
96.805,ZHO,2024,37,Bahrain,HARD,3,9
94.457,OCO,2023,67,Monaco,INTERMEDIATE,3,13
120.112,MSC,2022,24,Australia,HARD,2,10
82.575,MAG,2023,51,Australia,HARD,3,44
102.563,GAS,2023,35,Singapore,HARD,2,15
123.71,ZHO,2023,3,Australia,HARD,2,2
97.135,ALO,2022,1,Australia,HARD,1,1
77.408,ZHO,2023,7,Monaco,HARD,2,6
97.986,VER,2023,6,Bahrain,SOFT,1,9
85.054,MAG,2023,5,Australia,MEDIUM,1,5
97.698,HAM,2023,53,Singapore,MEDIUM,3,9
97.883,HUL,2024,9,Bahrain,HARD,2,8
98.694,NOR,2022,7,Monaco,WET,1,7
100.026,OCO,2023,28,Bahrain,HARD,3,16
77.867,PER,2023,19,Monaco,HARD,2,18
121.081,BOT,2024,13,Bahrain,HARD,2,1
97.551,STR,2023,49,Bahrain,HARD,3,19
85.414,LAT,2022,18,Australia,HARD,2,6
87.648,BOT,2022,28,Monza,MEDIUM,1,28
100.24,NOR,2023,25,Singapore,HARD,2,5
87.863,BOT,2023,10,Monza,HARD,1,13
92.612,NOR,2023,9,Silverstone,MEDIUM,1,9
84.11,STR,2022,41,Australia,HARD,4,22
87.028,ZHO,2023,25,Monza,HARD,2,17
113.544,DEV,2023,40,Bahrain,HARD,3,13
129.072,MSC,2022,6,Australia,MEDIUM,1,8
96.89,VER,2023,53,Bahrain,HARD,3,17
95.858,LEC,2023,8,Saudi Arabia,SOFT,1,8
99.549,RUS,2023,5,Bahrain,SOFT,1,8
100.528,PIA,2023,10,Singapore,MEDIUM,1,10
97.652,ZHO,2024,19,Bahrain,HARD,2,10
98.792,RUS,2023,29,Bahrain,HARD,2,16
107.858,DEV,2023,54,Monaco,INTERMEDIATE,2,1
94.139,OCO,2022,32,Silverstone,HARD,3,10
94.738,ALO,2023,22,Saudi Arabia,HARD,2,5
91.675,PER,2022,21,Australia,HARD,2,1
96.582,NOR,2024,57,Bahrain,HARD,3,24
84.508,VER,2022,17,Australia,MEDIUM,1,17
75.251,RUS,2024,70,Monaco,MEDIUM,2,69
95.876,MAG,2024,39,Bahrain,HARD,3,7
131.323,GAS,2023,2,Australia,SOFT,1,2
86.356,BOT,2023,4,Australia,HARD,2,3
79.79,DEV,2023,5,Monaco,MEDIUM,1,5
78.762,ZHO,2023,45,Monaco,HARD,2,44
94.551,OCO,2022,31,Saudi Arabia,HARD,2,15
98.279,MSC,2022,44,Bahrain,SOFT,3,11
93.148,VER,2023,46,Saudi Arabia,HARD,2,28
126.437,OCO,2022,49,Bahrain,SOFT,4,9
77.609,PIA,2024,53,Monaco,HARD,2,53
92.632,DEV,2023,50,Silverstone,SOFT,3,18
78.533,OCO,2023,8,Monaco,MEDIUM,1,8
85.525,LEC,2022,20,Monza,MEDIUM,2,8
85.517,STR,2022,15,Australia,HARD,3,11
80.979,ZHO,2024,17,Monaco,HARD,2,16
83.637,DEV,2023,44,Australia,MEDIUM,2,36
75.651,RUS,2024,65,Monaco,MEDIUM,2,64
75.831,GAS,2023,49,Monaco,MEDIUM,2,2
92.796,LEC,2022,22,Silverstone,MEDIUM,2,21
91.098,GAS,2023,70,Monaco,INTERMEDIATE,3,16
87.058,HAM,2024,3,Monaco,MEDIUM,2,2
82.228,NOR,2023,30,Australia,HARD,2,22
93.786,ALB,2023,15,Silverstone,MEDIUM,1,15
81.547,BOT,2024,11,Monaco,MEDIUM,2,10
119.485,ZHO,2022,24,Australia,HARD,2,3
98.929,GAS,2024,10,Bahrain,SOFT,1,10
98.763,BOT,2023,2,Saudi Arabia,MEDIUM,1,2
96.663,BOT,2024,45,Bahrain,HARD,3,15
82.685,NOR,2022,45,Australia,HARD,2,25
77.516,PIA,2023,46,Monaco,HARD,1,46
81.947,GAS,2023,32,Australia,HARD,2,24
78.298,GAS,2023,16,Monaco,HARD,1,16
93.22,ALO,2023,34,Saudi Arabia,HARD,2,17
94.882,OCO,2023,24,Saudi Arabia,HARD,2,8
123.522,PER,2023,41,Bahrain,HARD,3,7
86.624,DEV,2022,41,Monza,MEDIUM,2,22
93.387,SAR,2023,20,Silverstone,MEDIUM,1,20
99.818,ZHO,2023,50,Singapore,MEDIUM,3,30
96.837,HUL,2024,29,Bahrain,HARD,3,9
140.527,ZHO,2023,36,Silverstone,SOFT,3,3
84.718,NOR,2022,43,Monza,SOFT,2,10
86.481,BOT,2022,37,Monza,SOFT,2,2
83.591,BOT,2024,40,Monaco,HARD,3,26
83.411,ZHO,2023,13,Australia,HARD,3,12
86.735,ALB,2023,27,Monza,HARD,2,15
86.21,BOT,2022,8,Australia,MEDIUM,1,8
94.202,BOT,2023,10,Australia,HARD,3,9
95.49,RIC,2024,44,Bahrain,SOFT,3,9
101.636,SAR,2023,6,Singapore,MEDIUM,1,6
83.295,MAG,2023,34,Australia,HARD,3,27
98.719,ZHO,2023,51,Bahrain,SOFT,3,22
129.623,ALO,2023,18,Saudi Arabia,MEDIUM,1,18
99.545,NOR,2023,61,Monaco,INTERMEDIATE,3,7
87.079,ALB,2022,27,Australia,HARD,1,27
87.146,PER,2022,33,Monza,HARD,2,26
89.897,PIA,2023,52,Monaco,HARD,1,52
97.389,SAI,2023,44,Bahrain,HARD,3,13
80.342,SAR,2024,55,Monaco,HARD,2,55
77.688,HAM,2023,36,Monaco,HARD,2,5
93.491,DEV,2022,1,Monza,SOFT,1,1
98.297,NOR,2023,21,Bahrain,SOFT,3,7
138.301,LAT,2022,46,Bahrain,SOFT,4,4
95.341,PIA,2024,42,Bahrain,HARD,3,8
98.064,HUL,2022,3,Saudi Arabia,HARD,1,4
99.325,ALO,2024,10,Bahrain,SOFT,1,13
95.146,HUL,2024,48,Bahrain,SOFT,4,8
82.782,NOR,2024,4,Monaco,HARD,2,4
100.892,SAR,2023,7,Bahrain,SOFT,1,7
99.887,STR,2022,24,Bahrain,SOFT,2,6
101.762,HAM,2022,5,Monaco,WET,1,5
100.289,HAM,2023,10,Bahrain,SOFT,1,13
83.059,RIC,2022,48,Australia,HARD,2,27
97.821,HUL,2022,10,Saudi Arabia,HARD,1,11
95.918,GAS,2023,23,Saudi Arabia,HARD,2,9
102.626,MAG,2023,6,Singapore,MEDIUM,1,6
116.655,MAG,2024,33,Bahrain,HARD,3,1
94.108,MAG,2023,43,Saudi Arabia,HARD,2,35
94.246,ALO,2023,27,Saudi Arabia,HARD,2,10
93.231,SAI,2022,28,Saudi Arabia,HARD,2,12
118.624,BOT,2022,48,Monza,SOFT,2,13
95.118,GAS,2022,25,Silverstone,HARD,3,10
96.929,MAG,2024,51,Bahrain,HARD,3,19
93.922,ALB,2023,8,Silverstone,MEDIUM,1,8
136.634,STR,2022,2,Monaco,WET,2,2
98.21,OCO,2022,38,Bahrain,HARD,3,8
99.016,BOT,2023,28,Bahrain,HARD,2,17
101.165,HUL,2023,25,Singapore,HARD,2,5
92.21,VER,2023,32,Silverstone,MEDIUM,1,32
99.033,SAR,2023,15,Bahrain,SOFT,2,3
100.302,ALB,2022,9,Monaco,WET,1,9
85.705,SAI,2023,38,Monza,HARD,2,19
91.391,PER,2023,41,Silverstone,SOFT,2,13
95.84,VER,2023,6,Saudi Arabia,MEDIUM,1,6
80.281,TSU,2023,3,Monaco,MEDIUM,1,3
156.287,NOR,2022,1,Silverstone,MEDIUM,1,1
95.515,NOR,2023,25,Saudi Arabia,MEDIUM,3,6
77.974,ALO,2023,37,Monaco,HARD,1,38
93.887,HAM,2023,35,Saudi Arabia,MEDIUM,2,17
97.75,NOR,2022,11,Saudi Arabia,MEDIUM,1,11
78.294,HAM,2023,51,Monaco,HARD,2,20
94.151,VER,2024,43,Bahrain,SOFT,3,6
86.864,VER,2023,74,Monaco,INTERMEDIATE,2,19
97.73,RUS,2024,9,Bahrain,SOFT,1,12
104.801,ZHO,2024,1,Bahrain,SOFT,1,1
79.524,PIA,2023,27,Monaco,HARD,1,27
101.383,SAI,2023,2,Singapore,MEDIUM,1,2
83.775,NOR,2023,12,Australia,HARD,2,4
87.441,RIC,2022,5,Monza,MEDIUM,1,5
98.912,TSU,2024,10,Bahrain,SOFT,1,10
118.492,SAI,2023,32,Bahrain,HARD,3,1
97.042,ZHO,2024,51,Bahrain,HARD,3,23
92.204,GAS,2023,31,Monza,HARD,2,24
92.999,ZHO,2023,28,Silverstone,HARD,2,4
100.154,LEC,2023,13,Singapore,SOFT,1,16
85.675,ZHO,2022,9,Australia,MEDIUM,1,9
85.491,ALB,2022,14,Australia,HARD,1,14
86.606,HAM,2022,10,Australia,MEDIUM,1,10
79.992,ALO,2024,53,Monaco,MEDIUM,2,53
95.394,GAS,2022,29,Saudi Arabia,HARD,2,14
77.025,OCO,2023,40,Monaco,HARD,2,8
100.158,GAS,2022,4,Bahrain,SOFT,1,7
87.196,LAT,2022,22,Monza,HARD,2,7
93.322,LEC,2023,44,Saudi Arabia,HARD,2,28
87.259,TSU,2022,2,Australia,MEDIUM,1,2
85.225,LEC,2022,25,Monza,MEDIUM,2,13
83.76,TSU,2023,24,Australia,HARD,2,16
106.859,PIA,2023,18,Australia,HARD,2,10
96.299,LEC,2022,10,Monaco,WET,1,10
127.357,PER,2023,18,Saudi Arabia,MEDIUM,1,18
88.373,NOR,2023,71,Monaco,INTERMEDIATE,3,17
81.531,RUS,2024,10,Monaco,MEDIUM,2,9
91.836,DEV,2022,51,Monza,MEDIUM,2,32
87.622,SAR,2023,47,Monza,HARD,2,36
80.175,MAG,2023,2,Monaco,HARD,1,2
81.872,HUL,2023,50,Australia,HARD,2,42
100.331,OCO,2023,6,Bahrain,SOFT,1,9
98.955,MAG,2023,53,Monaco,HARD,1,53
79.015,PIA,2023,10,Monaco,HARD,1,10
101.833,PER,2023,28,Singapore,HARD,1,28
97.767,ALB,2024,35,Bahrain,HARD,2,20
91.114,VER,2023,46,Silverstone,SOFT,2,16
93.213,STR,2022,45,Silverstone,MEDIUM,4,8
78.724,VER,2024,53,Monaco,HARD,3,2
95.543,PIA,2023,28,Saudi Arabia,HARD,2,27
120.449,LAT,2022,47,Monza,HARD,2,32
87.348,ZHO,2023,27,Monza,HARD,2,19
98.483,VER,2023,11,Bahrain,SOFT,1,14
134.142,VET,2022,31,Monaco,HARD,4,9
92.155,HAM,2023,29,Silverstone,MEDIUM,1,29
95.403,LEC,2023,24,Saudi Arabia,HARD,2,8
96.285,NOR,2023,12,Saudi Arabia,HARD,2,10
81.044,ZHO,2024,30,Monaco,HARD,2,29
95.426,OCO,2022,13,Silverstone,SOFT,2,12
90.543,NOR,2023,43,Silverstone,HARD,2,10
91.609,GAS,2022,18,Monza,MEDIUM,1,18
78.0,TSU,2023,44,Monaco,MEDIUM,1,44
93.972,STR,2022,19,Monaco,INTERMEDIATE,3,17
98.083,TSU,2024,27,Bahrain,HARD,2,13
92.933,PER,2023,46,Saudi Arabia,HARD,2,28
77.569,RUS,2023,34,Monaco,HARD,1,34
76.324,SAR,2024,75,Monaco,MEDIUM,3,18
102.397,BOT,2023,7,Singapore,HARD,1,7
76.982,STR,2024,51,Monaco,SOFT,4,3
78.659,ZHO,2023,39,Monaco,HARD,2,38
84.263,STR,2022,44,Australia,HARD,4,25
87.329,TSU,2022,25,Monza,HARD,2,7
97.103,RIC,2024,51,Bahrain,SOFT,3,16
87.876,OCO,2022,9,Monza,SOFT,1,9
91.292,VER,2023,50,Silverstone,SOFT,2,20
97.784,OCO,2024,50,Bahrain,HARD,3,20
103.88,SAR,2023,12,Bahrain,SOFT,1,12
95.258,PIA,2024,43,Bahrain,HARD,3,9
83.568,NOR,2023,15,Australia,HARD,2,7
87.025,LAW,2023,27,Monza,HARD,2,17
101.698,LAW,2023,57,Singapore,HARD,2,37
97.953,LEC,2023,16,Bahrain,HARD,2,3
86.077,GAS,2023,76,Monaco,INTERMEDIATE,3,22
103.729,OCO,2023,58,Monaco,INTERMEDIATE,3,4
100.739,PIA,2024,12,Bahrain,SOFT,1,15
78.049,RUS,2024,51,Monaco,MEDIUM,2,50
94.09,LEC,2024,36,Bahrain,HARD,3,2
76.057,NOR,2022,56,Monaco,MEDIUM,5,5
101.27,BOT,2023,6,Singapore,HARD,1,6
96.645,GAS,2023,8,Saudi Arabia,MEDIUM,1,8
89.339,RUS,2023,1,Monza,MEDIUM,1,1
95.036,OCO,2022,21,Silverstone,SOFT,2,20
99.292,ALO,2024,5,Bahrain,SOFT,1,8
76.458,HAM,2024,53,Monaco,HARD,3,3
95.156,LEC,2022,5,Saudi Arabia,MEDIUM,1,5
94.35,VER,2024,48,Bahrain,SOFT,3,11
100.467,SAR,2023,2,Bahrain,SOFT,1,2
95.256,SAI,2023,13,Saudi Arabia,MEDIUM,1,13
84.146,MAG,2023,31,Australia,HARD,3,24
93.679,ZHO,2023,22,Silverstone,MEDIUM,1,22
78.707,ZHO,2024,61,Monaco,HARD,2,60
81.765,BOT,2024,28,Monaco,HARD,3,14
93.42,RUS,2023,38,Saudi Arabia,HARD,2,20
95.785,LEC,2024,55,Bahrain,HARD,3,21
82.476,TSU,2022,49,Monaco,MEDIUM,4,20
85.88,PER,2023,32,Monza,HARD,2,11
78.706,RIC,2024,70,Monaco,HARD,2,70
85.168,HAM,2022,9,Australia,MEDIUM,1,9
99.657,PER,2023,42,Bahrain,HARD,3,8
147.213,ALO,2023,34,Silverstone,SOFT,2,4
79.64,RUS,2023,51,Monaco,HARD,1,51
95.129,VER,2023,8,Saudi Arabia,MEDIUM,1,8
104.622,NOR,2023,54,Australia,HARD,2,46
95.924,LEC,2024,56,Bahrain,HARD,3,22
99.235,ZHO,2023,27,Bahrain,HARD,2,15
85.595,MAG,2022,19,Australia,HARD,1,19
81.379,HAM,2023,42,Australia,HARD,2,34
95.057,MAG,2023,31,Saudi Arabia,HARD,2,23
149.966,VER,2023,22,Singapore,HARD,1,22
98.327,SAI,2023,53,Singapore,HARD,2,33
98.339,HAM,2023,26,Bahrain,HARD,2,14
120.3,TSU,2023,27,Bahrain,HARD,3,1
100.392,LEC,2023,12,Singapore,SOFT,1,15
99.502,SAI,2023,7,Bahrain,SOFT,1,10
78.311,HAM,2023,21,Monaco,MEDIUM,1,21
85.503,VET,2022,19,Australia,HARD,1,20
87.486,MAG,2023,31,Monza,MEDIUM,2,19
97.561,SAI,2022,18,Bahrain,SOFT,2,4
90.459,PER,2022,2,Monza,MEDIUM,1,2
94.959,MAG,2023,32,Saudi Arabia,HARD,2,24
94.867,LAT,2022,51,Silverstone,SOFT,4,13
104.384,STR,2022,18,Bahrain,SOFT,1,18
91.691,ALO,2023,40,Silverstone,SOFT,2,10
137.341,MAG,2022,24,Australia,HARD,1,24
79.723,VER,2024,14,Monaco,MEDIUM,2,13
76.938,OCO,2023,28,Monaco,MEDIUM,1,28
93.054,HAM,2023,45,Saudi Arabia,MEDIUM,2,27
81.578,VER,2023,39,Australia,HARD,2,31
76.248,VER,2024,78,Monaco,HARD,3,27
87.215,OCO,2022,21,Monza,HARD,2,2
97.38,NOR,2022,10,Monaco,WET,1,10
99.891,ALB,2023,62,Singapore,MEDIUM,3,19
77.629,RIC,2022,55,Monaco,HARD,3,36
87.275,ALO,2023,18,Monza,MEDIUM,1,18
105.835,RIC,2022,4,Monaco,WET,1,4
78.829,HAM,2023,9,Monaco,MEDIUM,1,9
100.245,OCO,2023,1,Saudi Arabia,MEDIUM,1,1
87.219,SAR,2023,34,Monza,HARD,2,23
94.853,SAI,2024,46,Bahrain,HARD,3,11
84.327,PIA,2023,26,Australia,HARD,2,18
79.37,ALB,2024,70,Monaco,HARD,2,69
97.396,ALO,2022,53,Bahrain,SOFT,4,11
98.658,LEC,2023,3,Bahrain,SOFT,1,3
97.942,HAM,2022,38,Bahrain,MEDIUM,3,11
82.436,BOT,2023,48,Australia,HARD,3,47
95.263,ZHO,2023,13,Saudi Arabia,HARD,2,2
81.083,ZHO,2024,22,Monaco,HARD,2,21
95.55,HAM,2024,53,Bahrain,HARD,3,20
95.446,NOR,2023,30,Saudi Arabia,MEDIUM,3,11
87.833,MAG,2022,7,Monza,MEDIUM,1,7
80.639,STR,2023,12,Monaco,HARD,1,13
81.571,ZHO,2022,38,Monaco,MEDIUM,3,9
94.656,SAI,2023,24,Saudi Arabia,HARD,2,9
76.85,HAM,2023,46,Monaco,HARD,2,15
100.564,BOT,2023,7,Bahrain,SOFT,1,7
100.226,ALO,2022,3,Bahrain,SOFT,1,6
102.952,BOT,2023,58,Monaco,INTERMEDIATE,2,7
97.861,STR,2022,40,Bahrain,MEDIUM,3,2
96.31,MAG,2024,42,Bahrain,HARD,3,10
80.527,HAM,2023,2,Monaco,MEDIUM,1,2
95.89,HUL,2022,30,Saudi Arabia,HARD,1,31
99.787,VER,2022,43,Bahrain,MEDIUM,3,13
97.278,STR,2022,7,Saudi Arabia,MEDIUM,1,8
96.575,VER,2023,61,Singapore,MEDIUM,2,21
102.886,SAR,2023,7,Singapore,MEDIUM,1,7
127.867,ALO,2022,45,Bahrain,SOFT,4,3
131.454,SAR,2023,1,Australia,HARD,1,1
97.807,LEC,2022,21,Bahrain,SOFT,2,9
78.479,HAM,2022,52,Monaco,MEDIUM,4,22
78.07,SAI,2023,10,Monaco,HARD,1,10
102.821,HUL,2022,12,Bahrain,SOFT,1,12
77.561,DEV,2023,43,Monaco,MEDIUM,1,43
85.319,RUS,2024,3,Monaco,MEDIUM,2,2
77.535,SAR,2023,30,Monaco,SOFT,3,7
93.603,PIA,2023,14,Silverstone,MEDIUM,1,14
77.161,NOR,2022,40,Monaco,HARD,4,18
85.983,ZHO,2023,35,Monza,MEDIUM,3,2
92.823,GAS,2023,40,Silverstone,SOFT,2,12
87.461,SAR,2023,31,Monza,HARD,2,20
85.278,NOR,2023,75,Monaco,INTERMEDIATE,3,21
107.644,ZHO,2023,18,Australia,HARD,3,17
81.164,HAM,2024,12,Monaco,MEDIUM,2,11
79.832,PIA,2024,18,Monaco,HARD,2,18
81.924,VER,2023,27,Australia,HARD,2,19
98.871,DEV,2023,46,Bahrain,HARD,3,19
99.601,MAG,2023,26,Bahrain,HARD,2,11
98.251,LAT,2022,51,Bahrain,SOFT,4,9
93.82,GAS,2023,45,Saudi Arabia,HARD,2,31
98.404,PER,2023,5,Bahrain,SOFT,1,8
81.074,SAI,2023,43,Australia,HARD,3,36
87.088,GAS,2023,16,Monza,HARD,2,9
99.663,NOR,2023,33,Singapore,HARD,2,13
96.609,RIC,2024,50,Bahrain,SOFT,3,15
96.238,SAI,2023,66,Monaco,INTERMEDIATE,3,11
95.418,LEC,2024,51,Bahrain,HARD,3,17
79.085,ALB,2024,55,Monaco,HARD,2,54
89.537,PER,2023,72,Monaco,INTERMEDIATE,6,2
79.025,RUS,2023,9,Monaco,HARD,1,9
90.119,ZHO,2023,73,Monaco,INTERMEDIATE,3,21
93.73,BOT,2023,19,Silverstone,HARD,1,19
98.554,TSU,2024,9,Bahrain,SOFT,1,9
78.531,BOT,2024,64,Monaco,HARD,3,50
104.501,STR,2023,51,Monaco,HARD,1,52
85.652,RUS,2022,39,Monza,HARD,2,16
87.628,GAS,2022,15,Monza,MEDIUM,1,15
95.705,TSU,2022,32,Silverstone,HARD,3,15
77.079,VER,2023,15,Monaco,MEDIUM,1,15
97.441,SAI,2023,35,Bahrain,HARD,3,4
82.971,HAM,2023,23,Australia,HARD,2,15
94.95,MAG,2023,7,Silverstone,MEDIUM,1,7
96.313,GAS,2024,35,Bahrain,HARD,3,4
136.411,BOT,2022,50,Bahrain,SOFT,4,7
80.35,ALO,2024,33,Monaco,MEDIUM,2,33
87.207,HAM,2022,13,Monza,MEDIUM,1,13
100.675,ZHO,2024,28,Bahrain,HARD,2,19
87.856,GAS,2023,74,Monaco,INTERMEDIATE,3,20
97.766,RIC,2024,24,Bahrain,HARD,2,11
97.817,BOT,2023,35,Bahrain,HARD,3,6
78.772,ALB,2022,43,Monaco,MEDIUM,4,21
78.195,TSU,2023,38,Monaco,MEDIUM,1,38
86.715,SAI,2022,22,Monza,MEDIUM,1,22
78.882,PIA,2024,36,Monaco,HARD,2,36
93.78,HUL,2023,50,Saudi Arabia,HARD,2,39
83.285,HAM,2022,37,Australia,HARD,2,15
99.658,GAS,2023,58,Singapore,HARD,2,38
82.024,VER,2023,31,Australia,HARD,2,23
144.316,NOR,2023,37,Silverstone,HARD,2,4
79.545,BOT,2022,43,Monaco,HARD,3,23
93.041,SAI,2022,31,Saudi Arabia,HARD,2,15
95.051,LEC,2024,44,Bahrain,HARD,3,10
95.693,HAM,2023,15,Saudi Arabia,HARD,1,15
87.595,STR,2022,23,Monza,HARD,2,6
102.212,ALO,2023,14,Bahrain,SOFT,1,17
101.028,ALB,2023,37,Singapore,HARD,2,17
79.268,ALB,2024,50,Monaco,HARD,2,49
98.372,VER,2022,25,Bahrain,SOFT,2,11
96.281,ALB,2023,53,Monaco,INTERMEDIATE,3,1
101.86,NOR,2022,8,Bahrain,MEDIUM,1,8
97.957,MSC,2022,42,Bahrain,SOFT,3,9
82.737,PER,2023,22,Australia,HARD,4,15
81.978,SAI,2024,5,Monaco,HARD,2,4
77.339,RUS,2023,39,Monaco,HARD,1,39
98.098,BOT,2023,14,Bahrain,HARD,2,3
102.287,HAM,2023,62,Monaco,INTERMEDIATE,3,8
76.652,PIA,2024,72,Monaco,HARD,2,72
86.766,ZHO,2023,53,Australia,HARD,3,52
81.022,BOT,2024,22,Monaco,HARD,3,8
92.886,PER,2022,32,Silverstone,MEDIUM,3,28
94.247,MSC,2022,31,Silverstone,HARD,3,12
83.744,RIC,2024,5,Monaco,HARD,2,5
88.377,GAS,2022,45,Monza,HARD,2,28
98.868,DEV,2023,15,Bahrain,HARD,2,4
125.275,HUL,2023,41,Bahrain,SOFT,4,4
94.734,HUL,2022,41,Saudi Arabia,MEDIUM,2,5
127.673,ZHO,2023,55,Bahrain,SOFT,4,4
97.682,VER,2023,26,Bahrain,SOFT,2,12
85.882,MSC,2022,35,Monza,SOFT,2,2
99.588,ALB,2023,22,Bahrain,SOFT,2,11
102.417,GAS,2022,4,Monaco,INTERMEDIATE,2,3
76.944,VER,2023,41,Monaco,MEDIUM,1,41
81.856,NOR,2023,38,Australia,HARD,2,30
86.614,PIA,2023,47,Monza,MEDIUM,3,9
82.636,OCO,2022,35,Monaco,MEDIUM,3,5
96.297,PER,2023,68,Monaco,WET,5,11
84.167,PER,2023,15,Australia,HARD,4,8
77.431,HAM,2023,24,Monaco,MEDIUM,1,24
98.133,GAS,2023,37,Bahrain,HARD,3,12
89.695,LEC,2022,1,Australia,MEDIUM,1,1
85.858,ZHO,2022,29,Australia,HARD,2,8
99.476,BOT,2022,8,Monaco,WET,1,8
74.992,TSU,2024,75,Monaco,HARD,2,75
97.317,HUL,2024,3,Bahrain,HARD,2,2
98.296,ALB,2024,27,Bahrain,HARD,2,12
96.792,ALO,2022,15,Saudi Arabia,MEDIUM,1,15
80.904,ZHO,2024,20,Monaco,HARD,2,19
112.267,SAR,2023,32,Silverstone,SOFT,2,3
86.763,ZHO,2022,25,Monza,HARD,2,7
77.016,ALO,2023,41,Monaco,HARD,1,42
102.294,LAW,2023,24,Singapore,HARD,2,4
96.331,ALO,2023,50,Bahrain,HARD,3,16
93.383,HAM,2023,39,Saudi Arabia,MEDIUM,2,21
78.943,HAM,2024,39,Monaco,MEDIUM,2,38
96.592,OCO,2024,42,Bahrain,HARD,3,12
122.071,PIA,2023,13,Bahrain,SOFT,1,13
97.597,STR,2023,54,Bahrain,HARD,3,24
121.184,DEV,2023,12,Bahrain,HARD,2,1
83.404,OCO,2023,24,Australia,HARD,3,23
97.066,RUS,2024,29,Bahrain,HARD,2,18
96.555,HAM,2023,52,Singapore,MEDIUM,3,8
87.582,OCO,2023,4,Monza,MEDIUM,1,4
81.118,ALO,2023,48,Australia,HARD,2,40
95.184,TSU,2022,18,Silverstone,SOFT,2,17
83.907,RUS,2022,29,Australia,HARD,2,6
99.171,SAR,2023,57,Singapore,MEDIUM,3,14
86.939,LEC,2023,78,Monaco,INTERMEDIATE,3,23
88.794,LAT,2022,2,Australia,MEDIUM,1,2
77.064,ALB,2023,23,Monaco,HARD,2,5
102.267,NOR,2023,4,Bahrain,SOFT,1,4
76.993,VER,2023,12,Monaco,MEDIUM,1,12
99.471,TSU,2023,13,Bahrain,HARD,2,3
83.792,BOT,2022,43,Australia,HARD,2,21
87.491,STR,2022,27,Monza,HARD,2,10
96.086,STR,2024,36,Bahrain,HARD,3,9
98.192,GAS,2024,24,Bahrain,HARD,2,12
97.973,HUL,2023,63,Monaco,WET,4,4
118.645,HAM,2024,13,Bahrain,HARD,2,1
83.584,PER,2023,6,Australia,HARD,3,4
122.579,HUL,2023,12,Bahrain,HARD,2,1
99.479,VER,2022,11,Bahrain,SOFT,1,14
95.361,ZHO,2023,34,Saudi Arabia,MEDIUM,3,16
80.783,BOT,2024,25,Monaco,HARD,3,11
94.189,MAG,2023,39,Saudi Arabia,HARD,2,31
96.038,NOR,2024,51,Bahrain,HARD,3,18
82.964,HAM,2022,36,Australia,HARD,2,14
83.277,STR,2023,12,Australia,HARD,2,4
81.365,RIC,2024,27,Monaco,HARD,2,27
98.189,PER,2023,62,Singapore,MEDIUM,2,23
100.49,OCO,2023,19,Singapore,MEDIUM,1,19
84.833,HUL,2023,4,Australia,MEDIUM,1,4
112.519,MSC,2022,39,Australia,HARD,2,25
100.555,MAG,2022,7,Bahrain,SOFT,1,7
97.852,ZHO,2024,22,Bahrain,HARD,2,13
81.657,VER,2024,8,Monaco,MEDIUM,2,7
99.115,ZHO,2023,22,Bahrain,HARD,2,10
94.523,ZHO,2022,41,Saudi Arabia,HARD,3,25
94.799,ALO,2022,9,Silverstone,MEDIUM,2,8
92.807,RUS,2023,19,Silverstone,SOFT,1,22
80.071,TSU,2024,37,Monaco,HARD,2,37
99.161,DEV,2023,56,Bahrain,HARD,3,29
85.916,VER,2023,45,Monza,HARD,2,25
83.841,OCO,2023,12,Australia,HARD,3,11
95.29,VER,2024,41,Bahrain,SOFT,3,4
83.313,MAG,2023,23,Australia,HARD,3,16
113.128,GAS,2023,15,Saudi Arabia,HARD,2,1
81.265,RIC,2024,29,Monaco,HARD,2,29
86.981,ALB,2023,36,Monza,HARD,2,24
87.837,HAM,2023,2,Monza,HARD,1,5
95.571,RIC,2022,16,Silverstone,MEDIUM,2,16
81.073,HAM,2023,43,Australia,HARD,2,35
80.394,TSU,2024,44,Monaco,HARD,2,44
99.777,NOR,2023,3,Bahrain,SOFT,1,3
96.187,TSU,2024,46,Bahrain,HARD,3,12
92.787,SAI,2022,24,Silverstone,HARD,3,4
93.6,MAG,2022,49,Saudi Arabia,MEDIUM,2,14
87.968,SAR,2023,75,Monaco,INTERMEDIATE,4,23
86.775,RIC,2022,42,Monza,HARD,2,23
87.171,LAW,2023,21,Monza,HARD,2,11
96.815,PER,2024,15,Bahrain,HARD,2,3
98.792,RUS,2023,29,Bahrain,HARD,2,16
141.617,ZHO,2023,20,Saudi Arabia,MEDIUM,3,2
95.165,NOR,2024,42,Bahrain,HARD,3,9
83.984,DEV,2023,15,Australia,MEDIUM,2,7
95.316,VER,2024,21,Bahrain,HARD,2,4
85.387,RIC,2022,14,Australia,MEDIUM,1,14
94.422,ALO,2023,7,Saudi Arabia,MEDIUM,1,7
81.512,ALO,2024,37,Monaco,MEDIUM,2,37
95.422,RIC,2022,16,Monaco,WET,1,16
97.746,GAS,2022,4,Saudi Arabia,MEDIUM,1,4
84.878,TSU,2023,11,Australia,HARD,2,3
98.481,SAR,2024,2,Bahrain,SOFT,1,2
77.445,PIA,2024,55,Monaco,HARD,2,55
97.76,GAS,2023,30,Bahrain,HARD,3,5
92.753,NOR,2022,46,Saudi Arabia,HARD,2,30
92.724,SAR,2023,45,Silverstone,SOFT,2,16
100.349,SAR,2023,3,Bahrain,SOFT,1,3
141.747,PER,2022,50,Bahrain,SOFT,4,10
117.192,RUS,2022,38,Saudi Arabia,HARD,2,22
87.648,LAW,2023,10,Monza,MEDIUM,1,13
95.459,PER,2024,54,Bahrain,SOFT,3,18
97.752,LEC,2024,4,Bahrain,SOFT,1,7
80.36,ALB,2024,20,Monaco,HARD,2,19
100.562,OCO,2023,8,Bahrain,SOFT,1,11
78.16,VER,2023,30,Monaco,MEDIUM,1,30
93.338,STR,2023,19,Silverstone,MEDIUM,1,20
95.475,RIC,2024,39,Bahrain,SOFT,3,4
96.819,GAS,2022,6,Saudi Arabia,MEDIUM,1,6
82.313,GAS,2023,26,Australia,HARD,2,18
98.818,NOR,2023,65,Monaco,INTERMEDIATE,3,11
80.763,ZHO,2024,25,Monaco,HARD,2,24
111.45,RIC,2022,3,Australia,MEDIUM,1,3
96.664,ALO,2023,4,Saudi Arabia,MEDIUM,1,4
80.084,ALB,2024,42,Monaco,HARD,2,41
98.236,HAM,2024,11,Bahrain,SOFT,1,14
103.496,GAS,2023,57,Monaco,INTERMEDIATE,3,3
95.854,STR,2024,29,Bahrain,HARD,3,2
79.529,SAR,2023,9,Monaco,MEDIUM,1,9
93.318,GAS,2023,68,Monaco,INTERMEDIATE,3,14
77.398,HAM,2024,49,Monaco,MEDIUM,2,48
93.539,SAI,2023,36,Saudi Arabia,HARD,2,21
95.227,BOT,2023,45,Saudi Arabia,SOFT,4,10
81.991,ALO,2023,33,Australia,HARD,2,25
79.38,VER,2024,25,Monaco,MEDIUM,2,24
82.012,VER,2023,32,Australia,HARD,2,24
98.152,RIC,2024,27,Bahrain,HARD,2,14
78.803,PER,2023,22,Monaco,HARD,2,21
93.633,RUS,2023,32,Saudi Arabia,HARD,2,14
78.64,TSU,2024,51,Monaco,HARD,2,51
93.749,LEC,2023,36,Saudi Arabia,HARD,2,20
77.383,SAR,2023,37,Monaco,SOFT,3,14
80.781,STR,2024,15,Monaco,MEDIUM,2,15
96.732,RUS,2024,20,Bahrain,HARD,2,9
80.891,RUS,2024,53,Monaco,MEDIUM,2,52
88.535,MAG,2022,27,Monza,HARD,2,3
75.342,HAM,2024,66,Monaco,HARD,3,16
98.475,ZHO,2024,17,Bahrain,HARD,2,8
140.046,HAM,2023,38,Silverstone,SOFT,2,8
87.693,BOT,2023,11,Monza,HARD,1,14
97.137,GAS,2023,7,Saudi Arabia,MEDIUM,1,7
79.719,ZHO,2024,65,Monaco,HARD,2,64
96.783,ALO,2023,48,Bahrain,HARD,3,14
81.466,SAI,2024,7,Monaco,HARD,2,6
130.201,TSU,2023,2,Australia,MEDIUM,1,2
97.765,SAI,2023,49,Bahrain,HARD,3,18
87.623,DEV,2022,17,Monza,SOFT,1,17
78.15,SAI,2022,37,Monaco,HARD,3,16
77.326,STR,2024,60,Monaco,SOFT,4,12
91.643,SAI,2023,42,Silverstone,HARD,2,16
98.0,MAG,2024,31,Bahrain,HARD,2,20
94.346,OCO,2023,7,Silverstone,SOFT,1,7
124.571,ALO,2024,2,Monaco,MEDIUM,2,2
79.153,TSU,2024,34,Monaco,HARD,2,34
88.216,OCO,2023,19,Monza,MEDIUM,1,19
96.745,RIC,2024,53,Bahrain,SOFT,3,18
77.171,SAI,2023,29,Monaco,HARD,1,29
84.97,STR,2022,29,Australia,HARD,4,10
95.663,HAM,2022,49,Saudi Arabia,MEDIUM,2,9
85.228,LEC,2022,35,Monza,SOFT,3,2
94.301,PER,2022,16,Silverstone,MEDIUM,3,12
95.431,STR,2022,32,Saudi Arabia,HARD,2,20
93.447,LEC,2023,43,Saudi Arabia,HARD,2,27
95.57,RIC,2024,45,Bahrain,SOFT,3,10
79.055,ALB,2023,7,Monaco,MEDIUM,1,7
77.09,OCO,2023,49,Monaco,HARD,2,17
116.756,ALB,2022,48,Bahrain,SOFT,4,5
86.979,BOT,2022,28,Australia,HARD,2,6
87.095,OCO,2022,30,Monza,HARD,2,11
93.771,SAR,2023,16,Silverstone,MEDIUM,1,16
92.091,PER,2022,44,Silverstone,SOFT,4,5
87.209,RUS,2023,78,Monaco,INTERMEDIATE,2,24
131.897,MAG,2022,4,Australia,HARD,1,4
78.409,NOR,2023,41,Monaco,MEDIUM,1,41
78.151,NOR,2023,39,Monaco,MEDIUM,1,39
91.775,SAI,2022,19,Monaco,WET,1,19
95.886,VER,2024,32,Bahrain,HARD,2,15
99.8,LEC,2023,17,Singapore,SOFT,1,20
97.172,SAI,2022,17,Bahrain,SOFT,2,3
80.514,HAM,2024,38,Monaco,MEDIUM,2,37
97.845,GAS,2023,56,Bahrain,SOFT,4,16
78.369,TSU,2023,28,Monaco,MEDIUM,1,28
91.794,STR,2023,50,Silverstone,SOFT,2,22
95.107,ALO,2024,43,Bahrain,HARD,3,2
101.101,ALO,2024,15,Bahrain,SOFT,1,18
76.914,STR,2024,57,Monaco,SOFT,4,9
96.304,PIA,2023,16,Saudi Arabia,HARD,2,15
82.044,RUS,2022,52,Australia,HARD,2,29
95.256,RUS,2023,7,Saudi Arabia,MEDIUM,1,7
93.102,LEC,2022,37,Saudi Arabia,HARD,2,21
94.842,ALO,2023,16,Saudi Arabia,MEDIUM,1,16
80.6,ALO,2024,57,Monaco,MEDIUM,2,57
99.631,PER,2023,62,Monaco,WET,5,5
98.012,ALO,2023,55,Singapore,SOFT,3,13
84.146,MAG,2023,31,Australia,HARD,3,24
78.977,RIC,2024,62,Monaco,HARD,2,62
77.523,ZHO,2023,9,Monaco,HARD,2,8
144.44,HAM,2023,57,Australia,SOFT,3,6
78.785,HAM,2024,24,Monaco,MEDIUM,2,23
92.567,OCO,2023,10,Australia,HARD,3,9
98.729,BOT,2023,47,Singapore,MEDIUM,2,7
98.96,BOT,2022,20,Bahrain,MEDIUM,2,6
96.349,STR,2024,33,Bahrain,HARD,3,6
96.322,VER,2023,55,Bahrain,HARD,3,19
97.478,HAM,2023,39,Bahrain,HARD,3,9
77.577,SAI,2024,37,Monaco,HARD,2,36
95.226,LEC,2023,13,Saudi Arabia,SOFT,1,13
86.335,TSU,2022,13,Australia,MEDIUM,1,13
100.064,OCO,2023,41,Singapore,HARD,2,21
79.448,GAS,2024,57,Monaco,MEDIUM,2,56
97.774,LEC,2022,23,Bahrain,SOFT,2,11
100.791,SAR,2023,6,Bahrain,SOFT,1,6
93.527,VER,2022,38,Silverstone,HARD,4,15
86.771,HAM,2022,32,Monza,MEDIUM,1,32
87.152,HAM,2023,44,Monza,MEDIUM,2,17
96.968,MAG,2022,5,Saudi Arabia,HARD,1,7
95.191,STR,2022,45,Saudi Arabia,HARD,2,33
76.644,PIA,2024,75,Monaco,HARD,2,75
75.525,RUS,2024,75,Monaco,MEDIUM,2,74
97.379,BOT,2023,31,Bahrain,HARD,3,2
83.286,VER,2023,13,Australia,HARD,2,5
83.349,ALB,2023,6,Australia,MEDIUM,1,6
93.452,MAG,2022,46,Saudi Arabia,MEDIUM,2,11
84.884,OCO,2023,15,Australia,HARD,3,14
78.016,DEV,2023,49,Monaco,MEDIUM,1,49
97.706,SAI,2023,36,Bahrain,HARD,3,5
94.722,GAS,2022,22,Silverstone,HARD,3,7
97.302,LEC,2024,17,Bahrain,HARD,2,6
91.077,NOR,2023,51,Silverstone,HARD,2,18
102.139,OCO,2023,62,Monaco,INTERMEDIATE,3,8
77.3,RUS,2023,30,Monaco,HARD,1,30
78.818,VER,2024,26,Monaco,MEDIUM,2,25
85.106,NOR,2022,10,Australia,MEDIUM,1,10
87.553,NOR,2022,5,Monza,MEDIUM,1,5
79.009,HUL,2023,37,Monaco,HARD,2,36
81.337,SAI,2023,44,Australia,HARD,3,37
85.933,LEC,2023,24,Monza,HARD,2,4
98.279,STR,2024,3,Bahrain,SOFT,1,3
101.83,RUS,2022,33,Bahrain,HARD,2,19
97.364,OCO,2023,36,Bahrain,HARD,4,4
91.743,SAR,2023,43,Silverstone,SOFT,2,14
93.164,GAS,2023,24,Silverstone,MEDIUM,1,24
98.082,RUS,2024,7,Bahrain,SOFT,1,10
82.773,BOT,2023,38,Australia,HARD,3,37
95.688,SAR,2024,48,Bahrain,SOFT,4,8
100.548,ALB,2022,2,Bahrain,SOFT,1,2
81.508,OCO,2023,46,Australia,HARD,3,45
85.615,VER,2022,14,Monza,SOFT,1,14
86.817,GAS,2022,42,Monza,HARD,2,25
124.3,ALO,2023,20,Singapore,MEDIUM,1,20
87.384,MAG,2023,30,Monza,MEDIUM,2,18
181.062,ALB,2022,1,Monaco,WET,1,1
83.578,RIC,2022,35,Australia,HARD,2,14
100.409,RUS,2022,14,Bahrain,SOFT,1,17
98.209,MSC,2022,9,Monaco,INTERMEDIATE,2,5
94.017,DEV,2023,44,Silverstone,SOFT,3,12
96.353,STR,2024,39,Bahrain,HARD,3,12
77.742,HAM,2023,30,Monaco,MEDIUM,1,30
86.904,MAG,2023,50,Monza,MEDIUM,3,17
98.544,DEV,2023,45,Australia,MEDIUM,2,37
124.565,GAS,2024,13,Bahrain,HARD,2,1
76.64,SAI,2022,49,Monaco,HARD,3,28
93.872,STR,2023,8,Silverstone,MEDIUM,1,9
100.889,HAM,2024,12,Bahrain,SOFT,1,15
87.18,SAR,2023,41,Monza,HARD,2,30
81.391,RIC,2024,14,Monaco,HARD,2,14
123.534,NOR,2023,3,Saudi Arabia,HARD,2,1
85.052,NOR,2022,12,Australia,MEDIUM,1,12
95.839,RIC,2022,17,Monaco,WET,1,17
88.457,MAG,2022,13,Monza,MEDIUM,1,13
99.426,SAR,2023,2,Saudi Arabia,HARD,1,2
78.14,GAS,2024,71,Monaco,MEDIUM,2,70
80.82,NOR,2024,8,Monaco,HARD,2,8
87.546,ZHO,2022,5,Monza,MEDIUM,1,5
97.784,MAG,2022,4,Silverstone,MEDIUM,2,5
99.304,OCO,2022,22,Bahrain,MEDIUM,2,8
98.597,SAI,2023,23,Bahrain,HARD,2,10
95.927,BOT,2023,12,Saudi Arabia,HARD,2,3
77.801,VET,2022,58,Monaco,HARD,4,36
113.399,SAI,2023,16,Saudi Arabia,HARD,2,1
95.723,LAT,2022,29,Silverstone,MEDIUM,3,10
78.19,LEC,2023,19,Monaco,HARD,1,19
99.182,DEV,2023,20,Bahrain,HARD,2,9
84.871,BOT,2022,36,Australia,HARD,2,14
86.864,NOR,2023,7,Monza,MEDIUM,1,7
97.086,HUL,2023,48,Bahrain,SOFT,4,11
110.177,ALB,2023,40,Bahrain,HARD,3,14
78.502,RUS,2023,16,Monaco,HARD,1,16
85.133,OCO,2023,75,Monaco,INTERMEDIATE,3,21
95.766,TSU,2022,9,Silverstone,SOFT,2,8
92.72,SAI,2022,34,Silverstone,HARD,3,14
93.679,HAM,2022,8,Silverstone,MEDIUM,2,7
93.788,NOR,2022,32,Silverstone,MEDIUM,2,32
87.87,LAT,2022,46,Monza,HARD,2,31
93.323,SAI,2023,12,Silverstone,MEDIUM,1,12
84.397,BOT,2023,12,Australia,HARD,3,11
101.144,LEC,2023,62,Monaco,INTERMEDIATE,3,7
95.724,NOR,2023,28,Saudi Arabia,MEDIUM,3,9
97.102,ALB,2024,49,Bahrain,HARD,3,13
97.061,BOT,2022,22,Saudi Arabia,HARD,2,6
83.213,NOR,2022,42,Australia,HARD,2,22
94.963,VER,2022,21,Silverstone,MEDIUM,3,9
93.723,OCO,2023,48,Saudi Arabia,HARD,2,32
96.862,DEV,2023,6,Saudi Arabia,MEDIUM,1,6
116.566,NOR,2023,1,Australia,MEDIUM,1,1
101.274,SAI,2023,31,Bahrain,HARD,2,18
91.098,GAS,2023,70,Monaco,INTERMEDIATE,3,16
83.997,LAT,2022,46,Australia,HARD,3,23
91.244,VER,2023,70,Monaco,INTERMEDIATE,2,15
98.336,ZHO,2023,46,Bahrain,SOFT,3,17
95.218,OCO,2022,49,Saudi Arabia,HARD,2,33
96.977,LEC,2024,21,Bahrain,HARD,2,10
92.464,LEC,2023,30,Silverstone,HARD,2,12
96.494,STR,2024,11,Bahrain,HARD,2,2
85.985,VER,2022,18,Monza,SOFT,1,18
89.108,LEC,2023,1,Monaco,HARD,1,1
92.224,MSC,2022,47,Silverstone,SOFT,4,8
94.03,HUL,2023,38,Saudi Arabia,HARD,2,27
95.822,HAM,2023,13,Saudi Arabia,HARD,1,13
83.598,BOT,2023,14,Australia,HARD,3,13
84.331,BOT,2023,6,Australia,HARD,2,5
98.656,PIA,2023,51,Singapore,HARD,2,31
81.986,LEC,2022,36,Australia,HARD,2,14
84.498,SAI,2022,44,Monza,SOFT,2,14
78.23,HAM,2023,12,Monaco,MEDIUM,1,12
86.82,PER,2023,73,Monaco,INTERMEDIATE,6,3
98.127,RUS,2022,9,Monaco,WET,1,9
82.674,VER,2022,26,Monaco,HARD,3,4
92.812,STR,2022,50,Silverstone,MEDIUM,4,13
92.535,TSU,2023,46,Silverstone,SOFT,3,14
97.706,TSU,2024,36,Bahrain,HARD,3,2
97.298,STR,2023,42,Bahrain,HARD,3,12
87.281,ZHO,2022,22,Monza,HARD,2,4
81.629,LEC,2022,56,Australia,HARD,2,34
78.445,LEC,2024,26,Monaco,HARD,2,25
83.085,ALB,2024,63,Monaco,HARD,2,62
97.817,BOT,2023,35,Bahrain,HARD,3,6
87.035,STR,2022,27,Australia,HARD,4,8
97.597,STR,2023,54,Bahrain,HARD,3,24
91.253,PIA,2023,69,Monaco,INTERMEDIATE,2,15
80.782,ZHO,2024,32,Monaco,HARD,2,31
99.626,NOR,2024,33,Bahrain,HARD,2,20
93.997,VET,2022,36,Silverstone,MEDIUM,3,32
100.035,PER,2022,14,Bahrain,SOFT,1,17
96.815,PER,2024,15,Bahrain,HARD,2,3
77.444,LEC,2024,55,Monaco,HARD,2,54
82.969,BOT,2024,47,Monaco,HARD,3,33
81.562,ALB,2024,10,Monaco,HARD,2,9
99.416,GAS,2022,19,Bahrain,MEDIUM,2,5
78.281,STR,2022,62,Monaco,None,5,39
92.09,ZHO,2023,51,Silverstone,SOFT,4,18
86.978,RUS,2023,77,Monaco,INTERMEDIATE,2,23
77.016,ALO,2023,41,Monaco,HARD,1,42
104.129,DEV,2023,56,Monaco,INTERMEDIATE,2,3
97.15,TSU,2023,3,Saudi Arabia,MEDIUM,1,3
96.966,HUL,2022,14,Saudi Arabia,HARD,1,15
78.506,LEC,2024,49,Monaco,HARD,2,48
81.456,PER,2023,32,Australia,HARD,4,25
80.136,SAI,2024,32,Monaco,HARD,2,31
76.88,HAM,2023,44,Monaco,HARD,2,13
97.636,HAM,2023,65,Monaco,INTERMEDIATE,3,11
94.125,TSU,2023,48,Saudi Arabia,HARD,2,31
101.331,PER,2023,5,Singapore,HARD,1,5
79.506,ALB,2024,62,Monaco,HARD,2,61
93.679,VET,2022,45,Silverstone,MEDIUM,4,8
95.208,SAR,2023,28,Saudi Arabia,MEDIUM,2,10
78.298,STR,2024,61,Monaco,SOFT,4,13
83.579,DEV,2023,13,Australia,MEDIUM,2,5
95.604,SAR,2023,27,Saudi Arabia,MEDIUM,2,9
78.036,SAI,2022,62,Monaco,HARD,3,41
97.788,VER,2023,20,Bahrain,SOFT,2,6
96.942,VER,2023,40,Bahrain,HARD,3,4
95.288,BOT,2023,43,Saudi Arabia,SOFT,4,8
120.824,OCO,2022,31,Bahrain,HARD,3,1
76.353,PER,2023,38,Monaco,MEDIUM,3,5
205.123,STR,2022,1,Monaco,WET,1,1
96.263,HAM,2023,4,Saudi Arabia,HARD,1,4
80.022,BOT,2023,5,Monaco,HARD,1,5
83.49,OCO,2023,14,Australia,HARD,3,13
79.122,RUS,2024,32,Monaco,MEDIUM,2,31
96.951,HUL,2023,22,Saudi Arabia,HARD,2,11
77.302,SAR,2023,32,Monaco,SOFT,3,9
83.76,TSU,2023,24,Australia,HARD,2,16
82.904,ZHO,2023,28,Australia,HARD,3,27
93.461,HUL,2023,24,Silverstone,MEDIUM,2,17
93.468,BOT,2023,22,Silverstone,HARD,1,22
83.753,BOT,2023,22,Australia,HARD,3,21
94.918,OCO,2023,28,Saudi Arabia,HARD,2,12
93.03,VER,2022,28,Saudi Arabia,HARD,2,12
77.293,HAM,2023,39,Monaco,HARD,2,8
97.002,TSU,2023,46,Saudi Arabia,HARD,2,29
79.775,NOR,2024,15,Monaco,HARD,2,15
122.85,RIC,2022,34,Bahrain,HARD,3,1
99.15,DEV,2023,53,Bahrain,HARD,3,26
96.075,SAI,2022,55,Bahrain,SOFT,4,14
77.505,ALO,2023,7,Monaco,HARD,1,8
96.622,GAS,2024,34,Bahrain,HARD,3,3
93.564,SAI,2023,49,Saudi Arabia,HARD,2,34
98.591,VER,2023,12,Bahrain,SOFT,1,15
91.397,VER,2023,51,Silverstone,SOFT,2,21
78.234,LEC,2023,17,Monaco,HARD,1,17
95.906,PER,2023,2,Saudi Arabia,MEDIUM,1,2
80.621,GAS,2024,44,Monaco,MEDIUM,2,43
96.181,RUS,2024,50,Bahrain,HARD,3,19
97.132,VER,2023,53,Singapore,MEDIUM,2,13
99.748,OCO,2023,31,Bahrain,HARD,3,19
95.027,LEC,2022,52,Bahrain,SOFT,4,9
93.465,SAR,2023,18,Silverstone,MEDIUM,1,18
96.416,NOR,2024,19,Bahrain,HARD,2,6
76.914,STR,2024,57,Monaco,SOFT,4,9
87.119,OCO,2023,32,Monza,HARD,2,11
83.369,ALB,2024,5,Monaco,HARD,2,4
96.656,OCO,2024,47,Bahrain,HARD,3,17
100.396,LEC,2023,8,Singapore,SOFT,1,11
97.613,BOT,2022,5,Saudi Arabia,MEDIUM,1,5
78.19,LEC,2023,19,Monaco,HARD,1,19
94.763,DEV,2023,36,Saudi Arabia,HARD,2,19
96.187,TSU,2023,10,Saudi Arabia,MEDIUM,1,10
100.602,GAS,2023,15,Singapore,MEDIUM,1,15
83.581,ZHO,2023,14,Australia,HARD,3,13
100.002,STR,2023,14,Bahrain,SOFT,1,17
76.581,RUS,2024,63,Monaco,MEDIUM,2,62
79.091,GAS,2024,54,Monaco,MEDIUM,2,53
98.311,ZHO,2023,43,Bahrain,SOFT,3,14
81.714,NOR,2023,50,Australia,HARD,2,42
114.109,BOT,2023,36,Saudi Arabia,SOFT,4,1
99.284,SAI,2023,1,Silverstone,MEDIUM,1,1
97.752,LEC,2024,4,Bahrain,SOFT,1,7
93.996,ZHO,2023,56,Bahrain,SOFT,4,5
102.112,STR,2024,9,Bahrain,SOFT,1,9
99.412,ZHO,2023,28,Bahrain,HARD,2,16
124.025,MAG,2023,3,Australia,MEDIUM,1,3
85.953,VER,2022,10,Monza,SOFT,1,10
78.564,VER,2024,31,Monaco,MEDIUM,2,30
87.383,ZHO,2022,34,Monza,HARD,2,16
78.524,PER,2023,49,Monaco,MEDIUM,3,16
84.913,PER,2022,16,Australia,MEDIUM,1,16
98.945,GAS,2023,16,Bahrain,HARD,2,7
101.125,MAG,2023,6,Bahrain,HARD,1,6
93.86,ALB,2023,5,Silverstone,MEDIUM,1,5
78.689,LEC,2024,36,Monaco,HARD,2,35
81.17,STR,2023,17,Monaco,HARD,1,18
78.15,LEC,2023,12,Monaco,HARD,1,12
93.746,HAM,2022,34,Saudi Arabia,HARD,1,35
99.002,HAM,2022,2,Bahrain,SOFT,1,4
81.616,GAS,2023,51,Australia,HARD,2,43
87.827,VER,2023,10,Australia,HARD,2,2
115.77,BOT,2023,19,Saudi Arabia,MEDIUM,3,2
98.912,TSU,2022,39,Bahrain,SOFT,3,10
77.324,ALO,2022,55,Monaco,MEDIUM,3,25
98.444,SAI,2022,26,Bahrain,SOFT,2,12
90.914,PER,2023,51,Silverstone,SOFT,2,23
78.533,OCO,2023,8,Monaco,MEDIUM,1,8
78.497,DEV,2023,50,Monaco,MEDIUM,1,50
80.942,MAG,2023,36,Monaco,HARD,1,36
97.028,TSU,2023,43,Bahrain,SOFT,4,6
99.763,LAT,2022,35,Bahrain,MEDIUM,3,3
82.305,HAM,2022,36,Monaco,MEDIUM,4,6
96.26,ZHO,2023,3,Saudi Arabia,MEDIUM,1,3
99.153,ALO,2022,32,Bahrain,HARD,3,7
91.408,PER,2023,30,Silverstone,SOFT,2,2
97.459,BOT,2023,64,Monaco,INTERMEDIATE,2,13
78.726,GAS,2024,66,Monaco,MEDIUM,2,65
96.883,PER,2022,10,Monaco,WET,1,10
123.44,PER,2022,6,Silverstone,MEDIUM,3,2
91.893,LEC,2022,44,Silverstone,HARD,3,19
115.203,MAG,2022,23,Silverstone,MEDIUM,3,1
87.376,LAW,2023,28,Monza,HARD,2,18
95.306,PIA,2024,45,Bahrain,HARD,3,11
100.393,ZHO,2022,4,Bahrain,SOFT,1,4
82.201,BOT,2022,57,Australia,HARD,2,35
74.72,TSU,2024,77,Monaco,HARD,2,77
78.713,ALO,2024,69,Monaco,MEDIUM,2,69
79.986,PER,2023,29,Monaco,HARD,2,28
85.025,DEV,2023,5,Australia,HARD,1,5
84.42,SAI,2022,39,Monza,SOFT,2,9
78.637,SAI,2023,8,Monaco,HARD,1,8
138.924,RUS,2023,38,Silverstone,MEDIUM,2,10
97.75,RIC,2024,22,Bahrain,HARD,2,9
94.336,OCO,2022,33,Saudi Arabia,HARD,2,17
92.815,ALO,2023,49,Saudi Arabia,HARD,2,32
78.928,ALO,2024,46,Monaco,MEDIUM,2,46
97.877,STR,2022,54,Bahrain,SOFT,4,9
86.287,RUS,2023,48,Monza,HARD,2,32
137.748,PER,2022,24,Australia,HARD,2,4
76.479,PER,2022,43,Monaco,MEDIUM,4,13
93.283,GAS,2023,29,Silverstone,MEDIUM,1,29
77.391,ALO,2023,8,Monaco,HARD,1,9
92.459,SAI,2023,39,Silverstone,HARD,2,13
93.238,VER,2023,47,Saudi Arabia,HARD,2,29
96.475,SAR,2024,34,Bahrain,HARD,3,6
96.501,NOR,2024,20,Bahrain,HARD,2,7
84.052,PIA,2023,6,Australia,MEDIUM,1,6
96.301,HUL,2023,66,Monaco,WET,4,7
78.069,VET,2022,63,Monaco,HARD,4,41
91.537,ALB,2023,47,Silverstone,SOFT,2,19
82.426,NOR,2023,28,Australia,HARD,2,20
106.684,BOT,2022,36,Monza,SOFT,2,1
96.313,PER,2024,30,Bahrain,HARD,2,18
94.946,STR,2022,21,Silverstone,HARD,3,7
98.643,RUS,2023,24,Bahrain,HARD,2,11
95.708,PER,2023,69,Monaco,WET,5,12
93.705,SAI,2022,27,Saudi Arabia,HARD,2,11
96.68,STR,2024,55,Bahrain,HARD,3,28
99.389,ALO,2022,36,Bahrain,HARD,3,11
97.656,SAI,2024,11,Bahrain,SOFT,1,14
81.701,PER,2023,38,Australia,HARD,4,31
97.589,TSU,2022,1,Australia,MEDIUM,1,1
98.346,ALB,2023,39,Bahrain,HARD,3,13
97.978,RIC,2024,30,Bahrain,HARD,2,17
98.576,MAG,2024,5,Bahrain,SOFT,1,5
91.821,PIA,2023,10,Australia,HARD,2,2
96.736,RUS,2024,24,Bahrain,HARD,2,13
78.409,VER,2024,40,Monaco,MEDIUM,2,39
81.812,PER,2023,31,Australia,HARD,4,24
101.194,ALO,2023,5,Singapore,MEDIUM,1,5
76.529,HAM,2023,43,Monaco,HARD,2,12
87.525,VER,2023,51,Monza,HARD,2,31
81.416,RIC,2024,13,Monaco,HARD,2,13
97.428,ALB,2023,64,Monaco,INTERMEDIATE,3,12
98.943,BOT,2022,10,Monaco,WET,1,10
80.471,SAR,2023,16,Monaco,MEDIUM,1,16
99.021,STR,2023,27,Bahrain,HARD,2,12
99.594,OCO,2023,27,Bahrain,HARD,3,15
78.383,BOT,2024,66,Monaco,HARD,3,52
80.332,ALO,2022,39,Monaco,MEDIUM,3,9
128.659,ALB,2023,41,Bahrain,SOFT,4,1
99.14,ALB,2022,40,Bahrain,MEDIUM,3,7
80.017,SAR,2023,38,Monaco,SOFT,3,15
98.03,STR,2023,7,Australia,MEDIUM,1,8
85.03,NOR,2022,22,Australia,HARD,2,2
94.982,ALO,2023,11,Saudi Arabia,MEDIUM,1,11
85.259,DEV,2023,4,Australia,HARD,1,4
96.68,PIA,2024,23,Bahrain,HARD,2,11
83.416,ALB,2024,6,Monaco,HARD,2,5
100.24,BOT,2023,18,Bahrain,HARD,2,7
84.336,LEC,2022,38,Monza,SOFT,3,5
83.848,SAR,2023,34,Australia,MEDIUM,4,26
99.632,TSU,2023,23,Bahrain,HARD,2,13
80.126,HAM,2024,14,Monaco,MEDIUM,2,13
96.726,NOR,2024,27,Bahrain,HARD,2,14
103.137,ALO,2023,24,Singapore,HARD,2,4
98.418,PER,2023,25,Bahrain,SOFT,2,10
100.676,LAW,2023,14,Singapore,MEDIUM,1,14
78.999,BOT,2024,59,Monaco,HARD,3,45
93.691,PER,2023,50,Saudi Arabia,HARD,2,32
84.151,ALO,2022,35,Australia,HARD,1,35
97.502,OCO,2022,14,Saudi Arabia,MEDIUM,1,14
97.53,LAT,2022,9,Saudi Arabia,MEDIUM,1,9
95.208,SAR,2023,28,Saudi Arabia,MEDIUM,2,10
98.693,MAG,2023,53,Singapore,SOFT,3,13
97.656,SAI,2024,11,Bahrain,SOFT,1,14
96.912,SAR,2023,26,Saudi Arabia,MEDIUM,2,8
77.749,BOT,2022,60,Monaco,HARD,3,40
80.78,SAR,2024,52,Monaco,HARD,2,52
95.065,MAG,2022,16,Silverstone,MEDIUM,2,17
98.291,NOR,2023,23,Bahrain,SOFT,3,9
84.505,RUS,2022,18,Australia,MEDIUM,1,18
98.245,HUL,2023,36,Bahrain,HARD,3,10
78.868,GAS,2024,64,Monaco,MEDIUM,2,63
77.36,ALB,2023,27,Monaco,HARD,2,9
96.343,BOT,2023,26,Saudi Arabia,MEDIUM,3,9
100.097,RUS,2023,32,Silverstone,MEDIUM,2,4
115.24,ZHO,2023,25,Silverstone,HARD,2,1
79.977,GAS,2024,42,Monaco,MEDIUM,2,41
96.6,SAI,2024,29,Bahrain,HARD,2,15
87.054,MAG,2023,49,Monza,MEDIUM,3,16
78.189,HAM,2023,15,Monaco,MEDIUM,1,15
76.105,NOR,2022,58,Monaco,MEDIUM,5,7
96.264,HAM,2024,20,Bahrain,HARD,2,8
94.013,ALO,2022,26,Silverstone,MEDIUM,2,25
100.378,GAS,2023,10,Singapore,MEDIUM,1,10
77.562,ALO,2023,28,Monaco,HARD,1,29
131.263,ZHO,2022,4,Australia,MEDIUM,1,4
98.273,HAM,2024,2,Bahrain,SOFT,1,5
115.176,ALO,2022,39,Silverstone,HARD,3,6
97.265,ALO,2024,23,Bahrain,HARD,2,8
91.526,HAM,2023,50,Silverstone,SOFT,2,20
80.237,GAS,2024,60,Monaco,MEDIUM,2,59
77.645,VET,2022,61,Monaco,HARD,4,39
79.599,TSU,2022,46,Monaco,MEDIUM,4,17
92.749,PIA,2023,21,Silverstone,MEDIUM,1,21
99.827,GAS,2022,36,Bahrain,HARD,3,4
78.515,OCO,2023,12,Monaco,MEDIUM,1,12
91.284,VER,2022,23,Monaco,HARD,3,1
78.623,PIA,2024,46,Monaco,HARD,2,46
119.887,DEV,2023,1,Australia,HARD,1,1
97.006,OCO,2023,2,Saudi Arabia,MEDIUM,1,2
80.94,RIC,2024,32,Monaco,HARD,2,32
86.025,PER,2022,35,Monza,HARD,2,28
81.752,PIA,2023,50,Australia,HARD,2,42
95.083,SAI,2024,52,Bahrain,HARD,3,17
108.536,BOT,2024,1,Bahrain,SOFT,1,1
84.187,VER,2022,28,Australia,HARD,2,10
96.407,SAR,2023,30,Saudi Arabia,MEDIUM,2,12
100.358,RUS,2022,11,Bahrain,SOFT,1,14
100.277,PER,2024,12,Bahrain,SOFT,1,15
94.398,ALO,2023,8,Saudi Arabia,MEDIUM,1,8
93.731,HAM,2022,6,Silverstone,MEDIUM,2,5
84.744,NOR,2022,58,Australia,HARD,2,38
93.025,PER,2023,28,Saudi Arabia,HARD,2,10
80.255,GAS,2024,20,Monaco,MEDIUM,2,19
128.983,HUL,2023,38,Silverstone,SOFT,3,6
79.242,ALB,2022,46,Monaco,MEDIUM,4,24
100.438,GAS,2023,2,Bahrain,SOFT,1,2
93.811,ALB,2022,23,Monaco,MEDIUM,3,1
77.885,SAI,2024,45,Monaco,HARD,2,44
84.554,VER,2022,12,Australia,MEDIUM,1,12
98.295,STR,2023,23,Bahrain,HARD,2,8
79.033,STR,2023,47,Monaco,HARD,1,48
83.222,TSU,2023,22,Australia,HARD,2,14
95.041,SAI,2024,41,Bahrain,HARD,3,6
99.934,RUS,2022,7,Bahrain,SOFT,1,10
77.666,SAR,2023,34,Monaco,SOFT,3,11
83.392,MSC,2022,42,Australia,HARD,2,28
99.5,BOT,2023,26,Bahrain,HARD,2,15
100.981,GAS,2022,10,Bahrain,SOFT,1,13
102.234,TSU,2023,61,Monaco,INTERMEDIATE,2,8
80.587,ZHO,2023,34,Monaco,HARD,2,33
98.145,OCO,2022,51,Bahrain,SOFT,4,11
87.589,MAG,2023,17,Monza,MEDIUM,2,5
83.598,BOT,2023,14,Australia,HARD,3,13
137.522,VER,2023,44,Singapore,MEDIUM,2,4
77.399,PER,2023,7,Monaco,HARD,2,6
80.203,BOT,2023,25,Monaco,HARD,1,25
111.997,ZHO,2023,52,Monaco,HARD,2,51
100.206,VER,2023,15,Singapore,HARD,1,15
82.855,PIA,2023,32,Australia,HARD,2,24
98.343,ALO,2024,36,Bahrain,HARD,2,21
98.744,GAS,2024,3,Bahrain,SOFT,1,3
86.105,BOT,2022,38,Monza,SOFT,2,3
94.571,TSU,2023,7,Silverstone,SOFT,1,7
135.414,OCO,2022,50,Bahrain,SOFT,4,10
83.667,ZHO,2023,35,Australia,HARD,3,34
101.526,MAG,2023,7,Bahrain,HARD,1,7
82.039,STR,2023,44,Australia,HARD,2,36
97.726,OCO,2024,49,Bahrain,HARD,3,19
91.974,BOT,2023,48,Silverstone,SOFT,2,16
148.426,RIC,2022,26,Australia,HARD,2,5
83.499,SAR,2023,14,Australia,MEDIUM,4,6
83.561,ZHO,2022,48,Australia,HARD,2,27
96.154,SAR,2023,16,Saudi Arabia,HARD,1,16
117.101,SAI,2022,34,Bahrain,MEDIUM,3,1
100.277,PER,2024,12,Bahrain,SOFT,1,15
88.386,VER,2023,73,Monaco,INTERMEDIATE,2,18
83.225,SAI,2023,16,Australia,HARD,3,9
85.122,VER,2022,44,Monza,MEDIUM,2,19
97.327,ALB,2023,44,Bahrain,SOFT,4,4
99.495,HUL,2023,20,Bahrain,HARD,2,9
78.024,STR,2022,58,Monaco,None,5,35
99.856,SAR,2023,23,Singapore,HARD,2,4
94.367,OCO,2022,30,Silverstone,HARD,3,8
78.025,OCO,2023,13,Monaco,MEDIUM,1,13
122.547,MAG,2023,41,Bahrain,SOFT,4,1
93.281,LEC,2022,42,Saudi Arabia,HARD,2,26
145.628,ALB,2023,37,Silverstone,SOFT,2,9
83.956,MAG,2023,6,Australia,MEDIUM,1,6
118.77,LEC,2023,14,Bahrain,HARD,2,1
100.081,HAM,2023,13,Singapore,MEDIUM,1,13
122.407,ALO,2022,39,Australia,HARD,1,39
98.03,BOT,2023,13,Bahrain,HARD,2,2
81.612,RUS,2024,8,Monaco,MEDIUM,2,7
97.987,STR,2024,2,Bahrain,SOFT,1,2
99.892,STR,2023,2,Bahrain,SOFT,1,5
95.46,RIC,2024,38,Bahrain,SOFT,3,3
97.095,PIA,2024,18,Bahrain,HARD,2,6
133.615,NOR,2022,5,Australia,MEDIUM,1,5
81.77,SAI,2023,33,Australia,HARD,3,26
97.722,PER,2023,32,Bahrain,SOFT,2,17
86.675,SAI,2022,28,Monza,MEDIUM,1,28
95.25,DEV,2023,34,Saudi Arabia,HARD,2,17
83.786,MSC,2022,47,Australia,HARD,2,33
98.016,PER,2023,56,Singapore,MEDIUM,2,17
97.607,RUS,2023,36,Bahrain,HARD,3,5
75.245,HAM,2024,76,Monaco,HARD,3,26
79.578,DEV,2023,22,Monaco,MEDIUM,1,22
97.82,HUL,2024,8,Bahrain,HARD,2,7
84.467,ALO,2022,37,Australia,HARD,1,37
77.042,PIA,2024,59,Monaco,HARD,2,59
74.423,HAM,2024,56,Monaco,HARD,3,6
98.273,STR,2023,21,Bahrain,HARD,2,6
108.531,ALO,2023,56,Monaco,INTERMEDIATE,3,1
78.732,STR,2023,42,Monaco,HARD,1,43
83.758,SAR,2023,27,Australia,MEDIUM,4,19
97.507,STR,2023,17,Bahrain,HARD,2,2
84.481,BOT,2023,25,Australia,HARD,3,24
92.166,HUL,2023,51,Silverstone,SOFT,3,19
98.689,RIC,2024,6,Bahrain,SOFT,1,9
97.675,PER,2023,65,Monaco,WET,5,8
77.814,DEV,2023,42,Monaco,MEDIUM,1,42
122.932,PIA,2023,54,Australia,HARD,2,46
81.643,NOR,2023,40,Australia,HARD,2,32
96.379,STR,2024,46,Bahrain,HARD,3,19
78.313,VER,2024,45,Monaco,MEDIUM,2,44
104.323,SAI,2022,3,Monaco,WET,1,3
77.433,HUL,2023,9,Monaco,HARD,2,8
102.852,LEC,2023,60,Monaco,INTERMEDIATE,3,5
84.949,MSC,2022,22,Australia,HARD,2,8
97.029,OCO,2023,65,Monaco,INTERMEDIATE,3,11
101.541,OCO,2023,7,Australia,HARD,2,6
93.479,SAR,2023,22,Silverstone,MEDIUM,1,22
102.328,LAW,2023,62,Singapore,HARD,2,42
97.76,GAS,2023,30,Bahrain,HARD,3,5
80.448,RUS,2024,35,Monaco,MEDIUM,2,34
78.05,NOR,2023,36,Monaco,MEDIUM,1,36
79.206,MAG,2023,17,Monaco,HARD,1,17
83.538,MAG,2023,13,Australia,HARD,3,6
97.749,ZHO,2024,20,Bahrain,HARD,2,11
78.926,STR,2023,26,Monaco,HARD,1,27
85.903,PER,2023,51,Monza,HARD,2,30
101.431,VER,2023,28,Singapore,HARD,1,28
82.46,VER,2022,34,Australia,HARD,2,16
92.976,PIA,2023,11,Silverstone,MEDIUM,1,11
96.694,BOT,2023,47,Saudi Arabia,SOFT,4,12
87.164,ALO,2023,16,Monza,MEDIUM,1,16
101.113,SAR,2023,17,Singapore,MEDIUM,1,17
93.748,STR,2022,35,Silverstone,HARD,3,21
98.126,SAI,2023,56,Bahrain,HARD,3,25
97.287,BOT,2024,15,Bahrain,HARD,2,3
135.166,OCO,2022,2,Monaco,WET,1,2
82.339,NOR,2023,31,Australia,HARD,2,23
85.083,LAT,2022,22,Australia,HARD,2,10
97.528,TSU,2023,49,Bahrain,SOFT,4,12
97.205,BOT,2024,55,Bahrain,HARD,3,25
79.387,STR,2023,32,Monaco,HARD,1,33
79.745,TSU,2024,40,Monaco,HARD,2,40
88.336,STR,2023,45,Monza,HARD,2,29
77.207,GAS,2023,34,Monaco,HARD,1,34
79.338,ALB,2023,10,Monaco,MEDIUM,1,10
94.282,TSU,2023,47,Saudi Arabia,HARD,2,30
99.051,LEC,2022,28,Bahrain,SOFT,2,16
103.373,LEC,2023,57,Monaco,INTERMEDIATE,3,2
96.743,MAG,2022,10,Saudi Arabia,HARD,1,12
93.356,MAG,2023,29,Silverstone,MEDIUM,1,29
95.05,LEC,2023,66,Monaco,INTERMEDIATE,3,11
81.025,STR,2023,48,Australia,HARD,2,40
77.979,RUS,2023,42,Monaco,HARD,1,42
97.493,ALB,2024,51,Bahrain,HARD,3,15
94.091,RUS,2023,28,Saudi Arabia,HARD,2,10
76.706,PER,2023,37,Monaco,MEDIUM,3,4
96.202,STR,2024,31,Bahrain,HARD,3,4
81.947,BOT,2024,10,Monaco,MEDIUM,2,9
78.737,BOT,2023,23,Monaco,HARD,1,23
100.342,NOR,2023,16,Singapore,MEDIUM,1,16
98.662,LAT,2022,5,Saudi Arabia,MEDIUM,1,5
97.383,ZHO,2024,55,Bahrain,HARD,3,27
94.239,VER,2024,47,Bahrain,SOFT,3,10
97.257,PER,2023,46,Bahrain,HARD,3,12
78.332,STR,2024,72,Monaco,SOFT,4,24
75.641,VER,2024,76,Monaco,HARD,3,25
85.709,ALB,2022,10,Australia,HARD,1,10
97.896,HUL,2024,6,Bahrain,HARD,2,5
78.026,NOR,2023,34,Monaco,MEDIUM,1,34
77.108,ALO,2023,47,Monaco,HARD,1,48
104.581,SAI,2023,18,Australia,HARD,3,11
78.406,TSU,2022,51,Monaco,MEDIUM,4,22
81.986,SAI,2023,32,Australia,HARD,3,25
87.309,LAT,2022,39,Monza,HARD,2,24
102.112,STR,2024,9,Bahrain,SOFT,1,9
78.53,ALO,2022,58,Monaco,MEDIUM,3,28
82.053,ZHO,2022,35,Monaco,MEDIUM,3,6
92.726,PER,2023,29,Saudi Arabia,HARD,2,11
96.742,GAS,2024,40,Bahrain,HARD,3,9
87.504,LAT,2022,14,Monza,MEDIUM,1,14
78.533,STR,2023,44,Monaco,HARD,1,45
97.5,ZHO,2024,15,Bahrain,HARD,2,6
79.247,PIA,2023,6,Monaco,HARD,1,6
85.851,LEC,2023,34,Monza,HARD,2,14
85.66,VER,2022,6,Monza,SOFT,1,6
115.92,VET,2022,3,Australia,HARD,1,4
95.442,TSU,2022,26,Silverstone,HARD,3,9
78.234,NOR,2023,47,Monaco,MEDIUM,1,47
102.263,GAS,2023,61,Monaco,INTERMEDIATE,3,7
102.63,OCO,2023,61,Monaco,INTERMEDIATE,3,7
98.012,GAS,2023,29,Bahrain,HARD,3,4
98.304,HAM,2023,38,Bahrain,HARD,3,8
92.034,GAS,2023,10,Monza,MEDIUM,1,10
98.446,MAG,2023,55,Bahrain,SOFT,4,15
87.931,STR,2022,13,Monza,MEDIUM,1,14
94.418,MSC,2022,19,Silverstone,MEDIUM,2,18
99.561,SAI,2023,45,Bahrain,HARD,3,14
79.457,PER,2022,58,Monaco,MEDIUM,4,28
100.32,NOR,2023,24,Singapore,HARD,2,4
93.841,OCO,2023,44,Saudi Arabia,HARD,2,28
94.569,SAR,2023,46,Saudi Arabia,MEDIUM,2,28
88.203,NOR,2022,52,Monza,SOFT,3,8
86.435,LEC,2023,76,Monaco,INTERMEDIATE,3,21
99.166,HAM,2023,2,Bahrain,SOFT,1,5
93.945,HAM,2022,43,Saudi Arabia,MEDIUM,2,3
84.357,DEV,2023,32,Australia,MEDIUM,2,24
78.057,STR,2022,53,Monaco,None,5,30
100.859,MAG,2023,17,Singapore,MEDIUM,1,17
100.834,MAG,2023,7,Singapore,MEDIUM,1,7
96.405,PIA,2023,24,Saudi Arabia,HARD,2,23
99.049,SAI,2022,3,Bahrain,SOFT,1,6
98.755,GAS,2023,52,Singapore,HARD,2,32
81.066,GAS,2024,15,Monaco,MEDIUM,2,14
95.802,RIC,2022,8,Silverstone,MEDIUM,2,8
86.911,RIC,2022,23,Monza,HARD,2,4
80.561,ZHO,2023,13,Monaco,HARD,2,12
96.385,STR,2022,26,Saudi Arabia,HARD,2,14
87.631,LAW,2023,12,Monza,MEDIUM,1,15
80.15,RUS,2024,17,Monaco,MEDIUM,2,16
99.651,MAG,2023,54,Bahrain,SOFT,4,14
99.299,VER,2023,57,Singapore,MEDIUM,2,17
79.041,OCO,2023,5,Monaco,MEDIUM,1,5
78.809,LEC,2023,9,Monaco,HARD,1,9
83.193,TSU,2023,39,Australia,HARD,2,31
98.35,RIC,2024,19,Bahrain,HARD,2,6
91.783,SAI,2023,40,Silverstone,HARD,2,14
77.045,HUL,2023,5,Monaco,HARD,2,4
83.848,SAR,2023,34,Australia,MEDIUM,4,26
83.051,PIA,2023,20,Australia,HARD,2,12
97.998,BOT,2024,22,Bahrain,HARD,2,10
97.726,MAG,2022,41,Bahrain,MEDIUM,3,7
87.747,SAI,2022,13,Monza,MEDIUM,1,13
94.925,TSU,2023,34,Saudi Arabia,HARD,2,17
77.883,SAI,2023,15,Monaco,HARD,1,15
86.815,LAW,2023,18,Monza,HARD,2,8
103.791,VER,2023,59,Monaco,INTERMEDIATE,2,4
98.315,MAG,2023,50,Bahrain,SOFT,4,10
82.249,BOT,2024,8,Monaco,MEDIUM,2,7
87.314,LEC,2023,15,Monza,MEDIUM,1,15
84.266,LAT,2022,51,Australia,HARD,3,28
96.942,MAG,2023,43,Bahrain,SOFT,4,3
95.673,LAT,2022,8,Silverstone,SOFT,2,7
81.072,STR,2023,35,Monaco,HARD,1,36
99.206,BOT,2024,6,Bahrain,SOFT,1,6
97.865,RIC,2024,20,Bahrain,HARD,2,7
82.747,RIC,2024,7,Monaco,HARD,2,7
86.724,RUS,2022,2,Monza,SOFT,1,2
92.138,STR,2023,52,Silverstone,SOFT,2,24
79.672,RIC,2024,57,Monaco,HARD,2,57
78.007,SAI,2023,22,Monaco,HARD,1,22
95.004,BOT,2023,44,Saudi Arabia,SOFT,4,9
81.524,ZHO,2023,18,Monaco,HARD,2,17
100.475,DEV,2023,51,Bahrain,HARD,3,24
78.472,HAM,2022,54,Monaco,MEDIUM,4,24
78.214,NOR,2023,38,Monaco,MEDIUM,1,38
80.089,SAR,2023,11,Monaco,MEDIUM,1,11
97.644,MAG,2023,32,Bahrain,SOFT,3,3
79.436,NOR,2024,42,Monaco,HARD,2,42
94.853,LEC,2023,23,Saudi Arabia,HARD,2,7
96.332,ALO,2023,66,Monaco,INTERMEDIATE,3,11
76.473,PER,2022,40,Monaco,MEDIUM,4,10
87.848,LEC,2023,74,Monaco,INTERMEDIATE,3,19
87.539,SAI,2022,3,Monza,MEDIUM,1,3
95.334,ALB,2022,34,Saudi Arabia,HARD,2,21
80.757,ZHO,2023,2,Monaco,HARD,2,1
90.027,OCO,2023,71,Monaco,INTERMEDIATE,3,17
99.157,RIC,2022,40,Bahrain,HARD,3,7
99.434,ALO,2022,17,Bahrain,MEDIUM,2,6
94.962,VET,2022,6,Silverstone,SOFT,2,5
78.204,RUS,2024,42,Monaco,MEDIUM,2,41
95.702,PIA,2024,48,Bahrain,HARD,3,14
98.075,TSU,2023,37,Bahrain,HARD,3,11
100.203,ALO,2023,10,Bahrain,SOFT,1,13
78.314,RUS,2024,47,Monaco,MEDIUM,2,46
86.333,HAM,2023,45,Monza,MEDIUM,2,18
81.183,DEV,2023,50,Australia,SOFT,3,5
94.288,RUS,2022,25,Saudi Arabia,HARD,2,9
79.837,RIC,2024,49,Monaco,HARD,2,49
84.644,ALO,2023,11,Australia,HARD,2,3
122.838,SAI,2022,32,Monaco,HARD,3,11
96.081,NOR,2022,24,Saudi Arabia,HARD,2,8
86.756,HAM,2023,9,Monza,HARD,1,12
85.631,LEC,2022,15,Monza,MEDIUM,2,3
87.721,SAI,2023,17,Monza,MEDIUM,1,17
97.52,RUS,2023,48,Bahrain,HARD,3,17
93.351,HUL,2023,25,Silverstone,MEDIUM,2,18
79.699,DEV,2023,23,Monaco,MEDIUM,1,23
101.281,ZHO,2022,12,Bahrain,SOFT,1,12
80.613,HAM,2023,49,Australia,HARD,2,41
100.154,ALO,2023,40,Singapore,HARD,2,20
97.796,HUL,2024,16,Bahrain,HARD,2,15
81.073,VER,2023,48,Australia,HARD,2,40
98.25,STR,2023,25,Bahrain,HARD,2,10
95.082,PER,2024,50,Bahrain,SOFT,3,14
88.953,STR,2023,2,Monza,MEDIUM,1,2
77.648,RUS,2023,25,Monaco,HARD,1,25
81.626,LEC,2022,46,Australia,HARD,2,24
101.322,PIA,2023,19,Singapore,MEDIUM,1,19
101.881,NOR,2022,20,Bahrain,MEDIUM,1,20
94.609,LEC,2023,14,Saudi Arabia,SOFT,1,14
79.596,HUL,2023,11,Monaco,HARD,2,10
93.663,DEV,2023,24,Silverstone,SOFT,1,24
81.267,HAM,2023,41,Australia,HARD,2,33
122.305,ZHO,2022,16,Saudi Arabia,MEDIUM,1,16
95.721,NOR,2023,9,Saudi Arabia,HARD,2,7
94.144,HAM,2022,35,Saudi Arabia,HARD,1,36
96.165,HAM,2024,48,Bahrain,HARD,3,15
78.181,LEC,2024,39,Monaco,HARD,2,38
99.426,ALO,2022,37,Bahrain,HARD,3,12
88.059,LAW,2023,22,Monza,HARD,2,12
82.023,LEC,2022,33,Australia,HARD,2,11
77.143,NOR,2024,65,Monaco,HARD,2,65
85.802,LEC,2022,4,Monza,SOFT,1,4
97.706,HUL,2024,12,Bahrain,HARD,2,11
119.843,TSU,2023,11,Bahrain,HARD,2,1
78.486,ALB,2023,43,Monaco,HARD,2,25
83.9,LAT,2022,48,Australia,HARD,3,25
81.019,PER,2023,50,Australia,HARD,4,43
99.972,HUL,2023,46,Bahrain,SOFT,4,9
77.202,BOT,2024,52,Monaco,HARD,3,38
98.364,TSU,2024,7,Bahrain,SOFT,1,7
98.147,TSU,2023,30,Bahrain,HARD,3,4
80.793,ALB,2024,16,Monaco,HARD,2,15
101.35,HUL,2023,5,Singapore,MEDIUM,1,5
88.759,TSU,2023,74,Monaco,INTERMEDIATE,2,21
81.908,PER,2023,29,Australia,HARD,4,22
86.273,RUS,2022,8,Monza,SOFT,1,8
79.182,DEV,2023,17,Monaco,MEDIUM,1,17
79.789,STR,2024,34,Monaco,MEDIUM,2,34
79.411,ALO,2024,55,Monaco,MEDIUM,2,55
78.445,LEC,2024,26,Monaco,HARD,2,25
96.964,OCO,2023,35,Bahrain,HARD,4,3
97.853,ALO,2023,23,Bahrain,HARD,2,9
78.681,ZHO,2022,43,Monaco,MEDIUM,3,14
97.769,ALO,2023,33,Bahrain,HARD,2,19
96.128,BOT,2023,28,Saudi Arabia,MEDIUM,3,11
86.074,VET,2022,14,Australia,HARD,1,15
93.453,DEV,2023,18,Silverstone,SOFT,1,18
94.205,RIC,2022,31,Silverstone,HARD,3,11
98.13,RIC,2022,5,Saudi Arabia,MEDIUM,1,5
98.127,ALO,2023,26,Bahrain,HARD,2,12
94.869,GAS,2023,30,Saudi Arabia,HARD,2,16
137.071,BOT,2022,5,Australia,MEDIUM,1,5
96.037,SAR,2023,42,Bahrain,SOFT,4,2
103.87,ZHO,2023,12,Bahrain,SOFT,1,12
98.684,HAM,2023,19,Bahrain,HARD,2,7
93.058,TSU,2023,16,Silverstone,HARD,2,2
115.852,ALB,2023,52,Monaco,HARD,2,34
96.589,VER,2024,40,Bahrain,SOFT,3,3
77.997,GAS,2022,57,Monaco,HARD,4,35
118.066,PER,2023,70,Monaco,WET,5,13
98.204,ALB,2024,24,Bahrain,HARD,2,9
77.915,STR,2023,19,Monaco,HARD,1,20
95.648,HAM,2022,14,Saudi Arabia,HARD,1,15
95.964,TSU,2024,45,Bahrain,HARD,3,11
99.349,GAS,2023,13,Bahrain,HARD,2,4
81.438,HUL,2023,42,Australia,HARD,2,34
94.995,OCO,2022,16,Silverstone,SOFT,2,15
80.75,BOT,2024,23,Monaco,HARD,3,9
97.594,SAR,2024,15,Bahrain,HARD,2,5
134.689,VER,2022,49,Monza,SOFT,3,1
113.799,STR,2022,48,Bahrain,SOFT,4,3
87.57,BOT,2022,17,Monza,MEDIUM,1,17
83.493,ZHO,2023,34,Australia,HARD,3,33
80.179,RIC,2022,41,Monaco,HARD,3,22
96.087,TSU,2023,13,Saudi Arabia,MEDIUM,1,13
97.24,PER,2023,21,Bahrain,SOFT,2,6
97.902,OCO,2024,16,Bahrain,HARD,2,6
86.751,RIC,2022,43,Monza,HARD,2,24
98.707,OCO,2024,54,Bahrain,HARD,3,24
117.815,STR,2024,10,Bahrain,HARD,2,1
82.007,RIC,2024,56,Monaco,HARD,2,56
87.044,SAI,2022,4,Monza,MEDIUM,1,4
79.497,STR,2024,35,Monaco,MEDIUM,2,35
96.474,BOT,2023,40,Saudi Arabia,SOFT,4,5
94.658,NOR,2023,38,Saudi Arabia,MEDIUM,3,19
84.661,RUS,2022,19,Australia,MEDIUM,1,19
86.594,RUS,2023,8,Monza,MEDIUM,1,8
95.169,MAG,2023,3,Silverstone,MEDIUM,1,3
100.053,PER,2024,1,Bahrain,SOFT,1,4
96.442,RIC,2024,49,Bahrain,SOFT,3,14
100.675,ZHO,2024,28,Bahrain,HARD,2,19
77.212,VER,2023,26,Monaco,MEDIUM,1,26
97.936,SAR,2023,54,Bahrain,SOFT,4,14
87.465,SAR,2023,22,Monza,HARD,2,11
94.569,SAR,2023,46,Saudi Arabia,MEDIUM,2,28
99.726,SAI,2023,25,Singapore,HARD,2,5
82.741,NOR,2023,20,Australia,HARD,2,12
78.829,LEC,2023,6,Monaco,HARD,1,6
103.593,TSU,2023,60,Monaco,INTERMEDIATE,2,7
76.987,LEC,2022,42,Monaco,HARD,4,21
101.014,GAS,2023,1,Silverstone,MEDIUM,1,1
82.314,PIA,2024,4,Monaco,HARD,2,4
100.559,HUL,2023,11,Singapore,MEDIUM,1,11
92.68,LEC,2022,34,Saudi Arabia,HARD,2,18
95.283,BOT,2023,46,Saudi Arabia,SOFT,4,11
97.651,VER,2023,28,Bahrain,SOFT,2,14
100.868,SAR,2023,8,Bahrain,SOFT,1,8
99.484,NOR,2023,26,Singapore,HARD,2,6
82.083,PER,2023,33,Monaco,HARD,2,32
78.574,NOR,2022,53,Monaco,MEDIUM,5,2
77.801,RIC,2022,57,Monaco,HARD,3,38
101.268,ZHO,2023,7,Australia,HARD,2,6
86.068,PER,2022,13,Monza,HARD,2,6
85.559,LEC,2022,6,Monza,SOFT,1,6
106.175,VER,2022,3,Australia,MEDIUM,1,3
101.292,GAS,2023,5,Singapore,MEDIUM,1,5
96.263,HAM,2023,4,Saudi Arabia,HARD,1,4
81.62,GAS,2023,52,Australia,HARD,2,44
87.877,TSU,2022,45,Monza,HARD,2,27
77.783,ALO,2023,9,Monaco,HARD,1,10
87.306,OCO,2023,6,Monza,MEDIUM,1,6
96.308,ALB,2024,53,Bahrain,HARD,3,17
97.338,OCO,2023,37,Bahrain,HARD,4,5
110.325,TSU,2022,56,Monaco,MEDIUM,4,27
97.95,ZHO,2023,45,Bahrain,SOFT,3,16
95.204,VER,2024,22,Bahrain,HARD,2,5
95.028,LEC,2024,41,Bahrain,HARD,3,7
98.612,ALO,2024,14,Bahrain,SOFT,1,17
87.662,VET,2022,7,Monza,MEDIUM,1,8
81.293,ZHO,2024,27,Monaco,HARD,2,26
94.199,ALO,2024,48,Bahrain,HARD,3,7
95.276,NOR,2024,40,Bahrain,HARD,3,7
80.219,SAR,2023,3,Monaco,MEDIUM,1,3
81.685,MAG,2023,52,Australia,HARD,3,45
93.498,STR,2023,21,Silverstone,MEDIUM,1,22
148.703,RIC,2022,45,Bahrain,SOFT,4,1
125.576,SAI,2022,40,Saudi Arabia,HARD,2,24
115.664,LAT,2022,3,Australia,MEDIUM,1,3
96.645,SAR,2023,12,Saudi Arabia,HARD,1,12
80.042,ALB,2024,18,Monaco,HARD,2,17
94.165,RUS,2023,30,Saudi Arabia,HARD,2,12
82.284,ALO,2024,8,Monaco,MEDIUM,2,8
88.921,RUS,2023,73,Monaco,INTERMEDIATE,2,19
98.777,STR,2024,17,Bahrain,HARD,2,8
78.282,RIC,2024,48,Monaco,HARD,2,48
146.496,NOR,2023,36,Silverstone,HARD,2,3
79.457,ALB,2023,30,Monaco,HARD,2,12
77.616,PER,2023,44,Monaco,MEDIUM,3,11
143.987,GAS,2022,26,Australia,HARD,2,5
99.986,RUS,2023,35,Singapore,HARD,2,15
100.203,ALO,2023,10,Bahrain,SOFT,1,13
96.145,ZHO,2022,17,Monaco,WET,1,17
96.118,STR,2023,9,Saudi Arabia,MEDIUM,1,9
78.825,ALB,2023,41,Monaco,HARD,2,23
80.853,SAR,2024,20,Monaco,HARD,2,20
95.778,DEV,2023,30,Saudi Arabia,HARD,2,13
95.415,SAI,2022,10,Silverstone,MEDIUM,2,9
101.195,MAG,2022,10,Bahrain,SOFT,1,10
99.085,PER,2023,10,Bahrain,SOFT,1,13
94.738,SAR,2023,29,Saudi Arabia,MEDIUM,2,11
149.807,MAG,2022,19,Saudi Arabia,HARD,1,21
80.659,VER,2024,12,Monaco,MEDIUM,2,11
98.287,SAI,2023,18,Bahrain,HARD,2,5
81.78,SAR,2024,40,Monaco,HARD,2,40
98.089,RUS,2022,17,Bahrain,HARD,2,3
100.396,LEC,2023,63,Monaco,INTERMEDIATE,3,8
81.827,TSU,2023,51,Australia,HARD,2,43
78.451,LEC,2023,43,Monaco,HARD,1,43
94.295,ALO,2022,16,Silverstone,MEDIUM,2,15
81.016,SAR,2024,17,Monaco,HARD,2,17
86.523,MSC,2022,39,Monza,SOFT,2,6
81.189,DEV,2023,52,Australia,SOFT,3,7
100.371,ZHO,2023,5,Singapore,HARD,2,3
94.062,ALO,2023,28,Saudi Arabia,HARD,2,11
83.366,BOT,2023,31,Australia,HARD,3,30
79.704,BOT,2023,50,Monaco,HARD,1,50
97.072,ALO,2024,19,Bahrain,HARD,2,4
86.666,ALO,2023,27,Monza,HARD,2,9
75.466,VER,2024,56,Monaco,HARD,3,5
87.44,SAR,2023,48,Monza,HARD,2,37
78.855,NOR,2023,15,Monaco,MEDIUM,1,15
86.179,VET,2022,9,Australia,HARD,1,10
93.122,RIC,2022,37,Silverstone,SOFT,4,5
85.054,MAG,2023,5,Australia,MEDIUM,1,5
87.331,TSU,2022,8,Monza,MEDIUM,1,8
95.852,RUS,2024,51,Bahrain,HARD,3,20
101.077,HUL,2022,2,Bahrain,SOFT,1,2
82.147,NOR,2023,35,Australia,HARD,2,27
92.655,PER,2022,31,Silverstone,MEDIUM,3,27
95.066,ALO,2023,54,Australia,HARD,2,46
92.812,ZHO,2023,29,Silverstone,HARD,2,5
99.066,HUL,2023,11,Saudi Arabia,MEDIUM,1,11
83.574,MAG,2023,17,Australia,HARD,3,10
92.445,HAM,2022,27,Silverstone,MEDIUM,2,26
99.942,SAI,2022,11,Bahrain,SOFT,1,14
84.295,STR,2022,57,Australia,HARD,4,38
79.403,BOT,2024,54,Monaco,HARD,3,40
94.59,HUL,2022,44,Saudi Arabia,MEDIUM,2,8
77.879,RUS,2023,22,Monaco,HARD,1,22
82.004,ALB,2024,9,Monaco,HARD,2,8
146.221,LEC,2022,49,Bahrain,SOFT,4,6
96.118,STR,2023,9,Saudi Arabia,MEDIUM,1,9
78.512,RIC,2024,73,Monaco,HARD,2,73
86.603,VER,2023,10,Monza,MEDIUM,1,10
132.217,RUS,2023,18,Saudi Arabia,MEDIUM,1,18
96.94,RUS,2022,51,Bahrain,SOFT,4,8
99.95,LAW,2023,52,Singapore,HARD,2,32
78.789,ZHO,2024,63,Monaco,HARD,2,62
95.708,HAM,2023,14,Saudi Arabia,HARD,1,14
102.13,NOR,2023,58,Monaco,INTERMEDIATE,3,4
78.721,ZHO,2023,44,Monaco,HARD,2,43
81.886,HAM,2022,51,Australia,HARD,2,29
98.489,GAS,2022,9,Monaco,INTERMEDIATE,2,8
132.427,PER,2022,4,Australia,MEDIUM,1,4
90.934,PER,2023,21,Monza,MEDIUM,1,21
81.932,ALO,2023,30,Australia,HARD,2,22
78.413,DEV,2023,40,Monaco,MEDIUM,1,40
86.6,ZHO,2023,41,Monza,MEDIUM,3,8
94.24,OCO,2022,26,Silverstone,HARD,3,4
96.324,LEC,2024,57,Bahrain,HARD,3,23
82.102,SAI,2023,20,Australia,HARD,3,13
77.688,HAM,2023,36,Monaco,HARD,2,5
92.384,VER,2023,36,Saudi Arabia,HARD,2,18
95.058,LEC,2024,46,Bahrain,HARD,3,12
78.988,NOR,2023,16,Monaco,MEDIUM,1,16
79.435,GAS,2024,47,Monaco,MEDIUM,2,46
94.571,ALO,2024,49,Bahrain,HARD,3,8
103.941,TSU,2022,5,Monaco,WET,1,5
99.223,LEC,2023,64,Monaco,INTERMEDIATE,3,9
96.485,STR,2023,16,Saudi Arabia,HARD,2,4
97.601,ALO,2024,34,Bahrain,HARD,2,19
81.75,OCO,2023,39,Australia,HARD,3,38
99.078,GAS,2024,7,Bahrain,SOFT,1,7
101.828,NOR,2022,18,Bahrain,MEDIUM,1,18
86.617,STR,2023,31,Monza,HARD,2,15
82.649,ZHO,2024,6,Monaco,HARD,2,5
99.874,ALO,2022,20,Bahrain,MEDIUM,2,9
93.823,ZHO,2022,1,Monza,MEDIUM,1,1
96.771,SAI,2022,41,Bahrain,MEDIUM,3,8
82.131,HAM,2023,27,Australia,HARD,2,19
95.316,VER,2024,21,Bahrain,HARD,2,4
77.342,NOR,2022,46,Monaco,HARD,4,24
95.127,DEV,2023,37,Saudi Arabia,HARD,2,20
80.669,ZHO,2023,17,Monaco,HARD,2,16
96.733,PIA,2024,21,Bahrain,HARD,2,9
79.704,PER,2023,2,Monaco,HARD,2,1
100.42,RUS,2023,9,Bahrain,SOFT,1,12
100.483,HUL,2022,30,Bahrain,SOFT,2,11
98.975,TSU,2023,15,Bahrain,HARD,2,5
86.902,PER,2022,18,Monza,HARD,2,11
102.108,ZHO,2023,11,Bahrain,SOFT,1,11
87.911,PER,2022,52,Monza,SOFT,3,10
96.91,BOT,2024,49,Bahrain,HARD,3,19
79.119,RIC,2024,58,Monaco,HARD,2,58
96.431,PER,2023,38,Bahrain,HARD,3,4
94.198,MAG,2022,25,Silverstone,MEDIUM,3,3
98.135,ALB,2024,31,Bahrain,HARD,2,16
79.416,PIA,2023,19,Monaco,HARD,1,19
93.989,SAI,2023,33,Saudi Arabia,HARD,2,18
93.221,NOR,2023,15,Silverstone,MEDIUM,1,15
82.236,PER,2022,37,Australia,HARD,2,17
78.545,GAS,2024,68,Monaco,MEDIUM,2,67
101.415,DEV,2023,61,Monaco,INTERMEDIATE,2,8
80.929,SAR,2024,26,Monaco,HARD,2,26
94.356,SAR,2023,6,Silverstone,MEDIUM,1,6
95.013,HUL,2023,35,Saudi Arabia,HARD,2,24
96.998,GAS,2022,11,Saudi Arabia,MEDIUM,1,11
123.868,VER,2022,39,Silverstone,HARD,4,16
97.034,HUL,2022,9,Saudi Arabia,HARD,1,10
87.323,SAI,2023,16,Monza,MEDIUM,1,16
95.001,SAI,2023,14,Saudi Arabia,MEDIUM,1,14
82.1,LEC,2022,57,Australia,HARD,2,35
95.258,MAG,2022,14,Silverstone,MEDIUM,2,15
98.551,GAS,2023,14,Saudi Arabia,MEDIUM,1,14
81.887,RUS,2022,49,Australia,HARD,2,26
92.903,NOR,2023,16,Silverstone,MEDIUM,1,16
99.625,STR,2023,3,Bahrain,SOFT,1,6
82.029,ALO,2023,29,Australia,HARD,2,21
91.772,VER,2022,50,Saudi Arabia,HARD,2,34
97.287,LEC,2023,39,Bahrain,HARD,3,6
98.582,SAR,2024,6,Bahrain,SOFT,1,6
93.123,MAG,2022,50,Silverstone,MEDIUM,3,28
120.734,OCO,2022,50,Monza,HARD,2,31
96.26,ZHO,2023,3,Saudi Arabia,MEDIUM,1,3
96.317,MAG,2023,25,Saudi Arabia,HARD,2,17
82.08,HAM,2023,36,Australia,HARD,2,28
95.519,NOR,2023,44,Saudi Arabia,MEDIUM,3,25
81.656,GAS,2022,38,Monaco,HARD,4,16
82.747,RIC,2024,7,Monaco,HARD,2,7
93.228,HAM,2023,27,Monza,HARD,1,30
89.712,VER,2022,25,Monza,SOFT,1,25
96.125,TSU,2024,39,Bahrain,HARD,3,5
98.453,SAI,2023,22,Bahrain,HARD,2,9
83.073,RUS,2023,14,Australia,HARD,3,7
99.086,MAG,2023,21,Bahrain,HARD,2,6
100.868,SAR,2023,8,Bahrain,SOFT,1,8
83.404,OCO,2023,24,Australia,HARD,3,23
77.556,GAS,2023,38,Monaco,HARD,1,38
87.64,SAR,2023,40,Monza,HARD,2,29
93.459,RUS,2023,40,Saudi Arabia,HARD,2,22
79.958,SAI,2023,3,Monaco,HARD,1,3
125.275,HUL,2023,41,Bahrain,SOFT,4,4
101.061,GAS,2023,19,Singapore,MEDIUM,1,19
98.913,MAG,2023,22,Bahrain,HARD,2,7
76.895,SAR,2024,64,Monaco,MEDIUM,3,7
98.147,MAG,2024,22,Bahrain,HARD,2,11
87.359,NOR,2023,13,Monza,MEDIUM,1,13
92.714,HAM,2023,27,Silverstone,MEDIUM,1,27
83.632,OCO,2023,25,Australia,HARD,3,24
98.899,GAS,2022,2,Saudi Arabia,MEDIUM,1,2
80.911,DEV,2023,35,Monaco,MEDIUM,1,35
77.942,GAS,2023,23,Monaco,HARD,1,23
84.829,VER,2022,37,Monza,MEDIUM,2,12
148.277,TSU,2024,2,Monaco,HARD,2,2
91.724,LEC,2022,49,Silverstone,HARD,3,24
86.724,HAM,2022,9,Monza,MEDIUM,1,9
102.662,RUS,2023,1,Bahrain,SOFT,1,4
93.445,RIC,2022,48,Silverstone,SOFT,5,10
94.636,GAS,2022,23,Silverstone,HARD,3,8
95.756,MAG,2023,11,Saudi Arabia,HARD,2,3
100.658,HUL,2022,36,Bahrain,SOFT,2,17
94.594,ALO,2022,27,Saudi Arabia,HARD,2,11
98.003,ZHO,2023,37,Bahrain,SOFT,3,8
131.859,PIA,2023,54,Monaco,HARD,1,54
76.218,SAI,2024,69,Monaco,HARD,2,68
79.314,OCO,2023,4,Monaco,MEDIUM,1,4
93.098,GAS,2023,21,Silverstone,MEDIUM,1,21
79.796,RIC,2024,50,Monaco,HARD,2,50
80.358,RIC,2024,74,Monaco,HARD,2,74
79.247,PIA,2023,6,Monaco,HARD,1,6
95.204,VER,2024,22,Bahrain,HARD,2,5
84.557,MSC,2022,37,Australia,HARD,2,23
140.73,GAS,2023,22,Singapore,HARD,2,2
91.636,DEV,2023,70,Monaco,INTERMEDIATE,2,17
87.194,VET,2022,7,Australia,HARD,1,8
95.805,MAG,2023,12,Saudi Arabia,HARD,2,4
103.88,SAR,2023,12,Bahrain,SOFT,1,12
95.327,MSC,2022,15,Silverstone,MEDIUM,2,14
84.08,SAR,2023,12,Australia,MEDIUM,4,4
83.846,TSU,2023,23,Australia,HARD,2,15
99.339,BOT,2022,23,Bahrain,MEDIUM,2,9
102.598,HUL,2023,57,Monaco,INTERMEDIATE,3,3
82.236,PER,2023,35,Australia,HARD,4,28
100.026,OCO,2023,28,Bahrain,HARD,3,16
76.285,NOR,2024,73,Monaco,HARD,2,73
100.058,MAG,2024,7,Bahrain,SOFT,1,7
77.9,RUS,2023,26,Monaco,HARD,1,26
98.543,ALO,2024,12,Bahrain,SOFT,1,15
117.063,STR,2023,31,Bahrain,HARD,3,1
101.489,PER,2023,36,Singapore,HARD,1,36
87.23,BOT,2023,73,Monaco,INTERMEDIATE,2,22
136.149,MAG,2022,49,Bahrain,SOFT,4,6
94.809,HUL,2023,37,Saudi Arabia,HARD,2,26
94.924,HUL,2023,74,Monaco,WET,4,15
95.277,PIA,2023,35,Saudi Arabia,HARD,2,34
79.281,PIA,2023,20,Monaco,HARD,1,20
78.582,NOR,2024,36,Monaco,HARD,2,36
99.807,SAR,2023,32,Singapore,HARD,2,13
86.864,BOT,2023,42,Monza,MEDIUM,2,20
81.674,NOR,2023,41,Australia,HARD,2,33
81.471,STR,2024,12,Monaco,MEDIUM,2,12
94.646,ZHO,2023,39,Saudi Arabia,MEDIUM,3,21
131.603,LAT,2022,45,Bahrain,MEDIUM,3,13
82.127,LEC,2022,55,Australia,HARD,2,33
80.703,RIC,2024,31,Monaco,HARD,2,31
88.722,STR,2022,2,Monza,MEDIUM,1,3
94.443,VER,2023,16,Saudi Arabia,MEDIUM,1,16
86.357,GAS,2023,38,Monza,MEDIUM,3,7
78.296,STR,2024,46,Monaco,HARD,3,6
91.014,BOT,2022,35,Monza,MEDIUM,1,35
77.73,PIA,2023,38,Monaco,HARD,1,38
75.625,GAS,2024,77,Monaco,MEDIUM,2,76
88.085,LEC,2022,1,Monza,SOFT,1,1
95.612,LEC,2023,10,Saudi Arabia,SOFT,1,10
94.498,VET,2022,1,Monza,MEDIUM,1,2
102.049,MAG,2023,11,Bahrain,HARD,1,11
95.963,NOR,2023,6,Saudi Arabia,HARD,2,4
77.362,PIA,2024,54,Monaco,HARD,2,54
79.86,STR,2023,30,Monaco,HARD,1,31
100.555,ZHO,2023,9,Singapore,HARD,2,7
95.935,MAG,2022,5,Silverstone,MEDIUM,2,6
101.257,HUL,2023,40,Singapore,HARD,2,20
94.232,DEV,2023,13,Silverstone,SOFT,1,13
83.744,RIC,2024,5,Monaco,HARD,2,5
79.278,ALB,2023,11,Monaco,MEDIUM,1,11
79.853,BOT,2023,28,Monaco,HARD,1,28
92.901,RUS,2023,47,Saudi Arabia,HARD,2,29
97.825,RUS,2023,51,Bahrain,HARD,3,20
98.883,MAG,2022,20,Bahrain,SOFT,2,9
97.552,VER,2023,23,Bahrain,SOFT,2,9
97.958,MAG,2024,53,Bahrain,HARD,3,21
79.849,MAG,2023,27,Monaco,HARD,1,27
77.619,LEC,2023,25,Monaco,HARD,1,25
98.098,BOT,2023,14,Bahrain,HARD,2,3
102.876,NOR,2022,22,Bahrain,MEDIUM,1,22
95.359,PIA,2023,6,Saudi Arabia,HARD,2,5
100.423,VER,2023,11,Singapore,HARD,1,11
91.218,VER,2023,49,Silverstone,SOFT,2,19
77.408,ALO,2023,50,Monaco,HARD,1,51
87.618,STR,2022,4,Monza,MEDIUM,1,5
117.366,ALO,2022,43,Bahrain,SOFT,4,1
97.992,ALB,2023,48,Singapore,MEDIUM,3,5
96.353,STR,2024,39,Bahrain,HARD,3,12
84.231,OCO,2023,78,Monaco,INTERMEDIATE,3,24
124.291,TSU,2022,50,Monza,SOFT,3,3
101.184,ZHO,2023,8,Bahrain,SOFT,1,8
82.543,STR,2023,24,Australia,HARD,2,16
97.372,VER,2023,25,Bahrain,SOFT,2,11
78.89,TSU,2022,54,Monaco,MEDIUM,4,25
77.922,LEC,2023,23,Monaco,HARD,1,23
87.28,SAR,2023,20,Monza,HARD,2,9
116.445,VER,2024,38,Bahrain,SOFT,3,1
98.549,OCO,2024,27,Bahrain,HARD,2,17
96.474,BOT,2023,40,Saudi Arabia,SOFT,4,5
98.109,BOT,2022,1,Australia,MEDIUM,1,1
92.571,NOR,2023,32,Silverstone,MEDIUM,1,32
96.439,STR,2022,25,Monaco,HARD,4,2
99.186,SAR,2023,20,Bahrain,SOFT,2,8
97.257,OCO,2022,15,Saudi Arabia,MEDIUM,1,15
104.766,HUL,2023,60,Singapore,HARD,2,40
100.866,GAS,2023,18,Singapore,MEDIUM,1,18
99.673,SAR,2023,29,Bahrain,SOFT,2,17
97.656,ALB,2023,55,Singapore,MEDIUM,3,12
99.485,LEC,2023,33,Singapore,HARD,2,13
98.771,OCO,2024,3,Bahrain,SOFT,1,3
77.991,NOR,2023,44,Monaco,MEDIUM,1,44
92.848,LEC,2023,21,Silverstone,HARD,2,3
95.56,RIC,2022,18,Silverstone,MEDIUM,2,18
91.774,LEC,2022,35,Silverstone,HARD,3,10
94.335,HAM,2023,24,Saudi Arabia,MEDIUM,2,6
97.249,DEV,2023,9,Saudi Arabia,MEDIUM,1,9
95.603,HAM,2023,54,Australia,HARD,2,46
96.659,TSU,2022,13,Silverstone,SOFT,2,12
111.134,LAT,2022,1,Bahrain,SOFT,1,1
96.024,STR,2022,29,Saudi Arabia,HARD,2,17
82.189,PER,2022,42,Australia,HARD,2,22
86.123,BOT,2022,39,Monza,SOFT,2,4
82.757,BOT,2022,58,Australia,HARD,2,36
108.77,DEV,2023,55,Monaco,INTERMEDIATE,2,2
82.019,PIA,2024,5,Monaco,HARD,2,5
82.695,BOT,2023,40,Australia,HARD,3,39
92.141,ALB,2023,73,Monaco,INTERMEDIATE,3,21
82.193,VER,2023,23,Australia,HARD,2,15
94.906,VER,2024,52,Bahrain,SOFT,3,15
89.657,SAR,2023,37,Australia,HARD,5,8
97.475,SAI,2023,34,Bahrain,HARD,3,3
98.747,BOT,2023,54,Monaco,INTERMEDIATE,2,3
96.347,PER,2024,26,Bahrain,HARD,2,14
82.345,PER,2023,17,Australia,HARD,4,10
86.014,DEV,2023,27,Australia,MEDIUM,2,19
78.952,LEC,2022,58,Monaco,HARD,4,37
98.184,HUL,2023,39,Bahrain,HARD,3,13
98.928,GAS,2023,12,Bahrain,HARD,2,3
86.461,MAG,2022,8,Australia,HARD,1,8
97.398,HUL,2023,29,Bahrain,HARD,3,3
94.721,ALO,2022,10,Silverstone,MEDIUM,2,9
84.457,PER,2022,44,Monza,SOFT,3,2
77.849,STR,2022,57,Monaco,None,5,34
77.335,RUS,2023,37,Monaco,HARD,1,37
99.761,ALB,2023,4,Bahrain,SOFT,1,4
98.297,NOR,2023,21,Bahrain,SOFT,3,7
83.693,TSU,2023,27,Australia,HARD,2,19
77.982,HAM,2022,59,Monaco,MEDIUM,4,29
96.285,TSU,2023,9,Saudi Arabia,MEDIUM,1,9
85.523,MAG,2022,34,Australia,HARD,1,34
120.587,MAG,2023,16,Bahrain,HARD,2,1
97.294,SAI,2023,43,Bahrain,HARD,3,12
93.553,SAR,2023,26,Silverstone,MEDIUM,1,26
96.349,MAG,2024,45,Bahrain,HARD,3,13
136.855,HUL,2023,18,Saudi Arabia,HARD,2,7
96.592,OCO,2024,42,Bahrain,HARD,3,12
78.84,RUS,2023,5,Monaco,HARD,1,5
98.541,RUS,2023,30,Bahrain,HARD,2,17
88.593,ALB,2022,22,Australia,HARD,1,22
101.34,MSC,2022,33,Bahrain,MEDIUM,2,21
101.888,LAT,2022,31,Bahrain,SOFT,2,17
98.096,SAI,2023,20,Bahrain,HARD,2,7
98.1,ALB,2024,26,Bahrain,HARD,2,11
95.214,PER,2022,13,Saudi Arabia,MEDIUM,1,13
87.308,OCO,2023,30,Monza,HARD,2,9
92.079,VER,2022,49,Saudi Arabia,HARD,2,33
102.238,PIA,2023,24,Singapore,HARD,2,4
77.716,HAM,2023,26,Monaco,MEDIUM,1,26
86.656,LAW,2023,47,Monza,MEDIUM,3,17
80.271,ALB,2024,29,Monaco,HARD,2,28
98.349,TSU,2023,19,Australia,HARD,2,11
94.528,ZHO,2022,35,Saudi Arabia,HARD,3,19
99.776,RUS,2023,37,Singapore,HARD,2,17
99.959,ALO,2023,8,Bahrain,SOFT,1,11
92.87,LEC,2023,20,Silverstone,HARD,2,2
94.409,PER,2023,14,Saudi Arabia,MEDIUM,1,14
76.358,LEC,2023,47,Monaco,MEDIUM,2,3
98.825,LEC,2023,4,Bahrain,SOFT,1,4
93.484,OCO,2023,68,Monaco,INTERMEDIATE,3,14
74.848,NOR,2022,59,Monaco,MEDIUM,5,8
97.092,PER,2023,55,Bahrain,HARD,3,21
86.052,RUS,2022,45,Monza,HARD,2,22
99.625,STR,2023,3,Bahrain,SOFT,1,6
82.531,GAS,2023,23,Australia,HARD,2,15
96.6,SAI,2022,36,Bahrain,MEDIUM,3,3
99.083,GAS,2022,21,Bahrain,MEDIUM,2,7
93.625,RUS,2023,36,Saudi Arabia,HARD,2,18
95.024,MAG,2023,14,Silverstone,MEDIUM,1,14
93.734,RUS,2023,69,Monaco,INTERMEDIATE,2,15
100.433,NOR,2023,47,Bahrain,HARD,5,10
79.1,STR,2024,63,Monaco,SOFT,4,15
82.574,TSU,2022,34,Monaco,MEDIUM,4,5
84.417,MAG,2022,32,Australia,HARD,1,32
96.843,PIA,2023,53,Monaco,HARD,1,53
86.155,ALO,2023,44,Monza,HARD,2,26
77.505,ALO,2023,7,Monaco,HARD,1,8
100.96,DEV,2023,25,Bahrain,HARD,2,14
100.728,GAS,2023,11,Singapore,MEDIUM,1,11
95.004,BOT,2023,44,Saudi Arabia,SOFT,4,9
101.103,RUS,2023,2,Singapore,MEDIUM,1,2
83.246,TSU,2023,32,Australia,HARD,2,24
95.741,MAG,2024,37,Bahrain,HARD,3,5
79.779,BOT,2022,40,Monaco,HARD,3,20
98.282,MAG,2024,17,Bahrain,HARD,2,6
95.428,SAI,2023,4,Saudi Arabia,MEDIUM,1,4
148.586,NOR,2022,17,Saudi Arabia,HARD,2,1
102.379,PIA,2023,59,Monaco,INTERMEDIATE,2,5
78.148,TSU,2024,67,Monaco,HARD,2,67
97.788,ZHO,2024,23,Bahrain,HARD,2,14
97.974,VER,2023,2,Bahrain,SOFT,1,5
81.973,HAM,2023,34,Australia,HARD,2,26
76.946,ZHO,2023,4,Monaco,HARD,2,3
76.358,LEC,2023,47,Monaco,MEDIUM,2,3
102.41,TSU,2023,17,Saudi Arabia,MEDIUM,1,17
106.482,NOR,2022,47,Monza,SOFT,2,14
100.895,PIA,2023,18,Singapore,MEDIUM,1,18
100.78,SAI,2023,62,Monaco,INTERMEDIATE,3,7
97.563,HAM,2023,32,Bahrain,HARD,3,2
84.385,STR,2023,4,Australia,MEDIUM,1,5
76.133,RUS,2024,64,Monaco,MEDIUM,2,63
98.139,ALO,2023,17,Bahrain,HARD,2,3
80.135,TSU,2024,43,Monaco,HARD,2,43
132.681,ZHO,2022,50,Bahrain,SOFT,4,8
77.917,PER,2022,64,Monaco,MEDIUM,4,34
91.821,PIA,2023,10,Australia,HARD,2,2
97.371,TSU,2022,13,Monaco,INTERMEDIATE,2,7
77.483,SAR,2023,22,Monaco,HARD,2,2
94.293,VET,2022,27,Silverstone,MEDIUM,3,23
97.941,MAG,2022,36,Bahrain,MEDIUM,3,2
83.639,ALB,2023,5,Australia,MEDIUM,1,5
110.649,PER,2023,3,Australia,HARD,3,1
77.03,NOR,2022,44,Monaco,HARD,4,22
79.096,DEV,2023,37,Monaco,MEDIUM,1,37
84.208,GAS,2022,44,Australia,HARD,2,23
80.117,TSU,2024,38,Monaco,HARD,2,38
97.085,VER,2024,11,Bahrain,SOFT,1,14
139.798,HAM,2022,49,Bahrain,SOFT,4,8
98.925,STR,2024,6,Bahrain,SOFT,1,6
81.978,SAI,2024,5,Monaco,HARD,2,4
84.049,SAR,2023,24,Australia,MEDIUM,4,16
178.096,MSC,2022,1,Silverstone,MEDIUM,1,3
78.776,ALO,2023,4,Monaco,HARD,1,5
78.254,PER,2023,9,Monaco,HARD,2,8
93.986,RUS,2022,37,Saudi Arabia,HARD,2,21
95.397,ZHO,2023,33,Saudi Arabia,MEDIUM,3,15
92.044,PER,2022,44,Saudi Arabia,HARD,2,29
79.065,NOR,2023,9,Monaco,MEDIUM,1,9
77.304,OCO,2023,36,Monaco,HARD,2,4
87.34,STR,2023,24,Monza,HARD,2,8
78.541,LEC,2024,45,Monaco,HARD,2,44
81.692,SAI,2023,35,Australia,HARD,3,28
118.797,PER,2023,18,Bahrain,SOFT,2,3
77.759,SAI,2024,53,Monaco,HARD,2,52
97.154,ZHO,2022,56,Bahrain,SOFT,4,14
98.708,STR,2023,19,Australia,HARD,2,11
99.394,HAM,2023,19,Singapore,MEDIUM,1,19
79.974,SAI,2024,12,Monaco,HARD,2,11
86.749,BOT,2022,46,Monza,SOFT,2,11
78.297,NOR,2023,48,Monaco,MEDIUM,1,48
94.886,LEC,2023,28,Saudi Arabia,HARD,2,12
95.194,ZHO,2023,1,Monza,MEDIUM,1,1
87.035,HUL,2023,5,Monza,MEDIUM,1,8
78.104,HAM,2024,46,Monaco,MEDIUM,2,45
101.556,PIA,2023,7,Australia,MEDIUM,1,7
77.002,OCO,2023,43,Monaco,HARD,2,11
93.375,RUS,2022,35,Saudi Arabia,HARD,2,19
79.659,TSU,2024,60,Monaco,HARD,2,60
79.053,ALO,2024,76,Monaco,MEDIUM,2,76
94.38,PER,2022,19,Silverstone,MEDIUM,3,15
82.22,HAM,2023,31,Australia,HARD,2,23
83.991,MSC,2022,32,Australia,HARD,2,18
92.844,PIA,2023,27,Silverstone,MEDIUM,1,27
79.885,ALB,2023,13,Monaco,MEDIUM,1,13
95.423,RUS,2023,5,Saudi Arabia,MEDIUM,1,5
83.939,BOT,2023,15,Australia,HARD,3,14
97.045,VER,2024,12,Bahrain,SOFT,1,15
77.873,PIA,2023,39,Monaco,HARD,1,39
93.322,ALB,2023,68,Monaco,INTERMEDIATE,3,16
81.318,SAR,2024,53,Monaco,HARD,2,53
82.155,NOR,2023,37,Australia,HARD,2,29
143.731,GAS,2022,16,Saudi Arabia,HARD,2,1
98.874,NOR,2022,29,Bahrain,HARD,2,5
95.131,OCO,2023,25,Saudi Arabia,HARD,2,9
86.087,RUS,2022,34,Monza,HARD,2,11
84.547,GAS,2022,30,Australia,HARD,2,9
94.071,HAM,2023,32,Saudi Arabia,MEDIUM,2,14
91.712,PER,2023,44,Silverstone,SOFT,2,16
101.249,HUL,2023,8,Bahrain,SOFT,1,11
74.165,HAM,2024,63,Monaco,HARD,3,13
98.492,NOR,2023,55,Singapore,HARD,2,35
97.631,LEC,2023,20,Bahrain,HARD,2,7
96.647,VER,2024,4,Bahrain,SOFT,1,7
94.486,TSU,2023,8,Silverstone,SOFT,1,8
86.155,ALB,2022,28,Australia,HARD,1,28
80.957,STR,2023,53,Australia,HARD,2,45
120.209,RUS,2022,48,Bahrain,SOFT,4,5
98.271,LEC,2024,1,Bahrain,SOFT,1,4
129.62,BOT,2022,6,Australia,MEDIUM,1,6
80.532,PIA,2023,3,Monaco,HARD,1,3
97.961,ALB,2023,34,Bahrain,HARD,3,8
94.706,RIC,2022,43,Silverstone,SOFT,5,5
99.129,ALB,2022,2,Saudi Arabia,MEDIUM,1,2
79.787,PER,2023,10,Monaco,HARD,2,9
87.398,PIA,2023,18,Monza,MEDIUM,1,18
96.655,HUL,2023,68,Monaco,WET,4,9
81.134,SAR,2024,36,Monaco,HARD,2,36
77.914,NOR,2023,32,Monaco,MEDIUM,1,32
97.826,STR,2024,23,Bahrain,HARD,2,14
94.616,ALB,2023,1,Monaco,MEDIUM,1,1
79.065,ZHO,2023,49,Monaco,HARD,2,48
95.638,TSU,2023,16,Saudi Arabia,MEDIUM,1,16
97.242,HUL,2023,50,Bahrain,SOFT,4,13
94.878,TSU,2023,35,Saudi Arabia,HARD,2,18
103.84,LEC,2022,16,Saudi Arabia,MEDIUM,1,16
93.845,PER,2022,12,Silverstone,MEDIUM,3,8
96.562,HAM,2022,12,Monaco,WET,1,12
82.369,RUS,2022,41,Australia,HARD,2,18
106.225,ALB,2022,44,Bahrain,MEDIUM,3,11
93.846,OCO,2023,9,Silverstone,SOFT,1,9
98.297,ALB,2023,54,Monaco,INTERMEDIATE,3,2
78.031,GAS,2022,54,Monaco,HARD,4,32
78.299,RUS,2023,19,Monaco,HARD,1,19
83.993,MSC,2022,44,Australia,HARD,2,30
74.569,VER,2024,58,Monaco,HARD,3,7
82.977,STR,2024,6,Monaco,MEDIUM,2,6
99.526,DEV,2023,68,Monaco,INTERMEDIATE,2,15
81.437,HAM,2024,10,Monaco,MEDIUM,2,9
87.991,NOR,2023,44,Monza,HARD,2,26
76.863,SAR,2024,74,Monaco,MEDIUM,3,17
83.696,DEV,2023,41,Australia,MEDIUM,2,33
96.228,NOR,2023,15,Saudi Arabia,HARD,2,13
79.855,TSU,2024,39,Monaco,HARD,2,39
93.555,RUS,2023,39,Saudi Arabia,HARD,2,21
93.945,NOR,2022,20,Silverstone,MEDIUM,2,20
96.905,PIA,2024,27,Bahrain,HARD,2,15
78.467,HUL,2023,44,Monaco,HARD,2,43
77.393,HAM,2023,22,Monaco,MEDIUM,1,22
93.573,SAR,2023,19,Silverstone,MEDIUM,1,19
94.487,RIC,2022,34,Saudi Arabia,HARD,2,26
82.599,GAS,2023,20,Australia,HARD,2,12
77.788,STR,2024,50,Monaco,SOFT,4,2
84.745,VER,2022,38,Monza,MEDIUM,2,13
96.065,HUL,2022,26,Saudi Arabia,HARD,1,27
110.934,LAW,2023,1,Singapore,MEDIUM,1,1
78.248,RIC,2024,66,Monaco,HARD,2,66
97.477,TSU,2024,30,Bahrain,HARD,2,16
101.182,LAT,2022,27,Bahrain,SOFT,2,13
98.085,RUS,2023,40,Bahrain,HARD,3,9
96.416,NOR,2022,11,Monaco,WET,1,11
77.705,ALO,2023,39,Monaco,HARD,1,40
86.95,ALO,2022,52,Australia,MEDIUM,2,13
94.362,TSU,2023,4,Silverstone,SOFT,1,4
85.218,TSU,2022,32,Australia,HARD,2,14
84.778,ZHO,2022,30,Australia,HARD,2,9
82.231,RUS,2022,44,Australia,HARD,2,21
87.606,GAS,2022,10,Monza,MEDIUM,1,10
86.12,HAM,2023,47,Monza,MEDIUM,2,20
96.165,PER,2024,21,Bahrain,HARD,2,9
94.88,NOR,2024,39,Bahrain,HARD,3,6
86.165,SAI,2023,27,Monza,HARD,2,8
95.673,OCO,2022,23,Saudi Arabia,HARD,2,7
79.089,STR,2024,49,Monaco,SOFT,4,1
79.0,RUS,2022,64,Monaco,MEDIUM,3,34
96.556,SAI,2024,33,Bahrain,HARD,2,19
95.967,BOT,2022,13,Saudi Arabia,MEDIUM,1,13
99.633,HUL,2023,19,Bahrain,HARD,2,8
94.82,HAM,2022,25,Saudi Arabia,HARD,1,26
115.62,SAI,2024,36,Bahrain,HARD,3,1
97.684,VET,2022,14,Monaco,INTERMEDIATE,2,8
77.431,HAM,2023,24,Monaco,MEDIUM,1,24
87.265,BOT,2023,9,Monza,HARD,1,12
101.827,DEV,2023,7,Australia,HARD,1,7
80.182,DEV,2023,12,Monaco,MEDIUM,1,12
97.375,SAI,2023,42,Bahrain,HARD,3,11
87.06,HAM,2022,27,Monza,MEDIUM,1,27
98.689,ALB,2022,12,Monaco,WET,1,12
97.855,VER,2022,42,Bahrain,MEDIUM,3,12
102.82,SAI,2023,59,Monaco,INTERMEDIATE,3,4
77.556,GAS,2023,38,Monaco,HARD,1,38
99.047,ZHO,2022,21,Bahrain,MEDIUM,2,6
88.155,MAG,2022,16,Australia,HARD,1,16
77.171,SAI,2023,29,Monaco,HARD,1,29
78.809,ZHO,2023,47,Monaco,HARD,2,46
82.934,ALO,2023,25,Australia,HARD,2,17
97.827,BOT,2023,36,Bahrain,HARD,3,7
78.873,PER,2022,57,Monaco,MEDIUM,4,27
85.47,BOT,2022,9,Australia,MEDIUM,1,9
94.558,RIC,2022,1,Australia,MEDIUM,1,1
84.823,HUL,2023,11,Australia,HARD,2,3
97.765,SAI,2023,49,Bahrain,HARD,3,18
85.095,VER,2022,33,Monza,MEDIUM,2,8
95.654,DEV,2023,66,Monaco,INTERMEDIATE,2,13
79.281,SAI,2024,28,Monaco,HARD,2,27
92.142,ALO,2022,44,Silverstone,SOFT,4,5
91.072,VET,2022,24,Monaco,HARD,3,2
99.41,PIA,2023,32,Silverstone,HARD,2,3
78.409,NOR,2023,41,Monaco,MEDIUM,1,41
82.098,ALO,2023,32,Australia,HARD,2,24
98.131,LEC,2024,5,Bahrain,SOFT,1,8
84.3,ALO,2022,38,Australia,HARD,1,38
97.111,HAM,2023,57,Singapore,MEDIUM,3,13
81.971,PER,2022,46,Australia,HARD,2,26
78.465,TSU,2023,27,Monaco,MEDIUM,1,27
87.602,BOT,2022,31,Monza,MEDIUM,1,31
86.077,GAS,2023,76,Monaco,INTERMEDIATE,3,22
97.16,VER,2023,65,Monaco,INTERMEDIATE,2,10
83.64,HAM,2024,5,Monaco,MEDIUM,2,4
112.964,MAG,2023,9,Saudi Arabia,HARD,2,1
95.742,MAG,2022,23,Saudi Arabia,HARD,1,25
85.201,VER,2023,78,Monaco,INTERMEDIATE,2,23
126.286,OCO,2023,2,Australia,HARD,2,1
91.606,RUS,2023,40,Silverstone,MEDIUM,2,12
98.022,GAS,2023,34,Bahrain,HARD,3,9
78.326,VER,2024,39,Monaco,MEDIUM,2,38
92.409,DEV,2022,19,Monza,SOFT,1,19
99.275,SAI,2022,8,Bahrain,SOFT,1,11
97.966,NOR,2023,19,Bahrain,SOFT,3,5
144.887,RUS,2023,44,Singapore,HARD,2,24
78.764,BOT,2023,18,Monaco,HARD,1,18
99.529,RIC,2024,8,Bahrain,SOFT,1,11
92.949,NOR,2023,25,Silverstone,MEDIUM,1,25
100.325,TSU,2022,27,Bahrain,MEDIUM,2,12
96.726,ALO,2023,49,Bahrain,HARD,3,15
77.41,RUS,2022,51,Monaco,MEDIUM,3,21
82.831,BOT,2023,36,Australia,HARD,3,35
128.084,PER,2023,33,Silverstone,SOFT,2,5
99.08,LAT,2022,21,Monaco,HARD,3,19
96.872,PIA,2024,17,Bahrain,HARD,2,5
114.305,STR,2023,14,Saudi Arabia,HARD,2,2
95.283,RUS,2023,12,Saudi Arabia,MEDIUM,1,12
85.817,NOR,2023,11,Australia,HARD,2,3
98.049,NOR,2023,48,Singapore,HARD,2,28
87.156,ZHO,2022,45,Monza,HARD,2,27
95.688,SAR,2024,48,Bahrain,SOFT,4,8
99.193,RIC,2024,7,Bahrain,SOFT,1,10
81.931,PIA,2023,41,Australia,HARD,2,33
129.789,DEV,2023,38,Silverstone,SOFT,3,6
93.628,GAS,2022,18,Monaco,INTERMEDIATE,2,17
87.412,MSC,2022,5,Monza,MEDIUM,1,5
99.109,HAM,2022,23,Bahrain,HARD,2,13
99.049,ALB,2023,18,Bahrain,SOFT,2,7
93.316,HAM,2023,46,Saudi Arabia,MEDIUM,2,28
76.919,ALO,2023,44,Monaco,HARD,1,45
99.127,DEV,2023,16,Bahrain,HARD,2,5
101.908,ZHO,2023,56,Monaco,INTERMEDIATE,3,4
98.541,LEC,2023,25,Bahrain,HARD,2,12
96.635,GAS,2023,51,Bahrain,SOFT,4,11
77.159,HAM,2023,35,Monaco,HARD,2,4
80.738,SAR,2024,34,Monaco,HARD,2,34
77.065,VER,2023,48,Monaco,MEDIUM,1,48
116.008,NOR,2023,17,Saudi Arabia,HARD,2,15
79.772,BOT,2024,44,Monaco,HARD,3,30
101.221,ALO,2023,18,Australia,HARD,2,10
77.746,DEV,2023,45,Monaco,MEDIUM,1,45
98.809,OCO,2023,20,Bahrain,HARD,3,8
97.75,ALB,2024,34,Bahrain,HARD,2,19
79.704,BOT,2023,50,Monaco,HARD,1,50
94.671,PER,2022,12,Saudi Arabia,MEDIUM,1,12
98.422,ZHO,2023,38,Bahrain,SOFT,3,9
87.81,STR,2023,12,Monza,MEDIUM,1,12
102.945,TSU,2023,57,Monaco,INTERMEDIATE,2,4
74.204,HAM,2024,59,Monaco,HARD,3,9
78.32,RUS,2023,20,Monaco,HARD,1,20
83.854,PIA,2023,22,Australia,HARD,2,14
75.839,RUS,2024,72,Monaco,MEDIUM,2,71
81.11,ALO,2024,20,Monaco,MEDIUM,2,20
96.501,LEC,2022,35,Bahrain,MEDIUM,3,4
85.603,GAS,2022,9,Australia,MEDIUM,1,9
100.664,NOR,2023,5,Bahrain,SOFT,1,5
81.391,RIC,2024,14,Monaco,HARD,2,14
95.98,ZHO,2023,16,Saudi Arabia,HARD,2,5
138.375,RUS,2022,49,Bahrain,SOFT,4,6
98.133,STR,2024,26,Bahrain,HARD,2,17
94.211,RUS,2023,5,Silverstone,SOFT,1,8
96.207,BOT,2023,14,Saudi Arabia,HARD,2,5
82.155,STR,2023,20,Australia,HARD,2,12
120.592,HAM,2022,38,Saudi Arabia,HARD,1,39
87.04,LAT,2022,26,Monza,HARD,2,11
77.167,HAM,2023,38,Monaco,HARD,2,7
82.111,TSU,2023,45,Australia,HARD,2,37
93.757,HAM,2023,69,Monaco,INTERMEDIATE,3,15
87.824,BOT,2023,16,Monza,HARD,1,19
94.918,ALO,2023,13,Saudi Arabia,MEDIUM,1,13
98.597,SAI,2023,23,Bahrain,HARD,2,10
94.818,NOR,2023,47,Saudi Arabia,MEDIUM,3,28
98.908,NOR,2023,22,Bahrain,SOFT,3,8
77.45,ZHO,2023,23,Monaco,HARD,2,22
80.222,ALB,2024,61,Monaco,HARD,2,60
94.766,STR,2023,12,Silverstone,MEDIUM,1,13
93.383,HAM,2023,39,Saudi Arabia,MEDIUM,2,21
107.264,SAR,2023,1,Saudi Arabia,HARD,1,1
78.796,ALB,2024,56,Monaco,HARD,2,55
80.135,TSU,2024,43,Monaco,HARD,2,43
92.84,ALO,2022,46,Silverstone,SOFT,4,7
80.473,ZHO,2024,74,Monaco,SOFT,3,4
97.562,STR,2023,46,Bahrain,HARD,3,16
100.504,ALO,2022,22,Bahrain,MEDIUM,2,11
96.529,RUS,2022,52,Bahrain,SOFT,4,9
95.14,STR,2023,7,Saudi Arabia,MEDIUM,1,7
83.17,HAM,2023,5,Australia,MEDIUM,1,5
95.23,OCO,2023,2,Silverstone,SOFT,1,2
137.156,BOT,2023,1,Australia,SOFT,1,1
78.162,OCO,2022,62,Monaco,MEDIUM,3,32
77.428,VER,2023,49,Monaco,MEDIUM,1,49
86.7,ZHO,2023,37,Monza,MEDIUM,3,4
109.077,NOR,2022,39,Australia,HARD,2,19
105.664,TSU,2022,4,Monaco,WET,1,4
94.498,SAI,2023,30,Saudi Arabia,HARD,2,15
79.512,MAG,2023,7,Monaco,HARD,1,7
93.455,PER,2022,7,Silverstone,MEDIUM,3,3
95.274,BOT,2022,12,Silverstone,MEDIUM,2,11
77.873,OCO,2023,23,Monaco,MEDIUM,1,23
97.706,SAI,2023,36,Bahrain,HARD,3,5
78.394,LEC,2023,14,Monaco,HARD,1,14
96.154,SAR,2023,16,Saudi Arabia,HARD,1,16
119.77,GAS,2024,32,Bahrain,HARD,3,1
79.659,TSU,2024,60,Monaco,HARD,2,60
77.258,ALO,2023,19,Monaco,HARD,1,20
92.72,BOT,2023,53,Monaco,INTERMEDIATE,2,2
101.37,SAR,2024,16,Bahrain,HARD,2,6
98.103,ALO,2024,8,Bahrain,SOFT,1,11
81.325,HAM,2024,11,Monaco,MEDIUM,2,10
79.86,STR,2023,28,Monaco,HARD,1,29
93.55,SAI,2022,14,Silverstone,MEDIUM,2,13
99.355,BOT,2023,21,Bahrain,HARD,2,10
81.433,RUS,2024,9,Monaco,MEDIUM,2,8
80.202,RUS,2024,15,Monaco,MEDIUM,2,14
81.303,ALO,2024,27,Monaco,MEDIUM,2,27
95.066,ALO,2024,55,Bahrain,HARD,3,14
76.793,ALB,2023,25,Monaco,HARD,2,7
92.325,LEC,2022,31,Silverstone,HARD,3,6
77.273,VER,2023,37,Monaco,MEDIUM,1,37
97.787,STR,2022,22,Saudi Arabia,HARD,2,10
95.27,GAS,2023,25,Saudi Arabia,HARD,2,11
104.154,BOT,2023,1,Bahrain,SOFT,1,1
81.748,ALB,2024,45,Monaco,HARD,2,44
101.521,MAG,2023,2,Bahrain,HARD,1,2
84.231,OCO,2023,78,Monaco,INTERMEDIATE,3,24
112.82,GAS,2022,39,Australia,HARD,2,18
109.33,MAG,2023,1,Bahrain,HARD,1,1
94.626,GAS,2023,32,Saudi Arabia,HARD,2,18
99.774,STR,2022,25,Bahrain,SOFT,2,7
78.64,TSU,2023,50,Monaco,MEDIUM,1,50
101.082,PER,2023,60,Monaco,WET,5,3
99.682,HAM,2022,7,Bahrain,SOFT,1,9
99.249,PER,2023,11,Bahrain,SOFT,1,14
111.993,ALB,2022,27,Monaco,MEDIUM,3,5
99.746,TSU,2023,25,Bahrain,HARD,2,15
98.556,OCO,2024,29,Bahrain,HARD,2,19
96.297,BOT,2024,46,Bahrain,HARD,3,16
95.533,HUL,2023,23,Saudi Arabia,HARD,2,12
86.646,BOT,2023,74,Monaco,INTERMEDIATE,2,23
96.629,GAS,2024,37,Bahrain,HARD,3,6
79.382,PIA,2023,25,Monaco,HARD,1,25
97.974,GAS,2023,33,Bahrain,HARD,3,8
86.543,SAI,2022,5,Monza,MEDIUM,1,5
94.595,ALO,2023,17,Saudi Arabia,MEDIUM,1,17
80.317,ALO,2024,21,Monaco,MEDIUM,2,21
82.354,ALO,2023,27,Australia,HARD,2,19
94.524,OCO,2022,34,Saudi Arabia,HARD,2,18
95.963,NOR,2023,6,Saudi Arabia,HARD,2,4
77.068,RUS,2023,46,Monaco,HARD,1,46
94.742,LEC,2023,25,Saudi Arabia,HARD,2,9
77.79,LEC,2024,51,Monaco,HARD,2,50
79.066,RUS,2022,60,Monaco,MEDIUM,3,30
87.638,TSU,2022,5,Monza,MEDIUM,1,5
83.892,ZHO,2022,37,Australia,HARD,2,16
82.182,ZHO,2024,8,Monaco,HARD,2,7
82.169,BOT,2022,36,Monaco,HARD,3,16
92.64,LEC,2022,36,Saudi Arabia,HARD,2,20
79.293,ALB,2023,9,Monaco,MEDIUM,1,9
155.297,PER,2022,1,Monaco,WET,1,1
95.261,NOR,2023,35,Saudi Arabia,MEDIUM,3,16
92.604,NOR,2023,21,Silverstone,MEDIUM,1,21
100.641,HUL,2023,14,Singapore,MEDIUM,1,14
95.027,DEV,2023,35,Saudi Arabia,HARD,2,18
95.438,LEC,2023,12,Saudi Arabia,SOFT,1,12
100.673,GAS,2023,17,Singapore,MEDIUM,1,17
92.32,HAM,2023,28,Silverstone,MEDIUM,1,28
97.717,SAR,2023,36,Bahrain,HARD,3,6
99.588,DEV,2023,44,Bahrain,HARD,3,17
98.917,OCO,2022,20,Bahrain,MEDIUM,2,6
77.344,SAR,2023,33,Monaco,SOFT,3,10
82.174,STR,2023,32,Australia,HARD,2,24
85.942,NOR,2022,2,Australia,MEDIUM,1,2
81.164,HAM,2024,12,Monaco,MEDIUM,2,11
92.869,ALB,2023,29,Silverstone,MEDIUM,1,29
77.664,ALO,2023,21,Monaco,HARD,1,22
83.451,NOR,2022,36,Australia,HARD,2,16
97.269,SAI,2022,42,Bahrain,MEDIUM,3,9
95.481,NOR,2023,34,Saudi Arabia,MEDIUM,3,15
93.605,GAS,2023,3,Silverstone,MEDIUM,1,3
118.49,VER,2023,37,Bahrain,HARD,3,1
94.488,RUS,2023,17,Australia,HARD,3,10
98.896,RUS,2022,23,Bahrain,HARD,2,9
81.804,PIA,2023,2,Monaco,HARD,1,2
78.483,RUS,2023,11,Monaco,HARD,1,11
97.549,HAM,2023,33,Bahrain,HARD,3,3
100.625,ALB,2023,10,Singapore,MEDIUM,1,10
76.517,NOR,2024,75,Monaco,HARD,2,75
87.898,MAG,2023,18,Monza,MEDIUM,2,6
81.124,HUL,2023,46,Australia,HARD,2,38
92.921,VER,2023,67,Monaco,INTERMEDIATE,2,12
89.643,BOT,2022,3,Monza,MEDIUM,1,3
83.629,TSU,2023,13,Australia,HARD,2,5
133.647,GAS,2022,4,Australia,MEDIUM,1,4
113.02,STR,2022,23,Australia,HARD,3,19
93.149,SAI,2023,46,Saudi Arabia,HARD,2,31
101.22,PER,2023,61,Monaco,WET,5,4
96.041,GAS,2023,46,Bahrain,SOFT,4,6
97.844,LEC,2024,9,Bahrain,SOFT,1,12
98.757,SAR,2024,5,Bahrain,SOFT,1,5
79.165,LEC,2023,8,Monaco,HARD,1,8
100.222,HUL,2022,43,Bahrain,MEDIUM,3,6
96.014,DEV,2023,13,Saudi Arabia,MEDIUM,1,13
98.104,GAS,2024,23,Bahrain,HARD,2,11
78.684,RUS,2024,43,Monaco,MEDIUM,2,42
100.914,DEV,2023,3,Bahrain,SOFT,1,3
97.945,TSU,2023,55,Bahrain,SOFT,4,18
86.491,RUS,2022,21,Monza,SOFT,1,21
81.752,ALO,2022,37,Monaco,MEDIUM,3,7
89.301,MSC,2022,3,Monza,MEDIUM,1,3
81.851,HAM,2024,9,Monaco,MEDIUM,2,8
99.264,HAM,2023,39,Singapore,HARD,2,19
96.437,PER,2024,29,Bahrain,HARD,2,17
94.208,BOT,2022,18,Monaco,WET,1,18
95.131,OCO,2023,25,Saudi Arabia,HARD,2,9
99.729,ALO,2023,7,Bahrain,SOFT,1,10
100.087,BOT,2024,5,Bahrain,SOFT,1,5
95.141,DEV,2023,32,Saudi Arabia,HARD,2,15
100.441,DEV,2023,48,Bahrain,HARD,3,21
96.209,OCO,2023,15,Saudi Arabia,MEDIUM,1,15
101.526,ZHO,2023,9,Bahrain,SOFT,1,9
93.451,VER,2022,8,Silverstone,MEDIUM,2,7
81.926,VER,2023,28,Australia,HARD,2,20
81.972,VER,2023,26,Australia,HARD,2,18
120.255,SAR,2023,13,Bahrain,SOFT,2,1
78.651,HAM,2023,7,Monaco,MEDIUM,1,7
110.439,STR,2022,1,Bahrain,SOFT,1,1
82.551,HAM,2023,32,Australia,HARD,2,24
100.503,SAI,2023,8,Singapore,MEDIUM,1,8
95.593,RUS,2022,10,Saudi Arabia,MEDIUM,1,10
81.315,PER,2023,17,Monaco,HARD,2,16
96.937,RUS,2023,55,Singapore,MEDIUM,3,11
79.457,RIC,2024,55,Monaco,HARD,2,55
79.393,BOT,2023,30,Monaco,HARD,1,30
98.823,VER,2022,27,Bahrain,SOFT,2,13
100.819,OCO,2022,9,Bahrain,SOFT,1,9
98.038,STR,2023,20,Bahrain,HARD,2,5
96.959,HUL,2024,35,Bahrain,HARD,3,15
76.604,RUS,2024,60,Monaco,MEDIUM,2,59
136.427,PIA,2023,18,Saudi Arabia,HARD,2,17
96.815,RUS,2024,27,Bahrain,HARD,2,16
81.31,PER,2023,51,Australia,HARD,4,44
97.01,ALO,2023,53,Bahrain,HARD,3,19
93.401,ALO,2023,32,Saudi Arabia,HARD,2,15
81.764,GAS,2024,30,Monaco,MEDIUM,2,29
82.269,VER,2023,22,Australia,HARD,2,14
149.884,ALB,2022,25,Australia,HARD,1,25
80.252,LEC,2024,12,Monaco,HARD,2,11
98.407,BOT,2023,57,Bahrain,HARD,3,28
86.746,PIA,2023,32,Monza,HARD,2,14
88.536,MAG,2022,51,Monza,SOFT,3,5
87.377,TSU,2022,13,Monza,MEDIUM,1,13
80.58,DEV,2023,3,Monaco,MEDIUM,1,3
93.233,PER,2023,21,Silverstone,MEDIUM,1,21
93.458,SAR,2023,21,Silverstone,MEDIUM,1,21
78.395,PIA,2024,48,Monaco,HARD,2,48
76.863,LEC,2024,61,Monaco,HARD,2,60
101.581,HAM,2022,10,Bahrain,SOFT,1,12
94.791,TSU,2023,29,Saudi Arabia,HARD,2,12
80.348,RIC,2024,24,Monaco,HARD,2,24
99.391,LEC,2023,32,Singapore,HARD,2,12
134.348,VER,2023,18,Saudi Arabia,MEDIUM,1,18
92.277,HAM,2022,51,Silverstone,SOFT,4,12
87.615,ZHO,2023,4,Monza,MEDIUM,1,4
80.226,BOT,2023,34,Monaco,HARD,1,34
84.97,NOR,2022,57,Australia,HARD,2,37
84.605,STR,2022,33,Monaco,None,5,10
77.06,RUS,2023,47,Monaco,HARD,1,47
77.084,VER,2023,10,Monaco,MEDIUM,1,10
137.298,MSC,2022,5,Australia,MEDIUM,1,7
79.06,PIA,2024,33,Monaco,HARD,2,33
95.75,MAG,2022,25,Saudi Arabia,HARD,1,27
86.972,SAI,2023,14,Monza,MEDIUM,1,14
87.725,OCO,2022,4,Monza,SOFT,1,4
78.714,SAI,2024,41,Monaco,HARD,2,40
77.74,SAR,2023,28,Monaco,SOFT,3,5
99.041,RUS,2022,5,Bahrain,SOFT,1,8
92.658,HUL,2023,14,Monza,MEDIUM,1,17
99.884,SAI,2023,37,Singapore,HARD,2,17
85.003,BOT,2022,33,Monaco,HARD,3,13
79.025,PIA,2023,22,Monaco,HARD,1,22
107.377,ALO,2023,1,Singapore,MEDIUM,1,1
78.511,STR,2024,75,Monaco,SOFT,4,27
77.85,ALB,2024,75,Monaco,HARD,2,74
77.13,ALO,2023,20,Monaco,HARD,1,21
78.774,BOT,2023,8,Monaco,HARD,1,8
97.96,RIC,2024,29,Bahrain,HARD,2,16
76.95,OCO,2023,34,Monaco,HARD,2,2
76.651,SAI,2023,41,Monaco,MEDIUM,2,8
78.645,LEC,2023,7,Monaco,HARD,1,7
86.511,LEC,2023,41,Monza,HARD,2,21
76.963,VER,2023,43,Monaco,MEDIUM,1,43
87.527,STR,2022,14,Monza,MEDIUM,1,15
99.756,MAG,2022,26,Bahrain,SOFT,2,15
99.783,LAW,2023,49,Singapore,HARD,2,29
92.101,HUL,2023,47,Silverstone,SOFT,3,15
77.886,LEC,2023,22,Monaco,HARD,1,22
101.182,LAW,2023,40,Singapore,HARD,2,20
145.427,ALO,2023,36,Silverstone,SOFT,2,6
96.741,BOT,2023,2,Silverstone,HARD,1,2
100.886,TSU,2023,6,Bahrain,SOFT,1,6
94.31,SAR,2023,10,Silverstone,MEDIUM,1,10
86.614,RUS,2023,41,Monza,HARD,2,25
99.279,LEC,2022,13,Bahrain,SOFT,1,13
96.977,LEC,2024,21,Bahrain,HARD,2,10
100.522,MAG,2022,32,Bahrain,SOFT,2,21
97.59,ALB,2024,18,Bahrain,HARD,2,3
97.315,SAI,2023,54,Monaco,MEDIUM,2,21
100.192,STR,2023,10,Bahrain,SOFT,1,13
106.52,RUS,2022,3,Monaco,WET,1,3
79.504,NOR,2022,36,Monaco,HARD,4,14
80.171,HAM,2024,13,Monaco,MEDIUM,2,12
97.955,PIA,2024,6,Bahrain,SOFT,1,9
86.861,NOR,2022,23,Monza,MEDIUM,1,23
93.174,ALO,2023,38,Saudi Arabia,HARD,2,21
77.602,LEC,2023,27,Monaco,HARD,1,27
83.101,RIC,2022,47,Australia,HARD,2,26
76.561,VER,2024,62,Monaco,HARD,3,11
99.274,SAI,2024,35,Bahrain,HARD,2,21
100.738,ZHO,2023,63,Monaco,INTERMEDIATE,3,11
81.063,ALO,2023,45,Australia,HARD,2,37
98.571,SAI,2023,25,Bahrain,HARD,2,12
96.913,ALB,2023,4,Saudi Arabia,MEDIUM,1,4
94.785,GAS,2022,33,Saudi Arabia,HARD,2,18
102.608,TSU,2023,59,Monaco,INTERMEDIATE,2,6
79.821,OCO,2022,44,Monaco,MEDIUM,3,14
88.283,LAT,2022,7,Monza,MEDIUM,1,7
93.624,GAS,2023,48,Saudi Arabia,HARD,2,34
79.296,TSU,2023,5,Monaco,MEDIUM,1,5
102.192,NOR,2022,7,Bahrain,MEDIUM,1,7
77.513,PIA,2023,47,Monaco,HARD,1,47
101.642,OCO,2024,10,Bahrain,SOFT,1,10
101.028,TSU,2022,8,Monaco,INTERMEDIATE,2,2
95.44,SAI,2024,49,Bahrain,HARD,3,14
95.3,RUS,2023,3,Saudi Arabia,MEDIUM,1,3
78.829,ALB,2023,45,Monaco,HARD,2,27
97.896,NOR,2024,6,Bahrain,SOFT,1,9
78.155,NOR,2024,56,Monaco,HARD,2,56
100.475,DEV,2023,51,Bahrain,HARD,3,24
93.614,GAS,2023,49,Saudi Arabia,HARD,2,35
94.746,DEV,2023,3,Silverstone,SOFT,1,3
100.874,GAS,2023,57,Singapore,HARD,2,37
97.629,PER,2022,21,Bahrain,MEDIUM,2,6
78.491,PER,2022,55,Monaco,MEDIUM,4,25
84.284,DEV,2023,30,Australia,MEDIUM,2,22
83.801,MSC,2022,41,Australia,HARD,2,27
96.112,GAS,2024,33,Bahrain,HARD,3,2
96.741,ZHO,2024,46,Bahrain,HARD,3,18
106.545,ZHO,2023,55,Monaco,INTERMEDIATE,3,3
93.075,PER,2023,48,Saudi Arabia,HARD,2,30
96.302,PER,2022,35,Bahrain,SOFT,3,5
100.923,STR,2023,11,Bahrain,SOFT,1,14
82.539,BOT,2022,53,Australia,HARD,2,31
87.233,SAR,2023,35,Monza,HARD,2,24
96.434,SAR,2023,14,Saudi Arabia,HARD,1,14
91.102,PER,2022,50,Silverstone,SOFT,4,11
82.188,GAS,2023,30,Australia,HARD,2,22
87.416,ZHO,2023,9,Monza,MEDIUM,1,9
99.725,RUS,2022,3,Bahrain,SOFT,1,6
95.49,NOR,2023,33,Saudi Arabia,MEDIUM,3,14
92.363,VER,2023,30,Silverstone,MEDIUM,1,30
86.473,ZHO,2023,39,Monza,MEDIUM,3,6
78.523,PIA,2024,27,Monaco,HARD,2,27
86.185,VER,2023,46,Monza,HARD,2,26
80.942,RIC,2024,20,Monaco,HARD,2,20
76.722,VER,2023,44,Monaco,MEDIUM,1,44
94.178,RIC,2022,26,Silverstone,HARD,3,6
102.622,BOT,2023,59,Monaco,INTERMEDIATE,2,8
94.316,TSU,2023,41,Saudi Arabia,HARD,2,24
87.401,DEV,2022,32,Monza,MEDIUM,2,13
79.101,STR,2022,48,Monaco,None,5,25
99.443,LEC,2023,36,Singapore,HARD,2,16
82.187,STR,2023,28,Australia,HARD,2,20
92.68,PER,2023,35,Saudi Arabia,HARD,2,17
77.54,GAS,2023,25,Monaco,HARD,1,25
95.176,HUL,2022,33,Saudi Arabia,HARD,1,34
84.049,SAR,2023,24,Australia,MEDIUM,4,16
97.548,SAI,2023,33,Bahrain,HARD,3,2
83.681,ZHO,2022,36,Australia,HARD,2,15
106.373,ALB,2023,1,Australia,MEDIUM,1,1
99.965,RUS,2023,15,Singapore,MEDIUM,1,15
93.31,ZHO,2023,40,Silverstone,SOFT,4,7
95.92,SAR,2023,42,Saudi Arabia,MEDIUM,2,24
100.84,TSU,2023,62,Monaco,INTERMEDIATE,2,9
96.796,MAG,2023,3,Saudi Arabia,MEDIUM,1,3
92.814,LEC,2023,28,Silverstone,HARD,2,10
78.35,PIA,2024,50,Monaco,HARD,2,50
97.396,TSU,2024,19,Bahrain,HARD,2,5
120.092,HUL,2023,1,Monaco,MEDIUM,1,1
78.435,BOT,2023,42,Monaco,HARD,1,42
88.438,BOT,2023,20,Monza,HARD,1,23
94.982,RIC,2022,29,Saudi Arabia,HARD,2,21
93.967,RIC,2022,44,Silverstone,SOFT,5,6
95.155,TSU,2023,28,Saudi Arabia,HARD,2,11
79.403,SAI,2024,20,Monaco,HARD,2,19
101.033,BOT,2023,5,Bahrain,SOFT,1,5
92.053,LAW,2023,13,Monza,MEDIUM,1,16
95.038,HUL,2023,31,Saudi Arabia,HARD,2,20
94.912,OCO,2022,13,Monaco,WET,1,13
78.039,TSU,2023,34,Monaco,MEDIUM,1,34
81.668,OCO,2023,49,Australia,HARD,3,48
97.024,VER,2024,8,Bahrain,SOFT,1,11
100.965,SAR,2023,16,Singapore,MEDIUM,1,16
92.968,VER,2023,45,Saudi Arabia,HARD,2,27
86.04,LEC,2022,27,Monza,MEDIUM,2,15
76.773,PER,2022,45,Monaco,MEDIUM,4,15
97.738,RUS,2024,4,Bahrain,SOFT,1,7
83.077,STR,2023,16,Australia,HARD,2,8
86.125,GAS,2022,8,Australia,MEDIUM,1,8
99.748,ZHO,2022,31,Bahrain,MEDIUM,2,16
97.869,PER,2023,33,Bahrain,SOFT,2,18
92.866,HAM,2023,68,Monaco,INTERMEDIATE,3,14
97.448,STR,2023,48,Bahrain,HARD,3,18
82.425,SAI,2023,24,Australia,HARD,3,17
92.417,NOR,2023,67,Monaco,INTERMEDIATE,3,13
98.134,NOR,2024,8,Bahrain,SOFT,1,11
93.17,ZHO,2023,24,Silverstone,MEDIUM,1,24
98.214,SAI,2023,54,Australia,HARD,3,47
93.754,MAG,2022,18,Monaco,WET,1,18
79.958,SAI,2023,3,Monaco,HARD,1,3
103.145,BOT,2024,12,Bahrain,SOFT,1,12
82.91,TSU,2023,41,Australia,HARD,2,33
83.992,DEV,2023,33,Australia,MEDIUM,2,25
96.451,ZHO,2023,9,Saudi Arabia,MEDIUM,1,9
95.642,GAS,2022,7,Silverstone,SOFT,2,6
97.38,HAM,2022,10,Monaco,WET,1,10
94.263,HUL,2023,39,Saudi Arabia,HARD,2,28
76.758,VER,2022,46,Monaco,MEDIUM,4,16
100.319,PER,2023,30,Singapore,HARD,1,30
100.479,HUL,2023,12,Singapore,MEDIUM,1,12
82.671,HUL,2023,30,Australia,HARD,2,22
144.727,RUS,2023,37,Silverstone,MEDIUM,2,9
100.363,TSU,2022,5,Bahrain,SOFT,1,5
93.632,VER,2022,11,Silverstone,MEDIUM,2,10
77.326,SAI,2024,30,Monaco,HARD,2,29
97.788,ZHO,2024,23,Bahrain,HARD,2,14
98.555,RUS,2023,21,Bahrain,HARD,2,8
86.288,GAS,2023,48,Monza,MEDIUM,3,17
94.539,HAM,2023,67,Monaco,INTERMEDIATE,3,13
92.925,PER,2022,30,Silverstone,MEDIUM,3,26
101.265,ALO,2023,36,Singapore,HARD,2,16
80.495,TSU,2024,30,Monaco,HARD,2,30
101.291,MAG,2023,34,Singapore,HARD,2,14
95.153,PIA,2024,36,Bahrain,HARD,3,2
90.077,SAR,2024,3,Monaco,HARD,2,3
96.823,NOR,2024,24,Bahrain,HARD,2,11
101.478,BOT,2023,29,Singapore,HARD,1,29
99.312,OCO,2024,9,Bahrain,SOFT,1,9
137.711,NOR,2023,18,Saudi Arabia,HARD,2,16
78.007,SAI,2023,22,Monaco,HARD,1,22
87.235,VER,2023,48,Monza,HARD,2,28
83.731,ZHO,2022,43,Australia,HARD,2,22
97.298,MAG,2023,5,Saudi Arabia,MEDIUM,1,5
82.164,MAG,2023,44,Australia,HARD,3,37
93.799,STR,2023,4,Silverstone,MEDIUM,1,5
100.371,STR,2022,27,Bahrain,SOFT,2,9
78.092,GAS,2022,58,Monaco,HARD,4,36
76.535,PER,2023,4,Monaco,HARD,2,3
95.449,MSC,2022,17,Silverstone,MEDIUM,2,16
94.788,ALB,2022,45,Saudi Arabia,HARD,2,32
93.099,PER,2023,18,Silverstone,MEDIUM,1,18
98.473,VET,2022,29,Monaco,HARD,3,7
100.408,VER,2023,10,Singapore,HARD,1,10
95.105,GAS,2023,26,Saudi Arabia,HARD,2,12
134.583,PIA,2023,34,Silverstone,HARD,2,5
137.976,GAS,2023,44,Singapore,HARD,2,24
111.392,NOR,2022,3,Australia,MEDIUM,1,3
101.36,PER,2023,17,Bahrain,SOFT,1,20
100.376,TSU,2022,25,Bahrain,MEDIUM,2,10
96.881,SAR,2023,5,Saudi Arabia,HARD,1,5
77.399,PER,2023,7,Monaco,HARD,2,6
96.695,TSU,2024,49,Bahrain,HARD,3,15
87.143,RIC,2022,33,Monza,HARD,2,14
80.021,LEC,2023,3,Monaco,HARD,1,3
93.243,RUS,2023,44,Saudi Arabia,HARD,2,26
98.021,VER,2023,7,Bahrain,SOFT,1,10
96.494,STR,2024,11,Bahrain,HARD,2,2
92.822,VER,2023,9,Silverstone,MEDIUM,1,9
79.387,STR,2023,32,Monaco,HARD,1,33
137.408,SAI,2023,38,Silverstone,HARD,2,12
79.343,GAS,2022,43,Monaco,HARD,4,21
95.897,HUL,2022,27,Saudi Arabia,HARD,1,28
101.978,MAG,2023,3,Bahrain,HARD,1,3
95.662,PIA,2023,5,Saudi Arabia,HARD,2,4
87.089,LAW,2023,26,Monza,HARD,2,16
100.559,MAG,2023,60,Monaco,WET,2,4
88.138,TSU,2023,73,Monaco,INTERMEDIATE,2,20
86.857,TSU,2022,43,Monza,HARD,2,25
98.511,NOR,2023,63,Monaco,INTERMEDIATE,3,9
99.801,STR,2023,8,Bahrain,SOFT,1,11
94.171,VER,2022,31,Silverstone,HARD,4,8
95.66,SAR,2024,50,Bahrain,SOFT,4,10
78.347,BOT,2024,72,Monaco,HARD,3,58
80.037,BOT,2022,42,Monaco,HARD,3,22
94.026,HUL,2023,48,Saudi Arabia,HARD,2,37
78.086,RUS,2023,21,Monaco,HARD,1,21
75.558,SAR,2024,61,Monaco,MEDIUM,3,4
94.138,ZHO,2023,48,Saudi Arabia,MEDIUM,3,30
99.025,ALB,2022,39,Bahrain,MEDIUM,3,6
97.87,NOR,2023,35,Bahrain,MEDIUM,4,8
96.608,OCO,2024,40,Bahrain,HARD,3,10
100.244,VER,2023,26,Singapore,HARD,1,26
77.716,HAM,2023,26,Monaco,MEDIUM,1,26
95.698,MAG,2024,35,Bahrain,HARD,3,3
85.082,RUS,2022,11,Australia,MEDIUM,1,11
92.876,SAI,2022,27,Silverstone,HARD,3,7
126.635,ALO,2023,55,Monaco,MEDIUM,2,2
113.761,PER,2022,38,Saudi Arabia,HARD,2,23
78.018,OCO,2023,15,Monaco,MEDIUM,1,15
79.603,VET,2022,44,Monaco,HARD,4,22
84.48,OCO,2022,31,Australia,HARD,2,14
101.171,ALB,2024,15,Bahrain,SOFT,1,15
92.77,SAI,2023,24,Silverstone,MEDIUM,1,24
124.796,TSU,2023,3,Australia,MEDIUM,1,3
93.22,HAM,2023,41,Saudi Arabia,MEDIUM,2,23
98.308,ALO,2022,8,Saudi Arabia,MEDIUM,1,8
92.744,HAM,2023,31,Silverstone,MEDIUM,1,31
94.107,ALO,2022,20,Silverstone,MEDIUM,2,19
98.006,MAG,2022,42,Bahrain,MEDIUM,3,8
79.013,SAI,2024,34,Monaco,HARD,2,33
99.437,SAR,2024,24,Bahrain,HARD,2,14
84.113,BOT,2022,44,Australia,HARD,2,22
75.462,TSU,2024,74,Monaco,HARD,2,74
101.138,TSU,2024,14,Bahrain,SOFT,1,14
98.525,GAS,2023,51,Singapore,HARD,2,31
94.763,DEV,2023,36,Saudi Arabia,HARD,2,19
77.047,RUS,2022,43,Monaco,MEDIUM,3,13
96.569,TSU,2023,8,Saudi Arabia,MEDIUM,1,8
97.49,SAI,2023,52,Bahrain,HARD,3,21
99.206,HUL,2023,56,Bahrain,SOFT,4,19
93.432,SAI,2023,42,Saudi Arabia,HARD,2,27
92.235,PER,2023,42,Saudi Arabia,HARD,2,24
82.397,ZHO,2022,34,Monaco,MEDIUM,3,5
81.126,RIC,2024,36,Monaco,HARD,2,36
96.956,BOT,2023,3,Saudi Arabia,MEDIUM,1,3
96.133,VER,2024,34,Bahrain,HARD,2,17
95.693,HAM,2023,15,Saudi Arabia,HARD,1,15
87.161,HUL,2023,21,Monza,HARD,2,12
83.792,DEV,2023,21,Australia,MEDIUM,2,13
78.313,VER,2024,45,Monaco,MEDIUM,2,44
82.313,GAS,2023,26,Australia,HARD,2,18
99.503,ZHO,2023,24,Bahrain,HARD,2,12
98.031,ALB,2024,22,Bahrain,HARD,2,7
79.837,TSU,2024,29,Monaco,HARD,2,29
79.359,PIA,2023,24,Monaco,HARD,1,24
77.883,SAI,2023,15,Monaco,HARD,1,15
87.372,TSU,2022,26,Monza,HARD,2,8
99.253,ALB,2023,16,Bahrain,SOFT,2,5
97.784,BOT,2023,39,Bahrain,HARD,3,10
96.827,TSU,2024,50,Bahrain,HARD,3,16
94.106,PER,2023,10,Saudi Arabia,MEDIUM,1,10
96.73,ZHO,2022,8,Saudi Arabia,MEDIUM,1,8
84.49,MSC,2022,36,Australia,HARD,2,22
80.781,STR,2024,15,Monaco,MEDIUM,2,15
123.62,HAM,2023,10,Australia,HARD,2,2
94.28,STR,2023,25,Silverstone,MEDIUM,1,26
96.576,GAS,2023,22,Saudi Arabia,HARD,2,8
105.449,HAM,2022,39,Australia,HARD,2,17
76.824,VER,2023,16,Monaco,MEDIUM,1,16
75.58,SAR,2024,60,Monaco,MEDIUM,3,3
97.589,RUS,2023,52,Bahrain,HARD,3,21
118.814,ALO,2024,16,Bahrain,HARD,2,1
83.425,MAG,2023,21,Australia,HARD,3,14
75.228,RUS,2024,73,Monaco,MEDIUM,2,72
80.319,ZHO,2023,12,Monaco,HARD,2,11
86.869,LEC,2023,32,Monza,HARD,2,12
97.831,SAR,2023,37,Bahrain,HARD,3,7
94.123,SAR,2023,15,Silverstone,MEDIUM,1,15
97.968,GAS,2023,31,Bahrain,HARD,3,6
98.947,MAG,2023,24,Bahrain,HARD,2,9
92.187,ZHO,2023,11,Monza,MEDIUM,1,11
97.806,HUL,2023,32,Bahrain,HARD,3,6
94.373,STR,2022,30,Silverstone,HARD,3,16
82.249,BOT,2024,8,Monaco,MEDIUM,2,7
80.462,ALB,2024,47,Monaco,HARD,2,46
79.053,NOR,2023,10,Monaco,MEDIUM,1,10
80.77,TSU,2024,19,Monaco,HARD,2,19
107.537,RUS,2023,7,Australia,MEDIUM,1,7
99.815,BOT,2022,33,Bahrain,MEDIUM,2,19
99.05,ALO,2022,13,Bahrain,MEDIUM,2,2
83.085,ALB,2024,63,Monaco,HARD,2,62
96.821,LEC,2024,19,Bahrain,HARD,2,8
105.921,SAR,2024,1,Bahrain,SOFT,1,1
82.186,PER,2023,23,Australia,HARD,4,16
98.587,HAM,2022,15,Bahrain,HARD,2,5
116.995,RIC,2024,36,Bahrain,SOFT,3,1
95.427,LEC,2022,55,Bahrain,SOFT,4,12
95.545,TSU,2022,28,Silverstone,HARD,3,11
93.683,SAR,2023,14,Silverstone,MEDIUM,1,14
87.339,MSC,2022,40,Monza,SOFT,2,7
87.082,MAG,2022,28,Monza,HARD,2,4
78.642,BOT,2024,65,Monaco,HARD,3,51
87.465,HUL,2023,7,Monza,MEDIUM,1,10
78.842,LEC,2024,19,Monaco,HARD,2,18
97.441,SAI,2023,35,Bahrain,HARD,3,4
120.922,ALO,2022,26,Bahrain,HARD,3,1
100.484,HUL,2023,3,Bahrain,SOFT,1,6
98.029,RIC,2024,26,Bahrain,HARD,2,13
95.192,LEC,2024,43,Bahrain,HARD,3,9
95.062,MAG,2022,15,Monaco,WET,1,15
100.463,ZHO,2023,15,Singapore,HARD,2,13
98.718,GAS,2023,53,Singapore,HARD,2,33
87.137,SAR,2023,73,Monaco,INTERMEDIATE,4,21
98.888,ZHO,2023,21,Bahrain,HARD,2,9
86.396,NOR,2023,28,Monza,HARD,2,10
99.5,BOT,2023,26,Bahrain,HARD,2,15
83.371,STR,2023,25,Australia,HARD,2,17
78.207,DEV,2023,41,Monaco,MEDIUM,1,41
95.12,HAM,2022,5,Silverstone,MEDIUM,2,4
80.254,BOT,2024,35,Monaco,HARD,3,21
93.64,HUL,2023,16,Silverstone,MEDIUM,2,9
106.475,TSU,2023,18,Australia,HARD,2,10
82.299,TSU,2023,46,Australia,HARD,2,38
94.821,VER,2022,8,Saudi Arabia,MEDIUM,1,8
77.426,VER,2022,43,Monaco,MEDIUM,4,13
79.026,TSU,2023,18,Monaco,MEDIUM,1,18
99.842,ZHO,2022,33,Bahrain,MEDIUM,2,18
98.116,RUS,2024,5,Bahrain,SOFT,1,8
96.541,PER,2024,2,Bahrain,SOFT,1,5
110.179,ALO,2023,43,Singapore,HARD,2,23
148.562,PER,2023,22,Singapore,HARD,1,22
99.123,LEC,2022,10,Bahrain,SOFT,1,10
83.79,HAM,2023,11,Australia,HARD,2,3
84.555,BOT,2022,31,Australia,HARD,2,9
80.557,TSU,2024,21,Monaco,HARD,2,21
97.825,RUS,2023,51,Bahrain,HARD,3,20
98.093,HUL,2023,35,Bahrain,HARD,3,9
97.158,LEC,2024,30,Bahrain,HARD,2,19
85.627,PER,2023,36,Monza,HARD,2,15
76.863,LEC,2024,61,Monaco,HARD,2,60
98.494,OCO,2024,25,Bahrain,HARD,2,15
75.848,RUS,2024,66,Monaco,MEDIUM,2,65
78.365,LEC,2023,20,Monaco,HARD,1,20
96.252,GAS,2023,66,Monaco,INTERMEDIATE,3,12
126.905,NOR,2023,48,Bahrain,SOFT,6,5
87.06,NOR,2023,36,Monza,HARD,2,18
81.789,TSU,2023,52,Australia,HARD,2,44
89.037,GAS,2023,10,Australia,HARD,2,2
95.785,LEC,2024,55,Bahrain,HARD,3,21
130.798,ALB,2023,2,Australia,MEDIUM,1,2
80.067,BOT,2023,14,Monaco,HARD,1,14
92.707,ALO,2022,38,Silverstone,HARD,3,5
107.791,TSU,2023,1,Bahrain,SOFT,1,1
104.501,STR,2023,51,Monaco,HARD,1,52
81.93,PER,2022,44,Australia,HARD,2,24
97.134,ZHO,2023,8,Saudi Arabia,MEDIUM,1,8
101.78,HUL,2023,28,Singapore,HARD,2,8
100.272,LAT,2022,18,Bahrain,SOFT,2,4
83.996,SAR,2023,32,Australia,MEDIUM,4,24
98.216,MAG,2022,17,Bahrain,SOFT,2,6
96.2,SAI,2024,24,Bahrain,HARD,2,10
128.846,RIC,2022,3,Silverstone,MEDIUM,2,3
80.525,BOT,2024,33,Monaco,HARD,3,19
93.809,ALB,2023,3,Silverstone,MEDIUM,1,3
79.76,TSU,2022,48,Monaco,MEDIUM,4,19
81.942,SAI,2023,40,Australia,HARD,3,33
81.128,ALO,2024,36,Monaco,MEDIUM,2,36
97.282,SAR,2023,7,Saudi Arabia,HARD,1,7
78.994,BOT,2024,57,Monaco,HARD,3,43
118.026,MAG,2023,1,Australia,MEDIUM,1,1
83.982,PER,2023,12,Australia,HARD,4,5
94.309,LAT,2022,31,Silverstone,MEDIUM,3,12
84.75,VER,2022,47,Monza,MEDIUM,2,22
79.837,RIC,2024,49,Monaco,HARD,2,49
84.044,LEC,2022,17,Australia,MEDIUM,1,17
87.279,HAM,2023,18,Monza,HARD,1,21
83.054,ALO,2023,22,Australia,HARD,2,14
85.615,PIA,2023,76,Monaco,INTERMEDIATE,2,22
106.329,OCO,2023,54,Australia,HARD,3,53
80.696,RIC,2024,52,Monaco,HARD,2,52
94.79,SAI,2024,45,Bahrain,HARD,3,10
82.45,GAS,2023,21,Australia,HARD,2,13
90.648,VER,2023,44,Silverstone,SOFT,2,14
95.681,RIC,2022,14,Saudi Arabia,HARD,2,6
81.365,RIC,2024,27,Monaco,HARD,2,27
81.061,ALO,2024,15,Monaco,MEDIUM,2,15
83.556,NOR,2022,52,Monaco,MEDIUM,5,1
96.893,SAI,2022,37,Bahrain,MEDIUM,3,4
90.3,OCO,2023,70,Monaco,INTERMEDIATE,3,16
97.092,VER,2024,6,Bahrain,SOFT,1,9
81.196,BOT,2024,36,Monaco,HARD,3,22
83.387,MAG,2023,22,Australia,HARD,3,15
82.862,SAI,2023,13,Australia,HARD,3,6
83.776,SAI,2022,33,Monaco,HARD,3,12
93.413,GAS,2022,19,Monaco,INTERMEDIATE,2,18
99.042,TSU,2024,52,Bahrain,HARD,3,18
86.139,PIA,2023,45,Monza,MEDIUM,3,7
88.08,MSC,2022,13,Monza,MEDIUM,1,13
96.324,STR,2023,2,Saudi Arabia,MEDIUM,1,2
81.902,OCO,2023,40,Australia,HARD,3,39
80.463,ALB,2024,26,Monaco,HARD,2,25
81.517,STR,2024,11,Monaco,MEDIUM,2,11
93.955,HAM,2022,7,Silverstone,MEDIUM,2,6
82.817,VER,2023,15,Australia,HARD,2,7
99.696,HAM,2024,33,Bahrain,HARD,2,21
77.967,RUS,2023,44,Monaco,HARD,1,44
94.087,ALB,2023,69,Monaco,INTERMEDIATE,3,17
78.664,HUL,2023,26,Monaco,HARD,2,25
97.095,PIA,2024,18,Bahrain,HARD,2,6
79.015,VER,2022,59,Monaco,MEDIUM,4,29
85.267,PER,2022,17,Australia,MEDIUM,1,17
95.89,RUS,2023,9,Saudi Arabia,MEDIUM,1,9
87.217,PIA,2023,11,Monza,MEDIUM,1,11
79.165,BOT,2023,6,Monaco,HARD,1,6
98.361,TSU,2024,6,Bahrain,SOFT,1,6
79.347,TSU,2024,70,Monaco,HARD,2,70
99.802,ALB,2023,23,Bahrain,SOFT,2,12
84.565,SAI,2022,38,Monza,SOFT,2,8
79.109,ALO,2024,47,Monaco,MEDIUM,2,47
79.435,GAS,2024,47,Monaco,MEDIUM,2,46
82.625,LEC,2024,4,Monaco,HARD,2,3
78.623,BOT,2024,61,Monaco,HARD,3,47
94.381,OCO,2023,6,Silverstone,SOFT,1,6
88.401,STR,2023,18,Monza,MEDIUM,1,18
92.891,PER,2023,27,Saudi Arabia,HARD,2,9
95.512,GAS,2022,8,Silverstone,SOFT,2,7
78.318,BOT,2024,74,Monaco,HARD,3,60
93.987,NOR,2022,24,Silverstone,MEDIUM,2,24
117.255,PER,2022,27,Monaco,HARD,3,5
96.416,BOT,2022,11,Saudi Arabia,MEDIUM,1,11
78.999,ZHO,2022,50,Monaco,MEDIUM,3,21
83.376,HAM,2024,4,Monaco,MEDIUM,2,3
81.273,OCO,2023,43,Australia,HARD,3,42
99.671,ALO,2023,63,Monaco,INTERMEDIATE,3,8
93.654,ALO,2023,30,Saudi Arabia,HARD,2,13
97.869,PER,2023,33,Bahrain,SOFT,2,18
130.911,HUL,2024,2,Bahrain,HARD,2,1
79.398,STR,2024,20,Monaco,MEDIUM,2,20
106.131,VER,2023,56,Monaco,INTERMEDIATE,2,1
137.012,TSU,2023,68,Monaco,INTERMEDIATE,2,15
87.967,LAT,2022,10,Monza,MEDIUM,1,10
118.699,HUL,2024,21,Bahrain,HARD,3,1
79.538,NOR,2024,32,Monaco,HARD,2,32
99.302,TSU,2023,18,Bahrain,HARD,2,8
100.281,OCO,2023,5,Bahrain,SOFT,1,8
94.929,TSU,2023,31,Saudi Arabia,HARD,2,14
99.292,GAS,2023,56,Singapore,HARD,2,36
99.197,PER,2023,12,Bahrain,SOFT,1,15
93.233,LEC,2023,31,Silverstone,HARD,2,13
126.491,HAM,2023,41,Bahrain,HARD,3,11
81.24,GAS,2023,46,Australia,HARD,2,38
78.706,BOT,2023,41,Monaco,HARD,1,41
99.904,ZHO,2023,42,Bahrain,SOFT,3,13
93.222,OCO,2023,49,Saudi Arabia,HARD,2,33
87.389,ALB,2023,11,Monza,MEDIUM,1,14
94.995,MAG,2022,19,Silverstone,MEDIUM,2,20
93.704,LEC,2022,7,Silverstone,MEDIUM,2,6
93.1,VER,2023,7,Silverstone,MEDIUM,1,7
103.336,HAM,2023,12,Bahrain,SOFT,1,15
80.222,BOT,2023,26,Monaco,HARD,1,26
97.457,MAG,2024,55,Bahrain,HARD,3,23
101.111,PIA,2023,6,Bahrain,SOFT,1,6
101.002,HUL,2023,5,Bahrain,SOFT,1,8
92.503,PER,2023,39,Silverstone,SOFT,2,11
98.976,OCO,2023,21,Bahrain,HARD,3,9
76.492,HAM,2024,55,Monaco,HARD,3,5
97.176,RIC,2024,16,Bahrain,HARD,2,3
96.714,HAM,2024,26,Bahrain,HARD,2,14
79.182,DEV,2023,17,Monaco,MEDIUM,1,17
98.422,ALB,2024,4,Bahrain,SOFT,1,4
82.504,PIA,2023,34,Australia,HARD,2,26
99.956,BOT,2023,2,Bahrain,SOFT,1,2
92.189,STR,2023,52,Monaco,INTERMEDIATE,2,1
98.096,PIA,2024,9,Bahrain,SOFT,1,12
94.75,LAT,2022,13,Monaco,HARD,3,11
95.987,STR,2024,37,Bahrain,HARD,3,10
99.52,MAG,2022,25,Bahrain,SOFT,2,14
101.706,GAS,2023,29,Singapore,HARD,2,9
78.73,TSU,2023,6,Monaco,MEDIUM,1,6
94.22,DEV,2023,43,Saudi Arabia,HARD,2,26
114.807,HAM,2022,28,Monaco,HARD,3,6
137.309,HAM,2022,2,Monaco,WET,1,2
123.522,PER,2023,41,Bahrain,HARD,3,7
98.713,ZHO,2023,52,Bahrain,SOFT,3,23
93.026,NOR,2022,43,Saudi Arabia,HARD,2,27
95.192,LEC,2024,43,Bahrain,HARD,3,9
81.732,VER,2023,36,Australia,HARD,2,28
80.075,ZHO,2024,47,Monaco,HARD,2,46
101.829,GAS,2023,6,Singapore,MEDIUM,1,6
102.299,BOT,2022,36,Bahrain,MEDIUM,2,22
81.784,NOR,2023,48,Australia,HARD,2,40
78.681,ZHO,2023,38,Monaco,HARD,2,37
98.713,TSU,2022,38,Bahrain,SOFT,3,9
88.221,MAG,2022,3,Monza,MEDIUM,1,3
96.343,STR,2024,42,Bahrain,HARD,3,15
86.768,ZHO,2023,50,Monza,MEDIUM,3,17
100.898,ZHO,2024,70,Monaco,HARD,2,69
96.975,HAM,2024,31,Bahrain,HARD,2,19
99.042,SAI,2023,3,Bahrain,SOFT,1,6
78.239,SAI,2023,16,Monaco,HARD,1,16
102.747,ZHO,2023,36,Singapore,MEDIUM,3,16
80.208,BOT,2023,29,Monaco,HARD,1,29
85.631,LEC,2023,36,Monza,HARD,2,16
84.231,ALB,2022,38,Australia,HARD,1,38
95.929,NOR,2023,5,Saudi Arabia,HARD,2,3
98.24,SAI,2023,21,Bahrain,HARD,2,8
98.976,OCO,2023,21,Bahrain,HARD,3,9
91.657,ZHO,2023,10,Australia,HARD,3,9
99.172,MAG,2024,8,Bahrain,SOFT,1,8
78.73,TSU,2023,6,Monaco,MEDIUM,1,6
98.438,ALB,2022,57,Australia,HARD,1,57
82.155,NOR,2023,37,Australia,HARD,2,29
79.274,MAG,2023,35,Monaco,HARD,1,35
82.436,BOT,2023,48,Australia,HARD,3,47
136.288,VET,2022,2,Monaco,WET,1,2
91.909,PER,2023,40,Silverstone,SOFT,2,12
106.37,HUL,2023,40,Monza,MEDIUM,3,4
83.216,MAG,2023,25,Australia,HARD,3,18
98.92,ZHO,2024,2,Bahrain,SOFT,1,2
86.15,VET,2022,12,Australia,HARD,1,13
101.596,HAM,2022,23,Australia,HARD,2,1
98.934,ALB,2024,12,Bahrain,SOFT,1,12
95.067,NOR,2024,37,Bahrain,HARD,3,4
87.447,GAS,2022,21,Monza,HARD,2,4
98.978,ALB,2022,10,Monaco,WET,1,10
81.784,NOR,2023,48,Australia,HARD,2,40
94.709,ALO,2022,11,Silverstone,MEDIUM,2,10
121.158,NOR,2023,20,Singapore,MEDIUM,1,20
95.341,PIA,2024,42,Bahrain,HARD,3,8
92.887,VER,2022,32,Saudi Arabia,HARD,2,16
101.11,PER,2023,7,Australia,HARD,3,5
97.662,ALO,2023,55,Bahrain,HARD,3,21
97.636,RUS,2023,56,Bahrain,HARD,3,25
94.879,DEV,2023,14,Silverstone,SOFT,1,14
96.22,HAM,2023,49,Singapore,MEDIUM,3,5
79.913,RUS,2024,16,Monaco,MEDIUM,2,15
99.287,BOT,2023,27,Bahrain,HARD,2,16
100.289,HAM,2023,10,Bahrain,SOFT,1,13
81.514,SAR,2023,52,Australia,HARD,5,23
79.749,ZHO,2024,66,Monaco,HARD,2,65
85.366,RUS,2022,41,Monza,HARD,2,18
79.124,BOT,2024,20,Monaco,HARD,3,6
82.68,RUS,2023,16,Australia,HARD,3,9
75.956,LEC,2023,50,Monaco,MEDIUM,2,6
80.97,SAI,2023,50,Australia,HARD,3,43
93.961,GAS,2022,47,Saudi Arabia,HARD,2,32
85.558,SAI,2023,22,Monza,HARD,2,3
95.568,PER,2024,56,Bahrain,SOFT,3,20
98.575,ALB,2024,6,Bahrain,SOFT,1,6
87.892,LAW,2023,11,Monza,MEDIUM,1,14
97.456,SAR,2023,52,Bahrain,SOFT,4,12
99.704,ALO,2022,14,Bahrain,MEDIUM,2,3
96.152,NOR,2023,52,Bahrain,SOFT,6,9
79.749,ZHO,2024,66,Monaco,HARD,2,65
134.343,TSU,2022,2,Monaco,WET,1,2
93.79,VER,2023,17,Saudi Arabia,MEDIUM,1,17
80.432,ALO,2024,35,Monaco,MEDIUM,2,35
76.561,SAI,2023,48,Monaco,MEDIUM,2,15
93.524,RUS,2023,37,Saudi Arabia,HARD,2,19
132.896,SAI,2023,18,Saudi Arabia,HARD,2,3
95.437,SAR,2023,37,Saudi Arabia,MEDIUM,2,19
78.911,ALO,2022,53,Monaco,MEDIUM,3,23
120.031,ZHO,2022,38,Bahrain,MEDIUM,3,1
78.111,RUS,2023,23,Monaco,HARD,1,23
94.332,SAR,2023,4,Silverstone,MEDIUM,1,4
92.403,SAI,2022,28,Silverstone,HARD,3,8
98.123,DEV,2023,35,Bahrain,HARD,3,8
93.177,BOT,2023,45,Silverstone,SOFT,2,13
95.956,TSU,2024,43,Bahrain,HARD,3,9
82.769,PER,2022,34,Australia,HARD,2,14
96.166,BOT,2023,29,Saudi Arabia,MEDIUM,3,12
117.971,OCO,2022,23,Silverstone,HARD,3,1
81.331,DEV,2023,51,Australia,SOFT,3,6
94.091,RUS,2023,28,Saudi Arabia,HARD,2,10
97.422,ALO,2023,57,Bahrain,HARD,3,23
84.149,BOT,2023,26,Australia,HARD,3,25
99.892,LEC,2023,26,Singapore,HARD,2,6
95.892,HUL,2023,13,Saudi Arabia,HARD,2,2
96.551,RIC,2022,15,Monaco,WET,1,15
87.53,TSU,2022,22,Monza,HARD,2,4
77.014,SAI,2023,49,Monaco,MEDIUM,2,16
96.253,ZHO,2023,10,Saudi Arabia,MEDIUM,1,10
83.691,ALO,2022,48,Australia,MEDIUM,2,9
80.154,DEV,2023,27,Monaco,MEDIUM,1,27
85.796,LEC,2022,11,Monza,SOFT,1,11
103.773,ZHO,2023,59,Singapore,MEDIUM,3,39
83.243,LEC,2023,52,Monaco,MEDIUM,2,8
93.26,STR,2023,28,Silverstone,MEDIUM,1,29
93.303,OCO,2022,51,Monza,HARD,2,32
100.338,BOT,2022,27,Bahrain,MEDIUM,2,13
83.261,HUL,2023,12,Australia,HARD,2,4
78.082,PIA,2024,45,Monaco,HARD,2,45
86.623,NOR,2023,42,Monza,HARD,2,24
91.243,NOR,2023,39,Silverstone,HARD,2,6
97.091,HAM,2024,16,Bahrain,HARD,2,4
99.761,ALB,2023,4,Bahrain,SOFT,1,4
132.55,LAT,2022,4,Australia,MEDIUM,1,4
97.819,RUS,2024,18,Bahrain,HARD,2,7
100.37,HAM,2022,47,Monza,SOFT,2,14
94.481,PER,2022,6,Saudi Arabia,MEDIUM,1,6
98.708,STR,2023,19,Australia,HARD,2,11
82.711,ALO,2024,6,Monaco,MEDIUM,2,6
97.871,ALO,2023,32,Bahrain,HARD,2,18
80.525,SAI,2024,9,Monaco,HARD,2,8
96.246,RUS,2022,6,Saudi Arabia,MEDIUM,1,6
87.702,LEC,2023,19,Monza,MEDIUM,1,19
87.265,NOR,2022,7,Monza,MEDIUM,1,7
87.597,NOR,2023,17,Monza,MEDIUM,1,17
78.506,LEC,2024,49,Monaco,HARD,2,48
94.818,RUS,2022,14,Monaco,WET,1,14
135.797,SAI,2022,48,Bahrain,SOFT,4,7
96.044,GAS,2023,3,Saudi Arabia,MEDIUM,1,3
76.373,LEC,2024,69,Monaco,HARD,2,68
92.29,MSC,2022,45,Silverstone,SOFT,4,6
132.374,HAM,2022,5,Australia,MEDIUM,1,5
79.334,ALO,2024,50,Monaco,MEDIUM,2,50
95.686,LAT,2022,11,Silverstone,SOFT,2,10
87.049,LAW,2023,24,Monza,HARD,2,14
99.235,ZHO,2023,27,Bahrain,HARD,2,15
78.958,HAM,2023,6,Monaco,MEDIUM,1,6
94.073,PER,2023,5,Silverstone,MEDIUM,1,5
92.852,RUS,2023,24,Silverstone,SOFT,1,27
95.934,NOR,2024,54,Bahrain,HARD,3,21
100.515,RUS,2024,11,Bahrain,SOFT,1,14
98.091,VER,2022,23,Bahrain,SOFT,2,9
96.45,GAS,2024,36,Bahrain,HARD,3,5
97.261,RIC,2022,50,Bahrain,SOFT,4,6
80.203,BOT,2023,25,Monaco,HARD,1,25
82.187,STR,2023,21,Australia,HARD,2,13
101.078,SAR,2023,55,Monaco,INTERMEDIATE,4,3
102.246,ZHO,2023,62,Singapore,MEDIUM,3,42
78.07,SAI,2023,10,Monaco,HARD,1,10
86.736,BOT,2023,47,Monza,MEDIUM,2,25
100.529,PIA,2023,27,Singapore,HARD,2,7
114.219,TSU,2023,35,Silverstone,SOFT,3,3
95.766,DEV,2023,27,Saudi Arabia,HARD,2,10
79.482,SAI,2023,4,Monaco,HARD,1,4
87.134,BOT,2023,49,Monza,MEDIUM,2,27
78.559,GAS,2023,42,Monaco,HARD,1,42
87.574,STR,2023,5,Monza,MEDIUM,1,5
110.48,OCO,2022,12,Monza,SOFT,1,12
95.347,LEC,2023,6,Saudi Arabia,SOFT,1,6
91.769,ZHO,2023,48,Silverstone,SOFT,4,15
96.322,STR,2024,41,Bahrain,HARD,3,14
83.182,GAS,2022,55,Australia,HARD,2,34
77.975,NOR,2024,48,Monaco,HARD,2,48
98.812,SAR,2023,52,Singapore,MEDIUM,3,9
98.2,PER,2023,52,Monaco,MEDIUM,3,19
99.152,OCO,2024,7,Bahrain,SOFT,1,7
94.878,LAT,2022,37,Silverstone,MEDIUM,3,18
136.653,HUL,2023,44,Singapore,HARD,2,24
100.806,ZHO,2023,40,Singapore,MEDIUM,3,20
108.531,ALO,2023,56,Monaco,INTERMEDIATE,3,1
93.659,VER,2023,68,Monaco,INTERMEDIATE,2,13
96.066,ALB,2023,12,Saudi Arabia,MEDIUM,1,12
86.574,ALO,2023,38,Monza,HARD,2,20
99.49,BOT,2023,25,Bahrain,HARD,2,14
79.836,HUL,2023,19,Monaco,HARD,2,18
78.957,DEV,2023,10,Monaco,MEDIUM,1,10
91.768,STR,2023,47,Silverstone,SOFT,2,19
98.253,ALB,2022,12,Saudi Arabia,MEDIUM,1,12
99.316,MAG,2023,28,Bahrain,HARD,2,13
102.727,ALO,2023,61,Monaco,INTERMEDIATE,3,6
80.07,BOT,2023,38,Monaco,HARD,1,38
92.727,ALO,2023,29,Silverstone,MEDIUM,1,30
85.903,VER,2022,16,Monza,SOFT,1,16
99.792,ALO,2023,2,Bahrain,SOFT,1,5
77.76,SAI,2023,44,Monaco,MEDIUM,2,11
85.636,STR,2022,20,Australia,HARD,3,16
122.768,STR,2022,48,Saudi Arabia,HARD,2,36
98.009,BOT,2024,34,Bahrain,HARD,3,4
82.389,VER,2023,20,Australia,HARD,2,12
112.018,GAS,2022,32,Monaco,HARD,4,10
90.975,VER,2023,52,Silverstone,SOFT,2,22
98.896,ALO,2024,9,Bahrain,SOFT,1,12
99.306,RUS,2022,26,Bahrain,HARD,2,12
96.141,NOR,2023,10,Saudi Arabia,HARD,2,8
85.126,PER,2022,9,Australia,MEDIUM,1,9
102.153,NOR,2022,41,Bahrain,HARD,2,17
98.891,TSU,2022,57,Bahrain,SOFT,4,16
78.983,VER,2024,32,Monaco,MEDIUM,2,31
101.197,ZHO,2023,7,Bahrain,SOFT,1,7
77.528,SAI,2024,51,Monaco,HARD,2,50
79.607,PER,2023,32,Monaco,HARD,2,31
98.62,SAR,2023,51,Singapore,MEDIUM,3,8
82.128,SAR,2023,49,Monaco,SOFT,3,26
82.773,BOT,2023,38,Australia,HARD,3,37
85.835,OCO,2022,15,Australia,MEDIUM,1,15
79.185,LEC,2024,47,Monaco,HARD,2,46
96.945,ALO,2024,27,Bahrain,HARD,2,12
92.567,OCO,2023,10,Australia,HARD,3,9
86.378,GAS,2023,75,Monaco,INTERMEDIATE,3,21
81.907,PER,2023,34,Australia,HARD,4,27
81.455,GAS,2023,45,Australia,HARD,2,37
100.541,OCO,2023,35,Singapore,HARD,2,15
101.123,OCO,2023,63,Monaco,INTERMEDIATE,3,9
120.319,OCO,2022,53,Monza,HARD,2,34
93.934,MAG,2022,36,Silverstone,MEDIUM,3,14
102.22,BOT,2023,29,Bahrain,HARD,2,18
100.866,OCO,2023,9,Bahrain,SOFT,1,12
94.469,SAR,2023,49,Saudi Arabia,MEDIUM,2,31
78.465,SAI,2024,35,Monaco,HARD,2,34
78.195,TSU,2023,38,Monaco,MEDIUM,1,38
81.728,LEC,2022,47,Australia,HARD,2,25
98.448,RUS,2023,28,Bahrain,HARD,2,15
77.532,RIC,2022,59,Monaco,HARD,3,40
91.885,RUS,2023,19,Monza,MEDIUM,1,19
98.163,TSU,2023,35,Bahrain,HARD,3,9
79.285,PIA,2023,14,Monaco,HARD,1,14
85.999,TSU,2022,14,Australia,MEDIUM,1,14
91.433,RUS,2023,52,Silverstone,MEDIUM,2,24
86.417,LAW,2023,41,Monza,MEDIUM,3,11
80.481,ZHO,2024,16,Monaco,HARD,2,15
97.891,HUL,2024,17,Bahrain,HARD,2,16
98.216,HUL,2024,18,Bahrain,HARD,2,17
76.971,LEC,2024,63,Monaco,HARD,2,62
99.646,ZHO,2024,8,Bahrain,SOFT,1,8
78.202,BOT,2023,45,Monaco,HARD,1,45
82.09,STR,2024,9,Monaco,MEDIUM,2,9
103.787,OCO,2023,12,Bahrain,SOFT,1,15
97.767,ALB,2024,35,Bahrain,HARD,2,20
85.505,VET,2022,21,Australia,HARD,1,22
78.928,SAI,2022,56,Monaco,HARD,3,35
87.2,HUL,2023,4,Monza,MEDIUM,1,7
79.708,HUL,2023,32,Monaco,HARD,2,31
79.704,OCO,2023,3,Monaco,MEDIUM,1,3
96.302,RUS,2022,56,Bahrain,SOFT,4,13
97.918,ALB,2024,21,Bahrain,HARD,2,6
92.235,PER,2023,28,Silverstone,MEDIUM,1,28
98.31,TSU,2024,4,Bahrain,SOFT,1,4
85.714,RUS,2022,35,Monza,HARD,2,12
84.149,BOT,2023,26,Australia,HARD,3,25
92.278,MAG,2022,24,Monza,MEDIUM,1,24
78.702,RUS,2024,48,Monaco,MEDIUM,2,47
100.797,SAR,2023,13,Singapore,MEDIUM,1,13
96.871,STR,2024,49,Bahrain,HARD,3,22
96.981,HUL,2022,24,Saudi Arabia,HARD,1,25
93.893,LAW,2023,1,Monza,MEDIUM,1,4
77.769,STR,2023,18,Monaco,HARD,1,19
86.38,ALO,2023,37,Monza,HARD,2,19
95.511,GAS,2024,49,Bahrain,SOFT,4,6
76.115,NOR,2024,67,Monaco,HARD,2,67
97.393,BOT,2024,40,Bahrain,HARD,3,10
99.239,DEV,2023,55,Bahrain,HARD,3,28
99.931,OCO,2023,40,Singapore,HARD,2,20
76.561,SAI,2023,48,Monaco,MEDIUM,2,15
78.947,ZHO,2023,48,Monaco,HARD,2,47
91.808,ALO,2022,45,Silverstone,SOFT,4,6
78.47,ALB,2023,20,Monaco,HARD,2,2
95.004,ALB,2023,2,Silverstone,MEDIUM,1,2
99.497,BOT,2023,19,Bahrain,HARD,2,8
84.849,BOT,2023,5,Australia,HARD,2,4
92.891,ALO,2023,46,Silverstone,SOFT,2,16
97.173,VER,2024,5,Bahrain,SOFT,1,8
77.333,HUL,2023,7,Monaco,HARD,2,6
102.234,TSU,2023,61,Monaco,INTERMEDIATE,2,8
79.021,BOT,2023,31,Monaco,HARD,1,31
81.335,PIA,2023,53,Australia,HARD,2,45
94.286,OCO,2023,36,Saudi Arabia,HARD,2,20
96.04,MSC,2022,5,Silverstone,MEDIUM,2,4
93.994,LEC,2023,2,Silverstone,MEDIUM,1,2
119.463,HUL,2023,59,Monaco,INTERMEDIATE,3,5
97.088,PIA,2024,33,Bahrain,HARD,2,21
110.881,LAW,2023,45,Singapore,HARD,2,25
98.349,TSU,2023,19,Australia,HARD,2,11
80.686,ZHO,2024,45,Monaco,HARD,2,44
82.672,RIC,2022,52,Australia,HARD,2,31
85.847,RUS,2023,38,Monza,HARD,2,22
86.336,RUS,2023,44,Monza,HARD,2,28
115.804,RUS,2023,55,Monaco,INTERMEDIATE,2,1
83.02,BOT,2023,37,Australia,HARD,3,36
119.248,VER,2023,41,Singapore,MEDIUM,2,1
96.928,RUS,2024,25,Bahrain,HARD,2,14
93.769,GAS,2023,15,Silverstone,MEDIUM,1,15
96.541,STR,2024,50,Bahrain,HARD,3,23
93.417,SAI,2023,9,Silverstone,MEDIUM,1,9
98.75,NOR,2023,64,Monaco,INTERMEDIATE,3,10
96.419,RUS,2023,47,Singapore,MEDIUM,3,3
97.304,PER,2023,23,Bahrain,SOFT,2,8
93.411,SAI,2023,41,Saudi Arabia,HARD,2,26
81.273,SAR,2024,39,Monaco,HARD,2,39
87.557,PER,2022,3,Monza,MEDIUM,1,3
95.8,PIA,2024,51,Bahrain,HARD,3,17
94.205,TSU,2023,76,Monaco,INTERMEDIATE,2,23
98.988,RIC,2022,37,Bahrain,HARD,3,4
100.055,LAW,2023,32,Singapore,HARD,2,12
98.361,TSU,2024,6,Bahrain,SOFT,1,6
95.64,STR,2022,8,Silverstone,MEDIUM,2,9
99.934,GAS,2023,41,Singapore,HARD,2,21
94.739,SAI,2024,40,Bahrain,HARD,3,5
98.246,RIC,2024,34,Bahrain,HARD,2,21
96.745,RIC,2024,53,Bahrain,SOFT,3,18
92.917,RUS,2023,45,Saudi Arabia,HARD,2,27
80.986,ZHO,2024,36,Monaco,HARD,2,35
96.485,STR,2023,16,Saudi Arabia,HARD,2,4
81.355,VET,2022,38,Monaco,HARD,4,16
77.63,ALO,2023,40,Monaco,HARD,1,41
96.238,HUL,2023,27,Saudi Arabia,HARD,2,16
75.238,VER,2024,60,Monaco,HARD,3,9
81.524,RUS,2022,34,Monaco,MEDIUM,3,4
134.657,TSU,2023,19,Saudi Arabia,HARD,2,2
98.335,LAT,2022,50,Bahrain,SOFT,4,8
79.046,ALO,2022,45,Monaco,MEDIUM,3,15
77.772,NOR,2024,51,Monaco,HARD,2,51
99.384,VER,2022,29,Bahrain,SOFT,2,15
78.31,HAM,2023,16,Monaco,MEDIUM,1,16
84.492,LAT,2022,57,Australia,HARD,3,34
81.693,HAM,2023,38,Australia,HARD,2,30
80.287,VER,2024,16,Monaco,MEDIUM,2,15
80.314,ALB,2024,38,Monaco,HARD,2,37
84.559,STR,2022,38,Australia,HARD,4,19
99.052,ALO,2022,7,Monaco,WET,1,7
87.824,NOR,2022,14,Monza,MEDIUM,1,14
76.991,HUL,2023,6,Monaco,HARD,2,5
77.111,ALO,2023,29,Monaco,HARD,1,30
88.084,HUL,2023,36,Monza,HARD,2,27
97.563,HAM,2023,32,Bahrain,HARD,3,2
99.633,SAI,2023,31,Singapore,HARD,2,11
86.006,PER,2023,49,Monza,HARD,2,28
94.65,OCO,2022,25,Silverstone,HARD,3,3
96.541,STR,2024,50,Bahrain,HARD,3,23
102.282,BOT,2023,38,Singapore,HARD,1,38
102.407,GAS,2023,24,Singapore,HARD,2,4
96.038,PER,2024,19,Bahrain,HARD,2,7
80.372,ZHO,2024,35,Monaco,HARD,2,34
80.207,VER,2024,35,Monaco,MEDIUM,2,34
97.794,NOR,2024,5,Bahrain,SOFT,1,8
98.618,LEC,2023,28,Bahrain,HARD,2,15
96.652,HUL,2024,25,Bahrain,HARD,3,5
94.38,PER,2023,3,Silverstone,MEDIUM,1,3
99.309,HAM,2022,14,Bahrain,HARD,2,4
90.629,LAT,2022,2,Monza,MEDIUM,1,2
91.703,HAM,2023,51,Silverstone,SOFT,2,21
98.4,GAS,2024,27,Bahrain,HARD,2,15
93.927,MAG,2022,42,Saudi Arabia,MEDIUM,2,7
85.507,LEC,2022,26,Monza,MEDIUM,2,14
78.14,GAS,2024,71,Monaco,MEDIUM,2,70
81.259,SAI,2024,10,Monaco,HARD,2,9
79.86,STR,2023,30,Monaco,HARD,1,31
97.355,ALB,2022,50,Bahrain,SOFT,4,7
101.131,TSU,2023,5,Bahrain,SOFT,1,5
78.743,DEV,2023,8,Monaco,MEDIUM,1,8
77.398,HAM,2024,49,Monaco,MEDIUM,2,48
76.719,ALO,2023,42,Monaco,HARD,1,43
86.361,ZHO,2022,41,Monza,HARD,2,23
81.358,RIC,2024,37,Monaco,HARD,2,37
83.933,DEV,2023,40,Australia,MEDIUM,2,32
93.625,HAM,2023,37,Saudi Arabia,MEDIUM,2,19
98.407,ALO,2023,21,Bahrain,HARD,2,7
132.959,SAI,2022,47,Bahrain,SOFT,4,6
89.212,MAG,2022,4,Monza,MEDIUM,1,4
97.59,TSU,2023,52,Bahrain,SOFT,4,15
97.759,ALO,2022,7,Saudi Arabia,MEDIUM,1,7
85.901,VER,2023,40,Monza,HARD,2,20
78.465,TSU,2023,27,Monaco,MEDIUM,1,27
103.749,TSU,2023,10,Bahrain,SOFT,1,10
94.239,VER,2024,47,Bahrain,SOFT,3,10
87.746,PIA,2023,20,Monza,MEDIUM,1,20
94.827,PIA,2023,38,Saudi Arabia,HARD,2,37
94.462,MAG,2022,31,Saudi Arabia,HARD,1,33
94.515,LEC,2023,67,Monaco,INTERMEDIATE,3,12
79.233,NOR,2024,33,Monaco,HARD,2,33
95.376,PIA,2024,47,Bahrain,HARD,3,13
76.218,SAI,2024,69,Monaco,HARD,2,68
98.668,GAS,2022,21,Saudi Arabia,HARD,2,6
77.83,VET,2022,59,Monaco,HARD,4,37
87.595,DEV,2023,73,Monaco,INTERMEDIATE,2,20
77.614,NOR,2024,61,Monaco,HARD,2,61
78.358,VER,2024,43,Monaco,MEDIUM,2,42
92.435,HAM,2022,22,Silverstone,MEDIUM,2,21
99.696,HAM,2024,33,Bahrain,HARD,2,21
83.86,NOR,2022,56,Australia,HARD,2,36
96.334,ALO,2023,42,Bahrain,HARD,3,8
85.084,OCO,2022,33,Monaco,MEDIUM,3,3
76.803,VER,2023,21,Monaco,MEDIUM,1,21
101.584,PIA,2023,10,Bahrain,SOFT,1,10
86.722,HAM,2022,21,Monza,MEDIUM,1,21
81.284,ALO,2023,42,Australia,HARD,2,34
78.397,VET,2022,49,Monaco,HARD,4,27
95.973,HAM,2023,6,Saudi Arabia,HARD,1,6
136.691,TSU,2022,5,Australia,MEDIUM,1,5
94.751,RUS,2023,67,Monaco,INTERMEDIATE,2,13
93.547,PER,2022,27,Saudi Arabia,HARD,2,12
81.563,ZHO,2024,11,Monaco,HARD,2,10
77.831,STR,2022,55,Monaco,None,5,32
97.589,BOT,2022,51,Bahrain,SOFT,4,8
97.002,TSU,2023,46,Saudi Arabia,HARD,2,29
99.569,HUL,2024,41,Bahrain,HARD,3,21
98.364,STR,2024,4,Bahrain,SOFT,1,4
79.479,DEV,2023,14,Monaco,MEDIUM,1,14
84.893,STR,2022,36,Australia,HARD,4,17
142.522,ZHO,2022,26,Australia,HARD,2,5
87.656,STR,2023,6,Monza,MEDIUM,1,6
99.758,HAM,2022,8,Bahrain,SOFT,1,10
83.369,ALB,2024,5,Monaco,HARD,2,4
92.603,VER,2023,17,Silverstone,MEDIUM,1,17
100.312,HAM,2023,9,Singapore,MEDIUM,1,9
101.622,LEC,2023,14,Singapore,SOFT,1,17
95.471,STR,2023,5,Saudi Arabia,MEDIUM,1,5
79.329,ALB,2024,41,Monaco,HARD,2,40
83.539,HUL,2023,6,Australia,MEDIUM,1,6
78.587,GAS,2023,20,Monaco,HARD,1,20
102.633,SAI,2023,61,Monaco,INTERMEDIATE,3,6
82.082,HAM,2022,45,Australia,HARD,2,23
95.005,PIA,2024,40,Bahrain,HARD,3,6
98.968,BOT,2024,8,Bahrain,SOFT,1,8
98.103,ALO,2024,8,Bahrain,SOFT,1,11
85.933,PER,2022,37,Monza,HARD,2,30
98.179,ALO,2023,54,Singapore,SOFT,3,12
97.671,TSU,2024,23,Bahrain,HARD,2,9
97.85,BOT,2023,49,Bahrain,HARD,3,20
79.171,SAI,2024,42,Monaco,HARD,2,41
97.176,MSC,2022,38,Bahrain,SOFT,3,5
78.951,TSU,2023,8,Monaco,MEDIUM,1,8
97.5,ZHO,2024,15,Bahrain,HARD,2,6
79.273,OCO,2022,45,Monaco,MEDIUM,3,15
86.143,LAW,2023,43,Monza,MEDIUM,3,13
94.498,SAI,2023,30,Saudi Arabia,HARD,2,15
81.616,GAS,2023,51,Australia,HARD,2,43
81.288,DEV,2023,49,Australia,SOFT,3,4
98.82,OCO,2022,17,Bahrain,MEDIUM,2,3
80.45,TSU,2024,23,Monaco,HARD,2,23
100.853,ZHO,2023,4,Bahrain,SOFT,1,4
81.819,ZHO,2023,48,Australia,HARD,3,47
95.596,RUS,2023,4,Saudi Arabia,MEDIUM,1,4
81.529,ZHO,2024,13,Monaco,HARD,2,12
95.908,GAS,2024,55,Bahrain,SOFT,4,12
113.544,DEV,2023,40,Bahrain,HARD,3,13
81.612,HAM,2024,8,Monaco,MEDIUM,2,7
78.927,STR,2023,23,Monaco,HARD,1,24
96.835,VER,2023,52,Singapore,MEDIUM,2,12
77.071,RUS,2024,56,Monaco,MEDIUM,2,55
91.9,LEC,2023,45,Silverstone,MEDIUM,3,13
78.018,LEC,2023,13,Monaco,HARD,1,13
78.624,PER,2023,24,Monaco,HARD,2,23
78.788,GAS,2023,9,Monaco,HARD,1,9
89.076,SAR,2023,76,Monaco,INTERMEDIATE,4,24
78.846,ZHO,2023,36,Monaco,HARD,2,35
97.878,ALO,2023,24,Bahrain,HARD,2,10
78.418,STR,2023,49,Monaco,HARD,1,50
98.371,LEC,2022,26,Bahrain,SOFT,2,14
98.127,STR,2023,18,Bahrain,HARD,2,3
98.633,RUS,2022,21,Bahrain,HARD,2,7
83.476,MAG,2023,30,Australia,HARD,3,23
87.669,ZHO,2022,36,Monza,HARD,2,18
97.675,BOT,2023,32,Bahrain,HARD,3,3
94.148,LEC,2022,23,Australia,HARD,2,1
78.659,STR,2023,9,Monaco,HARD,1,10
82.221,HUL,2023,27,Australia,HARD,2,19
101.004,HUL,2023,4,Bahrain,SOFT,1,7
78.099,OCO,2022,59,Monaco,MEDIUM,3,29
101.032,ALB,2022,25,Bahrain,MEDIUM,2,12
84.267,LAT,2022,50,Australia,HARD,3,27
99.62,SAR,2023,28,Bahrain,SOFT,2,16
92.36,SAI,2022,17,Monaco,WET,1,17
94.571,ALO,2024,49,Bahrain,HARD,3,8
84.331,BOT,2023,6,Australia,HARD,2,5
98.739,PER,2023,14,Bahrain,SOFT,1,17
127.5,DEV,2023,2,Australia,HARD,1,2
78.824,NOR,2024,40,Monaco,HARD,2,40
77.974,ALO,2023,37,Monaco,HARD,1,38
94.312,OCO,2023,50,Saudi Arabia,HARD,2,34
98.806,SAR,2023,54,Monaco,INTERMEDIATE,4,2
103.14,OCO,2022,5,Monaco,WET,1,5
85.307,TSU,2022,53,Australia,HARD,2,35
95.698,MAG,2024,35,Bahrain,HARD,3,3
78.774,OCO,2022,46,Monaco,MEDIUM,3,16
97.497,BOT,2022,40,Bahrain,MEDIUM,3,4
81.716,ALO,2023,38,Australia,HARD,2,30
131.371,BOT,2023,38,Silverstone,SOFT,2,6
97.613,SAR,2023,32,Bahrain,HARD,3,2
78.059,OCO,2022,53,Monaco,MEDIUM,3,23
110.293,GAS,2023,1,Australia,SOFT,1,1
79.869,SAR,2024,65,Monaco,MEDIUM,3,8
85.994,VER,2023,43,Monza,HARD,2,23
123.697,HAM,2022,12,Bahrain,HARD,2,2
84.785,PIA,2023,77,Monaco,INTERMEDIATE,2,23
87.563,HUL,2023,10,Monza,MEDIUM,1,13
87.335,HAM,2022,6,Monza,MEDIUM,1,6
98.861,PER,2022,5,Bahrain,SOFT,1,8
78.859,TSU,2023,9,Monaco,MEDIUM,1,9
97.01,ALO,2023,53,Bahrain,HARD,3,19
81.823,GAS,2023,39,Australia,HARD,2,31
97.462,SAR,2023,45,Bahrain,SOFT,4,5
97.839,MAG,2022,12,Monaco,WET,1,12
86.375,RUS,2023,49,Monza,HARD,2,33
81.844,DEV,2023,47,Australia,SOFT,3,2
96.654,ZHO,2024,48,Bahrain,HARD,3,20
98.541,LEC,2023,25,Bahrain,HARD,2,12
103.147,PER,2023,6,Singapore,HARD,1,6
129.502,ALO,2023,3,Australia,MEDIUM,1,4
96.552,OCO,2024,39,Bahrain,HARD,3,9
97.016,SAR,2024,39,Bahrain,HARD,3,11
95.49,RIC,2024,44,Bahrain,SOFT,3,9
96.007,ALB,2023,25,Saudi Arabia,HARD,2,8
95.228,GAS,2024,50,Bahrain,SOFT,4,7
98.494,OCO,2024,25,Bahrain,HARD,2,15
100.783,NOR,2023,9,Bahrain,SOFT,1,9
81.544,ALO,2024,28,Monaco,MEDIUM,2,28
86.435,DEV,2023,75,Monaco,INTERMEDIATE,2,22
76.489,LEC,2022,49,Monaco,HARD,4,28
95.681,RUS,2022,13,Saudi Arabia,MEDIUM,1,13
111.485,OCO,2022,39,Australia,HARD,2,22
98.484,TSU,2022,34,Bahrain,SOFT,3,5
87.389,SAR,2023,4,Monza,MEDIUM,1,7
105.46,DEV,2023,11,Bahrain,SOFT,1,11
90.367,ALO,2022,56,Australia,MEDIUM,3,3
79.589,ALB,2023,32,Monaco,HARD,2,14
102.01,HUL,2023,39,Singapore,HARD,2,19
95.185,GAS,2022,17,Monaco,INTERMEDIATE,2,16
86.898,ALB,2023,25,Monza,HARD,2,13
95.48,LEC,2024,53,Bahrain,HARD,3,19
101.679,ALO,2024,1,Bahrain,SOFT,1,4
100.5,PER,2023,27,Singapore,HARD,1,27
115.002,ZHO,2023,32,Silverstone,HARD,2,8
100.236,HUL,2022,37,Saudi Arabia,HARD,1,38
106.608,ALO,2022,3,Monaco,WET,1,3
100.677,GAS,2023,8,Singapore,MEDIUM,1,8
80.358,RIC,2024,74,Monaco,HARD,2,74
81.669,PIA,2023,47,Australia,HARD,2,39
119.703,PIA,2024,35,Bahrain,HARD,3,1
83.199,HAM,2022,32,Australia,HARD,2,10
78.311,HAM,2023,21,Monaco,MEDIUM,1,21
87.044,SAI,2023,51,Monza,HARD,2,32
87.17,SAR,2023,5,Monza,MEDIUM,1,8
77.668,GAS,2023,36,Monaco,HARD,1,36
96.935,ZHO,2023,53,Monaco,INTERMEDIATE,3,1
99.952,TSU,2022,28,Bahrain,MEDIUM,2,13
101.501,NOR,2023,17,Bahrain,HARD,2,7
107.962,ZHO,2023,34,Monza,MEDIUM,3,1
93.965,TSU,2022,42,Silverstone,SOFT,4,4
83.686,GAS,2022,41,Australia,HARD,2,20
97.878,ALO,2023,24,Bahrain,HARD,2,10
101.321,PER,2023,38,Singapore,HARD,1,38
99.407,MAG,2023,69,Monaco,WET,2,13
82.314,PIA,2024,4,Monaco,HARD,2,4
106.282,NOR,2023,23,Monza,HARD,2,5
111.27,PIA,2023,17,Saudi Arabia,HARD,2,16
94.198,STR,2023,11,Silverstone,MEDIUM,1,12
97.902,SAR,2023,34,Bahrain,HARD,3,4
86.176,RUS,2023,3,Monza,MEDIUM,1,3
119.445,ALB,2023,12,Bahrain,SOFT,2,1
81.504,LEC,2022,51,Australia,HARD,2,29
96.153,ZHO,2023,30,Saudi Arabia,MEDIUM,3,12
98.955,MAG,2023,53,Monaco,HARD,1,53
103.627,BOT,2023,55,Monaco,INTERMEDIATE,2,4
2458.744,PIA,2024,1,Monaco,MEDIUM,1,2
103.792,SAR,2023,1,Silverstone,MEDIUM,1,1
97.767,RUS,2023,57,Bahrain,HARD,3,26
79.898,VER,2024,17,Monaco,MEDIUM,2,16
97.779,TSU,2023,29,Bahrain,HARD,3,3
110.776,MAG,2023,54,Monaco,HARD,1,54
92.085,SAR,2023,50,Silverstone,SOFT,2,21
85.41,VER,2023,32,Monza,HARD,2,12
95.458,ZHO,2024,30,Bahrain,HARD,3,2
99.413,SAI,2023,1,Saudi Arabia,MEDIUM,1,1
97.839,HAM,2024,7,Bahrain,SOFT,1,10
99.33,ZHO,2023,14,Bahrain,HARD,2,2
98.104,ALB,2023,31,Bahrain,HARD,3,5
75.396,VER,2024,75,Monaco,HARD,3,24
117.918,SAR,2023,52,Monaco,SOFT,3,29
100.236,LEC,2023,19,Singapore,SOFT,1,22
92.734,NOR,2023,27,Silverstone,MEDIUM,1,27
81.054,GAS,2024,16,Monaco,MEDIUM,2,15
88.261,OCO,2023,18,Monza,MEDIUM,1,18
86.242,MSC,2022,46,Monza,SOFT,2,13
88.338,VET,2022,3,Monza,MEDIUM,1,4
88.732,MSC,2022,12,Australia,MEDIUM,1,14
78.213,GAS,2023,22,Monaco,HARD,1,22
95.92,SAR,2023,42,Saudi Arabia,MEDIUM,2,24
93.47,LEC,2022,46,Saudi Arabia,HARD,2,30
101.128,HUL,2023,36,Singapore,HARD,2,16
94.13,ZHO,2023,13,Silverstone,MEDIUM,1,13
100.562,OCO,2023,8,Bahrain,SOFT,1,11
77.643,HAM,2023,25,Monaco,MEDIUM,1,25
91.999,ALO,2023,50,Silverstone,SOFT,2,20
82.064,PER,2023,25,Australia,HARD,4,18
78.634,MAG,2023,39,Monaco,HARD,1,39
97.044,LEC,2022,41,Bahrain,MEDIUM,3,10
78.816,ALO,2024,62,Monaco,MEDIUM,2,62
91.912,SAI,2023,19,Monza,MEDIUM,1,19
96.117,LEC,2023,7,Saudi Arabia,SOFT,1,7
80.646,SAR,2024,16,Monaco,HARD,2,16
93.168,GAS,2023,22,Silverstone,MEDIUM,1,22
95.552,MAG,2023,13,Saudi Arabia,HARD,2,5
77.172,RIC,2024,46,Monaco,HARD,2,46
96.223,NOR,2024,55,Bahrain,HARD,3,22
86.13,PER,2022,27,Monza,HARD,2,20
96.259,BOT,2023,15,Saudi Arabia,HARD,2,6
77.875,SAR,2023,27,Monaco,SOFT,3,4
81.155,RUS,2023,2,Monaco,HARD,1,2
98.924,DEV,2023,13,Bahrain,HARD,2,2
82.289,SAR,2024,54,Monaco,HARD,2,54
78.498,MAG,2023,38,Monaco,HARD,1,38
144.007,GAS,2023,36,Silverstone,SOFT,2,8
95.619,TSU,2022,16,Monaco,INTERMEDIATE,2,10
97.604,SAI,2023,50,Bahrain,HARD,3,19
80.336,ALO,2024,74,Monaco,MEDIUM,2,74
78.192,NOR,2023,35,Monaco,MEDIUM,1,35
98.205,STR,2022,49,Saudi Arabia,HARD,2,37
98.419,TSU,2023,39,Bahrain,HARD,3,13
83.49,OCO,2023,14,Australia,HARD,3,13
80.512,ZHO,2022,40,Monaco,MEDIUM,3,11
136.76,HAM,2023,18,Saudi Arabia,HARD,1,18
100.346,ALO,2023,19,Singapore,MEDIUM,1,19
97.749,MAG,2024,16,Bahrain,HARD,2,5
82.074,LEC,2022,54,Australia,HARD,2,32
93.798,RIC,2022,50,Silverstone,SOFT,5,12
103.549,PIA,2023,23,Singapore,HARD,2,3
97.844,SAI,2023,46,Bahrain,HARD,3,15
81.033,SAI,2023,47,Australia,HARD,3,40
93.083,RUS,2023,43,Saudi Arabia,HARD,2,25
95.283,RUS,2023,12,Saudi Arabia,MEDIUM,1,12
92.858,VER,2022,51,Silverstone,SOFT,5,12
91.828,ALO,2023,47,Silverstone,SOFT,2,17
77.175,SAI,2023,39,Monaco,MEDIUM,2,6
77.474,RUS,2023,32,Monaco,HARD,1,32
79.869,SAR,2024,65,Monaco,MEDIUM,3,8
77.879,TSU,2023,45,Monaco,MEDIUM,1,45
94.357,MAG,2023,37,Saudi Arabia,HARD,2,29
106.855,SAR,2023,1,Bahrain,SOFT,1,1
100.969,ALB,2023,9,Bahrain,SOFT,1,9
87.128,MAG,2023,21,Monza,MEDIUM,2,9
78.726,GAS,2024,66,Monaco,MEDIUM,2,65
97.07,RIC,2024,15,Bahrain,HARD,2,2
102.554,OCO,2023,57,Monaco,INTERMEDIATE,3,3
95.887,SAI,2022,11,Monaco,WET,1,11
97.68,VER,2023,2,Saudi Arabia,MEDIUM,1,2
100.299,PIA,2023,40,Singapore,HARD,2,20
84.953,PIA,2024,3,Monaco,HARD,2,3
97.217,BOT,2022,55,Bahrain,SOFT,4,12
129.967,ZHO,2023,1,Australia,SOFT,1,1
95.906,PER,2023,2,Saudi Arabia,MEDIUM,1,2
83.934,TSU,2023,34,Australia,HARD,2,26
132.742,LEC,2022,53,Monza,SOFT,4,8
75.436,VER,2024,73,Monaco,HARD,3,22
96.691,HUL,2024,30,Bahrain,HARD,3,10
92.988,VET,2022,49,Silverstone,MEDIUM,4,12
100.627,GAS,2023,14,Singapore,MEDIUM,1,14
81.61,NOR,2023,2,Monaco,MEDIUM,1,2
97.493,ALB,2024,51,Bahrain,HARD,3,15
98.413,SAR,2023,14,Bahrain,SOFT,2,2
96.186,GAS,2023,45,Bahrain,SOFT,4,5
79.611,PER,2023,28,Monaco,HARD,2,27
97.852,ZHO,2024,22,Bahrain,HARD,2,13
92.062,HAM,2022,44,Silverstone,SOFT,4,5
91.571,PER,2023,45,Silverstone,SOFT,2,17
79.602,ZHO,2023,11,Monaco,HARD,2,10
83.25,ZHO,2023,29,Australia,HARD,3,28
97.622,STR,2022,52,Bahrain,SOFT,4,7
93.486,VER,2022,10,Silverstone,MEDIUM,2,9
102.172,GAS,2023,1,Saudi Arabia,MEDIUM,1,1
97.552,ZHO,2024,18,Bahrain,HARD,2,9
79.963,STR,2024,55,Monaco,SOFT,4,7
94.233,NOR,2022,34,Saudi Arabia,HARD,2,18
100.315,LAW,2023,41,Singapore,HARD,2,21
100.656,ZHO,2022,8,Monaco,WET,1,8
98.282,ALO,2023,30,Bahrain,HARD,2,16
143.218,LEC,2022,52,Monza,SOFT,4,7
78.296,STR,2024,46,Monaco,HARD,3,6
94.165,DEV,2023,12,Silverstone,SOFT,1,12
96.238,SAI,2023,66,Monaco,INTERMEDIATE,3,11
97.115,NOR,2022,15,Saudi Arabia,MEDIUM,1,15
86.432,ALB,2023,32,Monza,HARD,2,20
97.844,LEC,2024,9,Bahrain,SOFT,1,12
91.933,HAM,2022,47,Silverstone,SOFT,4,8
97.303,ALO,2022,54,Bahrain,SOFT,4,12
105.721,ALB,2023,55,Monaco,INTERMEDIATE,3,3
86.423,SAI,2023,5,Monza,MEDIUM,1,5
94.924,VER,2022,36,Silverstone,HARD,4,13
100.446,ZHO,2023,54,Monaco,INTERMEDIATE,3,2
107.264,SAR,2023,1,Saudi Arabia,HARD,1,1
81.911,PER,2022,55,Australia,HARD,2,35
75.659,VER,2024,71,Monaco,HARD,3,20
98.773,PIA,2023,53,Singapore,HARD,2,33
99.462,ZHO,2023,23,Bahrain,HARD,2,11
143.569,VER,2022,40,Silverstone,SOFT,5,1
78.947,SAR,2023,8,Monaco,MEDIUM,1,8
86.302,RUS,2022,15,Monza,SOFT,1,15
97.4,PER,2023,30,Bahrain,SOFT,2,15
87.727,RIC,2022,14,Monza,MEDIUM,1,14
87.381,NOR,2022,6,Monza,MEDIUM,1,6
95.89,RUS,2023,9,Saudi Arabia,MEDIUM,1,9
95.289,RIC,2022,17,Silverstone,MEDIUM,2,17
97.392,RIC,2024,21,Bahrain,HARD,2,8
84.229,DEV,2023,24,Australia,MEDIUM,2,16
94.251,ALO,2022,17,Silverstone,MEDIUM,2,16
95.9,PIA,2023,9,Saudi Arabia,HARD,2,8
77.451,OCO,2023,25,Monaco,MEDIUM,1,25
86.898,OCO,2022,27,Monza,HARD,2,8
80.736,ZHO,2024,34,Monaco,HARD,2,33
94.609,OCO,2023,26,Saudi Arabia,HARD,2,10
77.202,BOT,2024,52,Monaco,HARD,3,38
133.363,GAS,2022,31,Monaco,HARD,4,9
96.561,ZHO,2024,47,Bahrain,HARD,3,19
76.734,PIA,2024,77,Monaco,HARD,2,77
123.699,VER,2022,40,Saudi Arabia,HARD,2,24
75.836,HAM,2024,68,Monaco,HARD,3,18
99.166,HAM,2023,2,Bahrain,SOFT,1,5
99.092,VER,2022,8,Bahrain,SOFT,1,11
77.816,OCO,2022,52,Monaco,MEDIUM,3,22
80.869,ZHO,2024,26,Monaco,HARD,2,25
76.529,HAM,2023,43,Monaco,HARD,2,12
86.098,LAW,2023,48,Monza,MEDIUM,3,18
88.014,STR,2022,10,Monza,MEDIUM,1,11
100.894,ZHO,2023,39,Singapore,MEDIUM,3,19
93.915,OCO,2023,41,Saudi Arabia,HARD,2,25
87.451,DEV,2022,13,Monza,SOFT,1,13
94.022,HUL,2023,12,Silverstone,MEDIUM,2,5
102.651,HUL,2022,28,Bahrain,SOFT,2,9
96.211,PER,2024,24,Bahrain,HARD,2,12
88.625,MAG,2022,21,Monza,MEDIUM,1,21
94.569,LEC,2022,8,Saudi Arabia,MEDIUM,1,8
101.01,TSU,2023,9,Bahrain,SOFT,1,9
78.477,VER,2024,49,Monaco,MEDIUM,2,48
99.996,LEC,2023,43,Singapore,HARD,2,23
81.248,PIA,2023,49,Monaco,HARD,1,49
83.882,LAT,2022,49,Australia,HARD,3,26
98.993,MAG,2022,2,Bahrain,SOFT,1,2
97.433,MSC,2022,39,Bahrain,SOFT,3,6
77.169,OCO,2023,39,Monaco,HARD,2,7
98.582,ZHO,2024,3,Bahrain,SOFT,1,3
85.194,GAS,2022,18,Australia,MEDIUM,1,18
86.162,MSC,2022,28,Australia,HARD,2,14
95.772,RUS,2024,35,Bahrain,HARD,3,4
88.128,GAS,2023,73,Monaco,INTERMEDIATE,3,19
99.968,GAS,2022,3,Bahrain,SOFT,1,6
95.069,SAR,2023,34,Saudi Arabia,MEDIUM,2,16
91.178,VER,2023,54,Australia,HARD,2,46
84.186,SAR,2023,15,Australia,MEDIUM,4,7
79.359,PIA,2023,24,Monaco,HARD,1,24
77.577,GAS,2023,24,Monaco,HARD,1,24
102.303,ALB,2022,5,Bahrain,SOFT,1,5
93.358,SAI,2023,44,Saudi Arabia,HARD,2,29
83.261,GAS,2022,51,Australia,HARD,2,30
81.694,ALO,2023,40,Australia,HARD,2,32
98.039,HUL,2022,21,Saudi Arabia,HARD,1,22
102.32,SAI,2023,56,Monaco,INTERMEDIATE,3,1
118.689,HUL,2023,40,Bahrain,HARD,3,14
77.334,HAM,2023,28,Monaco,MEDIUM,1,28
90.141,RIC,2022,40,Australia,HARD,2,19
99.513,GAS,2022,26,Bahrain,MEDIUM,2,12
95.687,VER,2023,7,Saudi Arabia,MEDIUM,1,7
92.416,STR,2022,51,Silverstone,MEDIUM,4,14
88.309,GAS,2022,14,Monza,MEDIUM,1,14
91.692,LEC,2022,36,Silverstone,HARD,3,11
99.742,MAG,2023,47,Singapore,SOFT,3,7
84.159,LEC,2022,24,Monaco,HARD,3,3
98.312,NOR,2022,5,Saudi Arabia,MEDIUM,1,5
117.798,ZHO,2022,48,Monza,HARD,2,30
96.771,ZHO,2024,43,Bahrain,HARD,3,15
81.354,PIA,2024,6,Monaco,HARD,2,6
95.013,HUL,2023,35,Saudi Arabia,HARD,2,24
97.475,TSU,2022,52,Bahrain,SOFT,4,11
96.223,NOR,2024,55,Bahrain,HARD,3,22
84.349,DEV,2023,22,Australia,MEDIUM,2,14
92.169,SAI,2022,37,Silverstone,HARD,3,17
96.622,ALB,2023,15,Saudi Arabia,MEDIUM,1,15
87.886,NOR,2023,47,Monza,HARD,2,29
100.205,SAI,2022,5,Monaco,WET,1,5
177.794,RIC,2022,1,Monaco,WET,1,1
142.602,NOR,2022,31,Monaco,HARD,4,9
79.328,DEV,2023,34,Monaco,MEDIUM,1,34
102.572,LAT,2022,29,Bahrain,SOFT,2,15
94.277,PER,2023,7,Saudi Arabia,MEDIUM,1,7
97.779,TSU,2023,29,Bahrain,HARD,3,3
106.323,NOR,2023,1,Saudi Arabia,SOFT,1,1
94.668,OCO,2023,32,Monaco,MEDIUM,1,32
77.223,RUS,2023,49,Monaco,HARD,1,49
80.203,STR,2023,15,Monaco,HARD,1,16
83.808,TSU,2022,57,Australia,HARD,2,39
81.715,BOT,2024,9,Monaco,MEDIUM,2,8
105.46,DEV,2023,11,Bahrain,SOFT,1,11
98.541,RUS,2023,30,Bahrain,HARD,2,17
92.581,PIA,2023,4,Silverstone,MEDIUM,1,4
98.933,SAR,2023,54,Singapore,MEDIUM,3,11
105.199,HAM,2023,59,Monaco,INTERMEDIATE,3,5
94.151,VER,2024,43,Bahrain,SOFT,3,6
82.299,TSU,2023,46,Australia,HARD,2,38
104.385,DEV,2023,59,Monaco,INTERMEDIATE,2,6
75.468,VER,2024,65,Monaco,HARD,3,14
78.765,PIA,2023,18,Monaco,HARD,1,18
80.75,BOT,2024,23,Monaco,HARD,3,9
96.571,GAS,2023,7,Australia,SOFT,1,7
82.832,BOT,2024,7,Monaco,MEDIUM,2,6
77.836,OCO,2023,50,Monaco,HARD,2,18
101.077,PER,2023,18,Singapore,HARD,1,18
75.463,VER,2024,69,Monaco,HARD,3,18
129.355,ALB,2023,3,Australia,MEDIUM,1,3
93.175,ALO,2023,37,Saudi Arabia,HARD,2,20
96.235,TSU,2022,14,Silverstone,SOFT,2,13
84.51,LEC,2022,37,Monza,SOFT,3,4
97.216,OCO,2023,38,Bahrain,HARD,4,6
77.122,VER,2023,38,Monaco,MEDIUM,1,38
77.259,ALO,2023,31,Monaco,HARD,1,32
97.274,STR,2023,38,Bahrain,HARD,3,8
86.209,ALO,2022,17,Australia,HARD,1,17
100.248,OCO,2022,3,Bahrain,SOFT,1,3
84.676,SAR,2023,16,Australia,MEDIUM,4,8
98.832,GAS,2024,30,Bahrain,HARD,2,18
94.65,GAS,2023,28,Saudi Arabia,HARD,2,14
101.064,RUS,2022,23,Australia,MEDIUM,1,23
96.479,HAM,2023,51,Singapore,MEDIUM,3,7
83.286,ALB,2024,4,Monaco,HARD,2,3
100.596,ZHO,2023,3,Bahrain,SOFT,1,3
99.193,RIC,2024,7,Bahrain,SOFT,1,10
79.594,VER,2024,34,Monaco,MEDIUM,2,33
94.88,NOR,2024,39,Bahrain,HARD,3,6
85.153,RUS,2022,14,Australia,MEDIUM,1,14
83.416,ALB,2024,6,Monaco,HARD,2,5
92.702,VER,2022,15,Monaco,WET,1,15
127.15,PIA,2023,2,Australia,MEDIUM,1,2
97.66,SAI,2023,53,Bahrain,HARD,3,22
76.859,PER,2023,47,Monaco,MEDIUM,3,14
77.75,TSU,2023,35,Monaco,MEDIUM,1,35
98.367,HAM,2023,24,Bahrain,HARD,2,12
97.067,TSU,2024,51,Bahrain,HARD,3,17
94.281,MAG,2023,19,Silverstone,MEDIUM,1,19
83.992,DEV,2023,33,Australia,MEDIUM,2,25
84.95,ALO,2022,50,Australia,MEDIUM,2,11
102.148,LAW,2023,35,Singapore,HARD,2,15
95.184,HAM,2024,45,Bahrain,HARD,3,12
95.631,OCO,2022,7,Silverstone,SOFT,2,6
82.07,PER,2023,27,Australia,HARD,4,20
98.389,ZHO,2024,54,Bahrain,HARD,3,26
99.405,PER,2023,63,Monaco,WET,5,6
93.248,LEC,2023,16,Silverstone,MEDIUM,1,16
94.859,LEC,2024,40,Bahrain,HARD,3,6
82.019,PIA,2024,5,Monaco,HARD,2,5
78.531,RUS,2023,15,Monaco,HARD,1,15
124.102,ZHO,2023,33,Silverstone,HARD,2,9
91.763,LEC,2023,51,Silverstone,MEDIUM,3,19
93.048,LEC,2023,11,Silverstone,MEDIUM,1,11
96.194,TSU,2022,12,Silverstone,SOFT,2,11
97.854,RUS,2023,1,Australia,MEDIUM,1,1
82.121,HAM,2023,17,Australia,HARD,2,9
98.164,TSU,2024,28,Bahrain,HARD,2,14
78.12,GAS,2024,75,Monaco,MEDIUM,2,74
97.706,TSU,2023,51,Bahrain,SOFT,4,14
101.323,LEC,2023,33,Bahrain,HARD,2,20
77.937,PER,2023,8,Monaco,HARD,2,7
84.497,MSC,2022,38,Australia,HARD,2,24
100.13,NOR,2023,9,Singapore,MEDIUM,1,9
78.941,DEV,2023,32,Monaco,MEDIUM,1,32
95.261,NOR,2023,35,Saudi Arabia,MEDIUM,3,16
98.829,DEV,2023,14,Bahrain,HARD,2,3
86.739,MAG,2023,48,Monza,MEDIUM,3,15
92.133,LEC,2022,16,Monaco,WET,1,16
76.701,SAI,2024,77,Monaco,HARD,2,76
86.949,DEV,2022,45,Monza,MEDIUM,2,26
84.561,PER,2022,14,Australia,MEDIUM,1,14
96.851,ALO,2023,1,Saudi Arabia,MEDIUM,1,1
105.31,RUS,2023,20,Monza,HARD,2,4
92.291,TSU,2023,47,Silverstone,SOFT,3,15
80.554,GAS,2024,22,Monaco,MEDIUM,2,21
80.903,BOT,2024,34,Monaco,HARD,3,20
80.87,RIC,2024,40,Monaco,HARD,2,40
74.693,NOR,2022,55,Monaco,MEDIUM,5,4
80.022,BOT,2023,5,Monaco,HARD,1,5
98.921,DEV,2023,47,Bahrain,HARD,3,20
84.159,HAM,2022,21,Australia,MEDIUM,1,21
98.587,MAG,2023,39,Bahrain,SOFT,3,10
83.771,MAG,2022,51,Australia,MEDIUM,2,14
85.704,PER,2023,74,Monaco,INTERMEDIATE,6,4
103.492,LAT,2022,12,Bahrain,SOFT,1,12
99.298,MAG,2023,27,Bahrain,HARD,2,12
78.22,OCO,2023,18,Monaco,MEDIUM,1,18
87.117,SAI,2023,1,Monza,MEDIUM,1,1
92.92,SAI,2023,48,Saudi Arabia,HARD,2,33
94.194,MAG,2022,36,Saudi Arabia,HARD,1,38
93.835,VER,2023,49,Saudi Arabia,HARD,2,31
77.259,VER,2023,27,Monaco,MEDIUM,1,27
102.279,NOR,2022,2,Bahrain,MEDIUM,1,2
93.489,OCO,2022,45,Saudi Arabia,HARD,2,29
86.598,ZHO,2022,21,Monza,HARD,2,3
138.144,HAM,2022,31,Monaco,MEDIUM,4,1
77.85,ALB,2024,75,Monaco,HARD,2,74
118.814,ALO,2024,16,Bahrain,HARD,2,1
77.111,RUS,2023,36,Monaco,HARD,1,36
85.963,ALO,2022,13,Australia,HARD,1,13
105.222,VER,2023,1,Saudi Arabia,MEDIUM,1,1
93.101,NOR,2023,8,Silverstone,MEDIUM,1,8
90.012,RUS,2023,72,Monaco,INTERMEDIATE,2,18
97.436,ZHO,2024,13,Bahrain,HARD,2,4
79.398,NOR,2024,18,Monaco,HARD,2,18
93.863,ALO,2022,32,Silverstone,MEDIUM,2,31
77.771,ZHO,2023,25,Monaco,HARD,2,24
92.417,NOR,2023,67,Monaco,INTERMEDIATE,3,13
97.22,NOR,2022,8,Saudi Arabia,MEDIUM,1,8
93.452,PER,2023,13,Silverstone,MEDIUM,1,13
91.134,STR,2023,43,Monza,HARD,2,27
84.167,OCO,2022,38,Australia,HARD,2,21
95.228,HAM,2023,16,Saudi Arabia,HARD,1,16
92.742,PER,2023,27,Silverstone,MEDIUM,1,27
81.823,GAS,2023,39,Australia,HARD,2,31
87.783,STR,2022,8,Monza,MEDIUM,1,9
94.581,SAR,2023,7,Silverstone,MEDIUM,1,7
97.593,HAM,2022,34,Bahrain,MEDIUM,3,7
75.547,LEC,2024,72,Monaco,HARD,2,71
95.865,RIC,2022,5,Silverstone,MEDIUM,2,5
81.47,BOT,2024,30,Monaco,HARD,3,16
114.148,RIC,2022,9,Saudi Arabia,HARD,2,1
95.808,VER,2022,11,Monaco,WET,1,11
100.616,LAT,2022,5,Monaco,HARD,3,3
97.053,ALB,2023,8,Saudi Arabia,MEDIUM,1,8
101.743,ZHO,2023,10,Bahrain,SOFT,1,10
85.629,MAG,2022,28,Australia,HARD,1,28
94.837,MAG,2022,28,Saudi Arabia,HARD,1,30
136.225,SAR,2023,18,Saudi Arabia,HARD,1,18
99.31,GAS,2022,23,Bahrain,MEDIUM,2,9
99.314,NOR,2023,12,Bahrain,HARD,2,2
81.328,BOT,2024,12,Monaco,MEDIUM,2,11
93.88,NOR,2022,18,Silverstone,MEDIUM,2,18
95.449,STR,2022,31,Saudi Arabia,HARD,2,19
85.459,RUS,2022,2,Australia,MEDIUM,1,2
79.096,DEV,2023,37,Monaco,MEDIUM,1,37
99.961,RUS,2023,34,Singapore,HARD,2,14
94.115,OCO,2022,33,Silverstone,HARD,3,11
79.504,NOR,2023,19,Monaco,MEDIUM,1,19
95.793,MSC,2022,16,Monaco,INTERMEDIATE,2,12
93.354,RUS,2023,12,Silverstone,SOFT,1,15
93.464,MAG,2023,31,Silverstone,MEDIUM,1,31
93.195,LAT,2022,15,Monaco,HARD,3,13
87.005,VET,2022,22,Australia,HARD,1,23
117.66,LEC,2022,16,Bahrain,SOFT,2,4
80.643,PER,2023,47,Australia,HARD,4,40
121.262,GAS,2023,10,Bahrain,HARD,2,1
84.335,ALB,2022,30,Australia,HARD,1,30
91.201,HAM,2022,49,Silverstone,SOFT,4,10
81.991,ALO,2023,33,Australia,HARD,2,25
96.592,MAG,2022,15,Silverstone,MEDIUM,2,16
78.194,OCO,2022,56,Monaco,MEDIUM,3,26
92.606,SAI,2023,45,Silverstone,HARD,2,19
84.131,ALO,2022,32,Australia,HARD,1,32
98.288,SAR,2024,27,Bahrain,HARD,2,17
86.853,PIA,2023,40,Monza,HARD,2,22
98.148,RUS,2022,20,Bahrain,HARD,2,6
98.549,OCO,2024,27,Bahrain,HARD,2,17
97.859,SAR,2024,26,Bahrain,HARD,2,16
78.586,ZHO,2023,35,Monaco,HARD,2,34
83.012,RUS,2024,6,Monaco,MEDIUM,2,5
78.463,TSU,2023,31,Monaco,MEDIUM,1,31
81.995,LEC,2022,37,Australia,HARD,2,15
97.249,DEV,2023,9,Saudi Arabia,MEDIUM,1,9
80.464,MAG,2023,16,Monaco,HARD,1,16
77.76,SAI,2023,44,Monaco,MEDIUM,2,11
98.285,BOT,2024,20,Bahrain,HARD,2,8
93.931,TSU,2023,50,Saudi Arabia,HARD,2,33
98.473,NOR,2023,56,Singapore,HARD,2,36
87.945,HUL,2023,35,Monza,HARD,2,26
96.074,DEV,2023,26,Saudi Arabia,HARD,2,9
96.487,HAM,2022,51,Bahrain,SOFT,4,10
86.887,SAI,2023,13,Monza,MEDIUM,1,13
81.4,HAM,2023,37,Australia,HARD,2,29
78.405,VER,2024,44,Monaco,MEDIUM,2,43
85.398,VER,2023,30,Monza,HARD,2,10
99.714,STR,2023,6,Bahrain,SOFT,1,9
93.653,HAM,2023,38,Saudi Arabia,MEDIUM,2,20
98.823,ALB,2024,13,Bahrain,SOFT,1,13
77.332,RUS,2023,29,Monaco,HARD,1,29
137.786,HUL,2023,36,Silverstone,SOFT,3,4
97.433,SAR,2024,33,Bahrain,HARD,3,5
94.403,VER,2024,49,Bahrain,SOFT,3,12
91.037,NOR,2023,68,Monaco,INTERMEDIATE,3,14
87.196,GAS,2022,26,Monza,HARD,2,9
79.26,TSU,2023,21,Monaco,MEDIUM,1,21
97.902,DEV,2023,32,Bahrain,HARD,3,5
97.26,SAI,2022,43,Bahrain,MEDIUM,3,10
97.112,PER,2023,64,Monaco,WET,5,7
97.457,MAG,2024,55,Bahrain,HARD,3,23
79.445,SAI,2024,19,Monaco,HARD,2,18
81.022,BOT,2024,22,Monaco,HARD,3,8
94.783,LEC,2024,38,Bahrain,HARD,3,4
86.671,RUS,2023,24,Monza,HARD,2,8
98.196,VER,2023,54,Singapore,MEDIUM,2,14
85.671,LEC,2023,37,Monza,HARD,2,17
82.131,HAM,2023,27,Australia,HARD,2,19
80.255,VER,2024,21,Monaco,MEDIUM,2,20
81.438,HUL,2023,42,Australia,HARD,2,34
80.783,BOT,2024,25,Monaco,HARD,3,11
78.088,SAI,2024,26,Monaco,HARD,2,25
82.147,NOR,2024,5,Monaco,HARD,2,5
100.289,LAT,2022,2,Saudi Arabia,MEDIUM,1,2
87.498,RIC,2022,32,Monza,HARD,2,13
98.137,ALB,2023,57,Bahrain,SOFT,4,17
107.254,PIA,2023,1,Saudi Arabia,MEDIUM,1,1
102.633,SAI,2023,61,Monaco,INTERMEDIATE,3,6
80.375,BOT,2024,55,Monaco,HARD,3,41
100.6,PIA,2023,16,Singapore,MEDIUM,1,16
82.623,HAM,2022,57,Australia,HARD,2,35
99.992,NOR,2023,6,Singapore,MEDIUM,1,6
99.187,MAG,2023,8,Saudi Arabia,MEDIUM,1,8
79.025,RUS,2023,9,Monaco,HARD,1,9
100.088,MAG,2023,67,Monaco,WET,2,11
93.908,HAM,2023,12,Silverstone,MEDIUM,1,12
90.037,ZHO,2022,52,Monza,HARD,2,34
101.478,GAS,2023,56,Monaco,INTERMEDIATE,3,2
82.438,SAI,2023,26,Australia,HARD,3,19
77.857,HAM,2024,57,Monaco,HARD,3,7
80.075,ZHO,2024,47,Monaco,HARD,2,46
94.912,VET,2022,13,Silverstone,MEDIUM,3,9
79.179,PIA,2024,19,Monaco,HARD,2,19
97.946,ALO,2024,39,Bahrain,HARD,2,24
99.319,RUS,2023,32,Singapore,HARD,2,12
80.198,PIA,2023,26,Monaco,HARD,1,26
102.516,OCO,2023,1,Silverstone,SOFT,1,1
83.286,ALB,2024,4,Monaco,HARD,2,3
80.816,HAM,2023,47,Australia,HARD,2,39
86.704,OCO,2022,39,Monza,HARD,2,20
97.794,NOR,2024,5,Bahrain,SOFT,1,8
118.039,DEV,2022,48,Monza,MEDIUM,2,29
75.697,HAM,2024,77,Monaco,HARD,3,27
85.389,MAG,2023,11,Australia,HARD,3,4
95.716,RIC,2022,12,Saudi Arabia,HARD,2,4
99.438,RUS,2022,31,Bahrain,HARD,2,17
99.186,HAM,2022,25,Bahrain,HARD,2,15
101.329,RUS,2023,61,Monaco,INTERMEDIATE,2,7
82.598,NOR,2022,47,Australia,HARD,2,27
98.787,ALO,2023,49,Singapore,SOFT,3,7
87.279,BOT,2022,7,Australia,MEDIUM,1,7
101.209,ALB,2023,61,Monaco,INTERMEDIATE,3,9
192.776,ZHO,2022,1,Monaco,WET,1,1
94.844,PER,2024,46,Bahrain,SOFT,3,10
97.011,VER,2024,15,Bahrain,SOFT,1,18
96.243,STR,2024,45,Bahrain,HARD,3,18
97.326,STR,2022,50,Bahrain,SOFT,4,5
86.315,PER,2022,19,Monza,HARD,2,12
97.427,VER,2023,51,Bahrain,HARD,3,15
96.466,MAG,2023,1,Monza,HARD,1,5
77.044,VER,2022,39,Monaco,MEDIUM,4,9
76.659,VER,2023,22,Monaco,MEDIUM,1,22
96.83,ALB,2023,16,Saudi Arabia,MEDIUM,1,16
86.798,MAG,2022,37,Monza,HARD,2,13
104.694,MAG,2023,1,Saudi Arabia,MEDIUM,1,1
98.154,VER,2023,8,Bahrain,SOFT,1,11
80.145,HAM,2022,39,Monaco,MEDIUM,4,9
95.59,HUL,2024,44,Bahrain,SOFT,4,4
98.649,OCO,2023,14,Bahrain,HARD,2,2
99.211,PIA,2024,34,Bahrain,HARD,2,22
98.18,BOT,2024,23,Bahrain,HARD,2,11
98.287,HAM,2024,4,Bahrain,SOFT,1,7
99.069,TSU,2022,20,Bahrain,MEDIUM,2,5
97.41,LAT,2022,4,Silverstone,SOFT,2,3
90.198,LEC,2023,71,Monaco,INTERMEDIATE,3,16
78.363,GAS,2024,69,Monaco,MEDIUM,2,68
80.35,ALO,2024,33,Monaco,MEDIUM,2,33
96.117,LEC,2023,7,Saudi Arabia,SOFT,1,7
79.018,GAS,2022,47,Monaco,HARD,4,25
143.514,SAI,2022,50,Bahrain,SOFT,4,9
98.073,SAR,2023,65,Monaco,INTERMEDIATE,4,13
108.808,VER,2023,40,Singapore,HARD,1,40
127.037,TSU,2023,34,Silverstone,SOFT,3,2
83.796,PIA,2023,24,Australia,HARD,2,16
97.169,PER,2023,22,Bahrain,SOFT,2,7
92.499,DEV,2023,29,Silverstone,MEDIUM,2,2
101.091,ZHO,2023,2,Bahrain,SOFT,1,2
98.195,SAR,2023,23,Monaco,HARD,2,3
96.984,GAS,2022,5,Saudi Arabia,MEDIUM,1,5
100.442,HAM,2023,25,Singapore,HARD,2,5
77.845,HUL,2023,22,Monaco,HARD,2,21
96.81,LEC,2024,26,Bahrain,HARD,2,15
99.959,ALO,2023,8,Bahrain,SOFT,1,11
76.966,VER,2023,39,Monaco,MEDIUM,1,39
96.376,SAI,2024,16,Bahrain,HARD,2,2
105.055,PER,2023,56,Monaco,INTERMEDIATE,4,3
86.968,PER,2023,12,Monza,MEDIUM,1,12
92.951,NOR,2022,45,Saudi Arabia,HARD,2,29
80.037,HAM,2024,18,Monaco,MEDIUM,2,17
104.691,RUS,2023,13,Bahrain,SOFT,1,16
83.349,ALB,2023,6,Australia,MEDIUM,1,6
87.414,NOR,2022,16,Monza,MEDIUM,1,16
77.705,ALO,2023,39,Monaco,HARD,1,40
74.204,HAM,2024,59,Monaco,HARD,3,9
87.51,TSU,2022,15,Monza,MEDIUM,1,15
80.82,NOR,2024,8,Monaco,HARD,2,8
80.099,TSU,2024,15,Monaco,HARD,2,15
100.388,OCO,2023,12,Singapore,MEDIUM,1,12
98.061,LEC,2022,25,Bahrain,SOFT,2,13
100.618,TSU,2022,3,Bahrain,SOFT,1,3
77.258,ALO,2023,19,Monaco,HARD,1,20
127.643,DEV,2023,19,Saudi Arabia,HARD,2,2
82.561,RIC,2022,53,Australia,HARD,2,32
85.266,OCO,2023,11,Australia,HARD,3,10
100.747,MSC,2022,3,Bahrain,SOFT,1,3
89.169,ALB,2022,2,Australia,HARD,1,2
87.35,OCO,2023,29,Monza,HARD,2,8
97.597,RUS,2023,44,Bahrain,HARD,3,13
95.569,MSC,2022,6,Silverstone,MEDIUM,2,5
95.616,TSU,2023,15,Saudi Arabia,MEDIUM,1,15
78.979,VER,2024,23,Monaco,MEDIUM,2,22
93.731,ALB,2023,9,Silverstone,MEDIUM,1,9
94.016,STR,2022,31,Silverstone,HARD,3,17
80.534,GAS,2024,49,Monaco,MEDIUM,2,48
83.295,MAG,2023,34,Australia,HARD,3,27
81.273,STR,2023,46,Australia,HARD,2,38
94.651,LEC,2022,4,Saudi Arabia,MEDIUM,1,4
78.44,PIA,2024,26,Monaco,HARD,2,26
77.48,LEC,2023,28,Monaco,HARD,1,28
87.015,HAM,2023,5,Monza,HARD,1,8
80.407,GAS,2024,61,Monaco,MEDIUM,2,60
81.993,HUL,2023,41,Australia,HARD,2,33
92.618,BOT,2023,39,Silverstone,SOFT,2,7
77.373,GAS,2023,29,Monaco,HARD,1,29
86.796,NOR,2023,6,Monza,MEDIUM,1,6
97.601,ALO,2022,10,Monaco,WET,1,10
79.296,ALB,2022,44,Monaco,MEDIUM,4,22
78.116,RIC,2024,68,Monaco,HARD,2,68
93.236,RUS,2022,46,Saudi Arabia,HARD,2,30
94.699,HAM,2022,27,Saudi Arabia,HARD,1,28
140.703,PER,2022,6,Australia,MEDIUM,1,6
80.079,RIC,2024,53,Monaco,HARD,2,53
85.444,NOR,2023,4,Australia,MEDIUM,1,4
100.387,BOT,2023,8,Bahrain,SOFT,1,8
95.572,HUL,2022,31,Saudi Arabia,HARD,1,32
82.335,VER,2022,36,Australia,HARD,2,18
85.759,PER,2023,24,Monza,HARD,2,3
87.08,HUL,2023,27,Monza,HARD,2,18
78.746,HAM,2024,33,Monaco,MEDIUM,2,32
76.804,NOR,2022,45,Monaco,HARD,4,23
82.876,OCO,2022,52,Australia,HARD,2,35
95.067,RIC,2022,20,Silverstone,MEDIUM,2,20
101.295,PIA,2023,8,Bahrain,SOFT,1,8
95.249,ALO,2024,53,Bahrain,HARD,3,12
77.699,ALO,2023,17,Monaco,HARD,1,18
103.07,NOR,2023,2,Saudi Arabia,SOFT,1,2
96.93,MAG,2024,52,Bahrain,HARD,3,20
95.853,GAS,2024,54,Bahrain,SOFT,4,11
100.412,ALO,2022,2,Bahrain,SOFT,1,5
81.697,PIA,2023,44,Australia,HARD,2,36
87.415,ALO,2022,8,Monza,MEDIUM,1,8
78.896,SAI,2022,61,Monaco,HARD,3,40
86.148,RUS,2023,31,Monza,HARD,2,15
98.135,ALO,2023,64,Monaco,INTERMEDIATE,3,9
83.735,SAR,2023,28,Australia,MEDIUM,4,20
98.367,MAG,2023,49,Singapore,SOFT,3,9
77.148,HUL,2023,4,Monaco,HARD,2,3
98.136,LEC,2024,8,Bahrain,SOFT,1,11
98.542,HAM,2022,21,Bahrain,HARD,2,11
77.956,TSU,2023,46,Monaco,MEDIUM,1,46
88.512,NOR,2023,70,Monaco,INTERMEDIATE,3,16
100.797,VER,2023,61,Monaco,INTERMEDIATE,2,6
79.909,ALB,2022,48,Monaco,MEDIUM,4,26
95.502,LAT,2022,12,Monaco,HARD,3,10
118.063,SAR,2023,57,Monaco,INTERMEDIATE,4,5
98.15,RIC,2024,33,Bahrain,HARD,2,20
83.524,RIC,2024,4,Monaco,HARD,2,4
79.052,MAG,2023,8,Monaco,HARD,1,8
96.296,VER,2024,2,Bahrain,SOFT,1,5
87.23,BOT,2023,73,Monaco,INTERMEDIATE,2,22
95.758,ALB,2024,45,Bahrain,HARD,3,9
79.738,HAM,2024,17,Monaco,MEDIUM,2,16
87.154,MAG,2023,28,Monza,MEDIUM,2,16
79.921,ALB,2024,69,Monaco,HARD,2,68
88.619,GAS,2022,36,Monza,HARD,2,19
97.175,STR,2024,12,Bahrain,HARD,2,3
131.745,HAM,2022,49,Monza,SOFT,2,16
98.66,ALB,2024,8,Bahrain,SOFT,1,8
98.067,HUL,2023,53,Bahrain,SOFT,4,16
78.335,TSU,2023,30,Monaco,MEDIUM,1,30
93.607,VER,2023,48,Saudi Arabia,HARD,2,30
81.969,HUL,2023,37,Australia,HARD,2,29
77.245,SAI,2022,51,Monaco,HARD,3,30
101.908,MSC,2022,14,Australia,MEDIUM,1,16
80.772,TSU,2024,41,Monaco,HARD,2,41
96.203,HAM,2023,66,Monaco,INTERMEDIATE,3,12
104.296,OCO,2023,32,Bahrain,HARD,3,20
76.866,SAR,2024,70,Monaco,MEDIUM,3,13
98.018,NOR,2022,54,Bahrain,SOFT,4,12
81.264,ZHO,2024,14,Monaco,HARD,2,13
99.307,HUL,2022,22,Bahrain,SOFT,2,3
96.565,PER,2023,56,Bahrain,HARD,3,22
76.619,SAI,2022,44,Monaco,HARD,3,23
97.621,SAR,2024,23,Bahrain,HARD,2,13
97.035,MAG,2024,50,Bahrain,HARD,3,18
79.329,ALB,2024,41,Monaco,HARD,2,40
98.654,BOT,2024,7,Bahrain,SOFT,1,7
87.194,LAT,2022,30,Monza,HARD,2,15
91.516,RIC,2022,19,Monza,MEDIUM,1,19
86.792,NOR,2023,39,Monza,HARD,2,21
116.248,LAT,2022,20,Silverstone,MEDIUM,3,1
86.579,ALB,2023,34,Monza,HARD,2,22
94.119,MAG,2023,26,Silverstone,MEDIUM,1,26
89.085,VER,2022,19,Australia,HARD,2,1
96.243,STR,2024,45,Bahrain,HARD,3,18
98.55,GAS,2024,29,Bahrain,HARD,2,17
78.502,RUS,2023,16,Monaco,HARD,1,16
95.07,RUS,2023,22,Saudi Arabia,HARD,2,4
97.933,SAI,2022,7,Monaco,WET,1,7
82.005,STR,2023,29,Australia,HARD,2,21
78.985,NOR,2023,20,Monaco,MEDIUM,1,20
93.813,NOR,2022,31,Silverstone,MEDIUM,2,31
91.427,SAI,2023,41,Silverstone,HARD,2,15
88.065,BOT,2022,7,Monza,MEDIUM,1,7
95.769,DEV,2023,39,Saudi Arabia,HARD,2,22
78.697,SAI,2024,29,Monaco,HARD,2,28
80.319,ZHO,2023,12,Monaco,HARD,2,11
79.403,BOT,2024,54,Monaco,HARD,3,40
105.957,NOR,2023,18,Australia,HARD,2,10
88.341,MAG,2022,43,Monza,HARD,2,19
78.141,NOR,2024,47,Monaco,HARD,2,47
103.378,HAM,2023,58,Monaco,INTERMEDIATE,3,4
98.476,VER,2022,26,Bahrain,SOFT,2,12
97.264,TSU,2022,55,Bahrain,SOFT,4,14
86.352,LEC,2022,3,Monza,SOFT,1,3
96.202,BOT,2024,33,Bahrain,HARD,3,3
95.041,SAI,2024,41,Bahrain,HARD,3,6
90.396,ZHO,2024,3,Monaco,HARD,2,2
98.924,DEV,2023,13,Bahrain,HARD,2,2
110.672,LAT,2022,16,Monza,HARD,2,1
101.035,RUS,2023,31,Bahrain,HARD,2,18
82.393,GAS,2022,36,Monaco,HARD,4,14
78.636,LEC,2024,78,Monaco,HARD,2,77
87.274,LAT,2022,11,Australia,MEDIUM,1,11
93.055,NOR,2022,34,Silverstone,MEDIUM,2,34
97.495,RUS,2023,39,Bahrain,HARD,3,8
83.411,ZHO,2023,13,Australia,HARD,3,12
79.91,MAG,2023,29,Monaco,HARD,1,29
80.732,PER,2023,48,Australia,HARD,4,41
98.731,STR,2022,2,Saudi Arabia,MEDIUM,1,3
79.317,GAS,2023,8,Monaco,HARD,1,8
94.715,TSU,2023,37,Saudi Arabia,HARD,2,20
97.689,SAR,2023,1,Monaco,MEDIUM,1,1
83.924,LAT,2022,56,Australia,HARD,3,33
97.672,SAI,2023,51,Bahrain,HARD,3,20
95.265,LEC,2024,54,Bahrain,HARD,3,20
82.197,HUL,2023,38,Australia,HARD,2,30
98.218,BOT,2023,23,Saudi Arabia,MEDIUM,3,6
97.268,TSU,2022,54,Bahrain,SOFT,4,13
77.542,HAM,2024,42,Monaco,MEDIUM,2,41
84.11,TSU,2023,6,Australia,MEDIUM,1,6
106.79,HUL,2023,11,Bahrain,SOFT,1,14
99.533,SAI,2023,19,Australia,HARD,3,12
83.169,RUS,2023,12,Australia,HARD,3,5
116.777,NOR,2022,29,Monaco,HARD,3,7
81.974,SAR,2023,41,Australia,HARD,5,12
87.834,ALB,2024,3,Monaco,HARD,2,2
98.94,ALB,2022,21,Saudi Arabia,HARD,2,8
98.487,RUS,2023,25,Bahrain,HARD,2,12
100.323,HUL,2023,18,Bahrain,HARD,2,7
77.361,LEC,2023,37,Monaco,HARD,1,37
101.749,PIA,2023,29,Singapore,HARD,2,9
94.738,GAS,2022,19,Silverstone,HARD,3,4
109.062,NOR,2022,49,Monza,SOFT,3,5
102.852,LEC,2023,60,Monaco,INTERMEDIATE,3,5
86.34,HAM,2023,30,Monza,MEDIUM,2,3
95.252,TSU,2023,2,Silverstone,SOFT,1,2
131.316,HUL,2023,2,Australia,MEDIUM,1,2
96.963,LEC,2024,29,Bahrain,HARD,2,18
96.733,ALO,2022,44,Bahrain,SOFT,4,2
121.722,ZHO,2022,16,Bahrain,MEDIUM,2,1
93.514,ALO,2023,35,Saudi Arabia,HARD,2,18
87.06,GAS,2023,24,Monza,HARD,2,17
85.299,TSU,2023,4,Australia,MEDIUM,1,4
87.626,OCO,2023,34,Monza,HARD,2,13
87.395,ALO,2023,51,Monza,HARD,2,33
98.799,TSU,2024,11,Bahrain,SOFT,1,11
118.795,DEV,2023,53,Monaco,MEDIUM,1,53
83.584,PER,2023,6,Australia,HARD,3,4
79.453,OCO,2023,51,Monaco,HARD,2,19
78.947,SAR,2023,8,Monaco,MEDIUM,1,8
101.156,PIA,2023,12,Bahrain,SOFT,1,12
87.332,TSU,2023,75,Monaco,INTERMEDIATE,2,22
99.239,LAT,2022,16,Bahrain,SOFT,2,2
96.692,HAM,2024,28,Bahrain,HARD,2,16
80.78,ZHO,2023,28,Monaco,HARD,2,27
94.339,MAG,2023,13,Silverstone,MEDIUM,1,13
77.205,ZHO,2023,6,Monaco,HARD,2,5
86.573,PER,2023,45,Monza,HARD,2,24
98.13,TSU,2023,34,Bahrain,HARD,3,8
94.821,PER,2022,7,Saudi Arabia,MEDIUM,1,7
106.026,DEV,2023,57,Monaco,INTERMEDIATE,2,4
92.771,SAI,2022,22,Silverstone,HARD,3,2
97.473,ALO,2023,56,Bahrain,HARD,3,22
80.2,GAS,2024,41,Monaco,MEDIUM,2,40
98.166,TSU,2022,51,Bahrain,SOFT,4,10
96.424,ALB,2022,28,Saudi Arabia,HARD,2,15
101.337,TSU,2022,13,Bahrain,SOFT,1,13
100.21,ALO,2023,8,Singapore,MEDIUM,1,8
98.66,ALB,2024,8,Bahrain,SOFT,1,8
92.756,RUS,2023,48,Saudi Arabia,HARD,2,30
88.336,RIC,2022,37,Monza,HARD,2,18
96.58,OCO,2024,37,Bahrain,HARD,3,7
91.38,VER,2022,17,Monaco,WET,1,17
95.001,SAR,2024,43,Bahrain,SOFT,4,3
103.278,HAM,2023,57,Monaco,INTERMEDIATE,3,3
77.816,ALO,2023,33,Monaco,HARD,1,34
104.343,BOT,2022,49,Monza,SOFT,2,14
77.122,VER,2023,38,Monaco,MEDIUM,1,38
100.349,SAR,2023,3,Bahrain,SOFT,1,3
98.122,ALB,2023,50,Singapore,MEDIUM,3,7
83.766,SAR,2023,20,Australia,MEDIUM,4,12
87.368,GAS,2023,13,Monza,HARD,2,6
99.427,ZHO,2023,26,Bahrain,HARD,2,14
93.914,NOR,2023,5,Silverstone,MEDIUM,1,5
91.23,ALO,2023,70,Monaco,INTERMEDIATE,3,15
96.981,HUL,2023,28,Bahrain,HARD,3,2
92.94,VER,2023,26,Saudi Arabia,HARD,2,8
94.539,SAI,2023,27,Saudi Arabia,HARD,2,12
98.531,SAR,2023,45,Singapore,MEDIUM,3,2
95.724,NOR,2023,28,Saudi Arabia,MEDIUM,3,9
78.53,LEC,2024,35,Monaco,HARD,2,34
97.713,VER,2023,42,Singapore,MEDIUM,2,2
99.382,ZHO,2023,30,Bahrain,HARD,2,18
75.742,NOR,2024,64,Monaco,HARD,2,64
101.119,ALB,2023,10,Bahrain,SOFT,1,10
81.693,HAM,2023,38,Australia,HARD,2,30
79.967,ALB,2023,5,Monaco,MEDIUM,1,5
88.228,OCO,2022,3,Monza,SOFT,1,3
78.765,PIA,2023,18,Monaco,HARD,1,18
95.527,BOT,2022,9,Silverstone,MEDIUM,2,8
101.902,ALB,2023,2,Singapore,MEDIUM,1,2
124.362,HAM,2022,16,Saudi Arabia,HARD,1,17
98.442,OCO,2022,19,Bahrain,MEDIUM,2,5
99.594,SAI,2022,6,Bahrain,SOFT,1,9
84.468,ZHO,2023,31,Australia,HARD,3,30
96.558,OCO,2023,22,Saudi Arabia,HARD,2,6
76.701,SAI,2022,43,Monaco,HARD,3,22
87.158,OCO,2022,23,Monza,HARD,2,4
93.499,OCO,2023,24,Monza,MEDIUM,1,24
90.709,RUS,2023,71,Monaco,INTERMEDIATE,2,17
89.919,VER,2023,53,Monaco,MEDIUM,1,53
100.958,TSU,2022,4,Bahrain,SOFT,1,4
104.581,SAI,2023,18,Australia,HARD,3,11
78.8,TSU,2023,13,Monaco,MEDIUM,1,13
134.223,OCO,2022,4,Australia,MEDIUM,1,4
101.004,MAG,2023,4,Singapore,MEDIUM,1,4
87.096,STR,2023,36,Monza,HARD,2,20
95.423,ALB,2022,32,Saudi Arabia,HARD,2,19
82.333,HUL,2023,28,Australia,HARD,2,20
104.753,HUL,2023,1,Saudi Arabia,MEDIUM,1,1
96.837,MAG,2022,4,Saudi Arabia,HARD,1,6
98.993,GAS,2023,54,Australia,HARD,2,46
96.399,LEC,2022,34,Bahrain,MEDIUM,3,3
97.255,PER,2022,42,Bahrain,SOFT,3,12
78.762,ZHO,2023,45,Monaco,HARD,2,44
86.21,RUS,2023,39,Monza,HARD,2,23
88.825,ZHO,2023,49,Monza,MEDIUM,3,16
98.369,VER,2023,10,Bahrain,SOFT,1,13
101.167,PIA,2023,7,Bahrain,SOFT,1,7
77.17,ALO,2023,16,Monaco,HARD,1,17
77.542,ALO,2022,49,Monaco,MEDIUM,3,19
87.263,PER,2022,4,Monza,MEDIUM,1,4
77.635,RUS,2023,50,Monaco,HARD,1,50
82.958,SAI,2023,14,Australia,HARD,3,7
98.564,HUL,2023,55,Bahrain,SOFT,4,18
113.705,BOT,2022,32,Monaco,HARD,3,12
90.827,VER,2022,1,Monza,SOFT,1,1
103.687,SAR,2023,59,Monaco,INTERMEDIATE,4,7
141.983,MAG,2023,22,Singapore,HARD,2,2
77.183,VER,2023,25,Monaco,MEDIUM,1,25
97.66,HAM,2022,36,Bahrain,MEDIUM,3,9
80.97,SAI,2023,50,Australia,HARD,3,43
96.802,RUS,2023,21,Saudi Arabia,HARD,2,3
84.171,MSC,2022,57,Australia,HARD,2,43
122.47,RIC,2022,16,Saudi Arabia,HARD,2,8
100.316,ZHO,2023,12,Singapore,HARD,2,10
96.732,RUS,2024,20,Bahrain,HARD,2,9
78.23,STR,2024,74,Monaco,SOFT,4,26
102.153,BOT,2023,8,Singapore,HARD,1,8
78.528,ALB,2023,47,Monaco,HARD,2,29
87.145,DEV,2022,33,Monza,MEDIUM,2,14
98.006,VER,2023,3,Bahrain,SOFT,1,6
77.945,RIC,2022,53,Monaco,HARD,3,34
94.923,VER,2024,57,Bahrain,SOFT,3,20
104.577,LAT,2022,32,Bahrain,SOFT,2,18
95.635,LAT,2022,16,Silverstone,SOFT,2,15
97.733,PER,2023,29,Bahrain,SOFT,2,14
106.026,PIA,2023,55,Monaco,INTERMEDIATE,2,1
87.465,ALB,2022,58,Australia,SOFT,2,1
82.868,BOT,2024,6,Monaco,MEDIUM,2,5
95.188,DEV,2023,33,Saudi Arabia,HARD,2,16
96.051,ZHO,2022,48,Saudi Arabia,HARD,3,32
93.299,GAS,2023,30,Silverstone,MEDIUM,1,30
100.83,PIA,2023,2,Bahrain,SOFT,1,2
99.959,HAM,2023,37,Singapore,HARD,2,17
97.801,HUL,2024,13,Bahrain,HARD,2,12
93.757,HAM,2023,69,Monaco,INTERMEDIATE,3,15
95.489,HAM,2024,35,Bahrain,HARD,3,2
96.236,VER,2023,44,Bahrain,HARD,3,8
78.198,RIC,2022,63,Monaco,HARD,3,44
96.68,ZHO,2024,45,Bahrain,HARD,3,17
93.705,GAS,2023,12,Silverstone,MEDIUM,1,12
83.295,HAM,2023,4,Australia,MEDIUM,1,4
87.028,LAT,2022,28,Monza,HARD,2,13
96.736,RUS,2024,24,Bahrain,HARD,2,13
99.363,OCO,2024,21,Bahrain,HARD,2,11
86.61,ALO,2023,40,Monza,HARD,2,22
97.866,STR,2023,51,Bahrain,HARD,3,21
87.806,HAM,2022,5,Monza,MEDIUM,1,5
95.618,ZHO,2023,15,Saudi Arabia,HARD,2,4
99.374,RIC,2022,19,Bahrain,SOFT,2,2
93.189,ALO,2023,44,Saudi Arabia,HARD,2,27
98.006,VER,2023,3,Bahrain,SOFT,1,6
94.312,OCO,2023,50,Saudi Arabia,HARD,2,34
94.833,STR,2022,18,Silverstone,HARD,3,4
96.997,SAR,2023,3,Saudi Arabia,HARD,1,3
76.489,LEC,2024,66,Monaco,HARD,2,65
86.097,ZHO,2022,58,Australia,HARD,2,37
95.606,PER,2024,14,Bahrain,HARD,2,2
97.426,LEC,2022,8,Monaco,WET,1,8
92.895,PER,2023,47,Saudi Arabia,HARD,2,29
96.442,RIC,2024,49,Bahrain,SOFT,3,14
81.447,ZHO,2024,15,Monaco,HARD,2,14
78.712,TSU,2023,7,Monaco,MEDIUM,1,7
79.112,LEC,2022,35,Monaco,HARD,4,14
77.266,LEC,2024,56,Monaco,HARD,2,55
100.486,DEV,2023,63,Monaco,INTERMEDIATE,2,10
78.723,STR,2023,46,Monaco,HARD,1,47
94.636,LEC,2022,21,Saudi Arabia,HARD,2,5
102.375,BOT,2023,37,Singapore,HARD,1,37
76.832,VER,2022,50,Monaco,MEDIUM,4,20
84.905,VER,2022,40,Monza,MEDIUM,2,15
133.414,HAM,2022,4,Australia,MEDIUM,1,4
82.389,VER,2023,20,Australia,HARD,2,12
77.561,DEV,2023,43,Monaco,MEDIUM,1,43
81.169,VER,2022,34,Monaco,MEDIUM,4,4
85.402,ALO,2022,9,Australia,HARD,1,9
96.72,ZHO,2024,49,Bahrain,HARD,3,21
79.276,MAG,2023,31,Monaco,HARD,1,31
78.99,HAM,2022,45,Monaco,MEDIUM,4,15
86.891,GAS,2022,28,Monza,HARD,2,11
85.885,VER,2023,22,Monza,HARD,2,2
77.742,HAM,2023,30,Monaco,MEDIUM,1,30
148.46,ALB,2023,20,Saudi Arabia,HARD,2,3
94.572,STR,2022,27,Silverstone,HARD,3,13
98.127,ALB,2023,29,Bahrain,HARD,3,3
102.352,MAG,2023,37,Singapore,HARD,2,17
95.736,HUL,2024,55,Bahrain,SOFT,4,15
94.115,STR,2023,7,Silverstone,MEDIUM,1,8
79.53,STR,2022,45,Monaco,None,5,22
147.771,VER,2023,35,Silverstone,SOFT,2,5
78.889,SAI,2024,22,Monaco,HARD,2,21
84.205,SAR,2023,26,Australia,MEDIUM,4,18
130.214,MSC,2022,46,Bahrain,SOFT,3,13
87.385,ALO,2022,30,Monza,MEDIUM,1,30
91.244,VER,2023,70,Monaco,INTERMEDIATE,2,15
102.332,PER,2023,54,Monaco,INTERMEDIATE,4,1
86.658,HAM,2023,40,Monza,MEDIUM,2,13
103.925,MAG,2023,68,Monaco,WET,2,12
87.614,RIC,2022,17,Monza,MEDIUM,1,17
88.351,ALO,2022,18,Monza,MEDIUM,1,18
103.396,NOR,2022,17,Bahrain,MEDIUM,1,17
95.938,TSU,2023,14,Saudi Arabia,MEDIUM,1,14
92.803,RUS,2023,20,Silverstone,SOFT,1,23
87.074,PIA,2023,30,Monza,HARD,2,12
98.472,ALB,2023,14,Bahrain,SOFT,2,3
97.13,SAI,2023,37,Bahrain,HARD,3,6
79.743,GAS,2024,52,Monaco,MEDIUM,2,51
94.641,OCO,2023,32,Saudi Arabia,HARD,2,16
78.223,VET,2022,53,Monaco,HARD,4,31
93.222,OCO,2023,49,Saudi Arabia,HARD,2,33
82.248,NOR,2022,55,Australia,HARD,2,35
97.73,BOT,2024,21,Bahrain,HARD,2,9
80.669,ZHO,2023,17,Monaco,HARD,2,16
96.887,OCO,2024,32,Bahrain,HARD,3,2
99.271,NOR,2023,39,Singapore,HARD,2,19
76.434,PER,2022,41,Monaco,MEDIUM,4,11
142.638,SAR,2023,19,Saudi Arabia,MEDIUM,2,1
93.425,LAT,2022,46,Silverstone,SOFT,4,8
94.709,SAI,2024,39,Bahrain,HARD,3,4
95.702,PIA,2024,48,Bahrain,HARD,3,14
80.638,SAR,2023,12,Monaco,MEDIUM,1,12
101.196,OCO,2023,3,Singapore,MEDIUM,1,3
100.971,LAW,2023,26,Singapore,HARD,2,6
97.029,OCO,2023,65,Monaco,INTERMEDIATE,3,11
88.398,RIC,2022,2,Monza,MEDIUM,1,2
82.797,BOT,2022,51,Australia,HARD,2,29
97.865,RIC,2024,20,Bahrain,HARD,2,7
96.35,RUS,2024,56,Bahrain,HARD,3,25
105.612,BOT,2023,1,Saudi Arabia,MEDIUM,1,1
83.786,STR,2022,53,Australia,HARD,4,34
96.935,HUL,2024,32,Bahrain,HARD,3,12
78.876,BOT,2023,39,Monaco,HARD,1,39
85.758,GAS,2023,44,Monza,MEDIUM,3,13
83.584,MAG,2023,20,Australia,HARD,3,13
132.003,NOR,2023,54,Monaco,HARD,2,4
95.725,ZHO,2022,16,Monaco,WET,1,16
110.807,SAR,2023,3,Australia,HARD,3,2
79.411,ALO,2024,55,Monaco,MEDIUM,2,55
79.067,DEV,2023,31,Monaco,MEDIUM,1,31
99.785,ALO,2022,19,Bahrain,MEDIUM,2,8
97.284,VER,2022,41,Bahrain,MEDIUM,3,11
84.932,GAS,2022,35,Australia,HARD,2,14
98.201,HUL,2022,49,Bahrain,SOFT,4,5
77.112,SAI,2022,39,Monaco,HARD,3,18
126.48,STR,2022,39,Silverstone,HARD,3,25
87.165,SAR,2023,19,Monza,HARD,2,8
78.133,ALO,2024,71,Monaco,MEDIUM,2,71
86.176,VER,2023,5,Monza,MEDIUM,1,5
86.515,RUS,2023,7,Monza,MEDIUM,1,7
78.087,OCO,2023,20,Monaco,MEDIUM,1,20
96.282,HUL,2023,8,Saudi Arabia,MEDIUM,1,8
94.648,RIC,2022,23,Silverstone,HARD,3,3
99.046,ALO,2024,3,Bahrain,SOFT,1,6
96.093,HAM,2023,7,Saudi Arabia,HARD,1,7
100.686,PER,2023,34,Bahrain,SOFT,2,19
95.183,VER,2023,13,Saudi Arabia,MEDIUM,1,13
92.308,PER,2023,43,Saudi Arabia,HARD,2,25
81.998,OCO,2023,30,Australia,HARD,3,29
99.893,ZHO,2023,50,Bahrain,SOFT,3,21
83.865,NOR,2022,35,Australia,HARD,2,15
97.859,SAR,2024,26,Bahrain,HARD,2,16
112.104,BOT,2022,23,Australia,HARD,2,1
85.606,PER,2023,29,Monza,HARD,2,8
86.993,DEV,2022,30,Monza,MEDIUM,2,11
86.159,RUS,2022,29,Monza,HARD,2,6
99.941,MSC,2022,6,Monaco,INTERMEDIATE,2,2
79.578,DEV,2023,22,Monaco,MEDIUM,1,22
81.586,GAS,2023,41,Australia,HARD,2,33
105.978,HAM,2023,28,Monza,MEDIUM,2,1
114.109,BOT,2023,36,Saudi Arabia,SOFT,4,1
111.842,DEV,2023,18,Australia,MEDIUM,2,10
143.064,SAI,2023,35,Silverstone,HARD,2,9
95.634,PIA,2023,3,Saudi Arabia,HARD,2,2
95.499,SAI,2022,2,Saudi Arabia,MEDIUM,1,2
89.467,STR,2023,49,Monza,HARD,2,33
95.92,PIA,2024,57,Bahrain,HARD,3,23
93.301,VER,2022,25,Saudi Arabia,HARD,2,9
78.024,VER,2023,35,Monaco,MEDIUM,1,35
94.344,ZHO,2022,46,Saudi Arabia,HARD,3,30
78.402,OCO,2022,47,Monaco,MEDIUM,3,17
93.314,HAM,2023,42,Saudi Arabia,MEDIUM,2,24
98.678,ALO,2022,9,Monaco,WET,1,9
116.128,ALO,2022,32,Monaco,MEDIUM,3,2
94.94,RUS,2023,14,Saudi Arabia,MEDIUM,1,14
96.451,PER,2023,66,Monaco,WET,5,9
96.317,MAG,2023,25,Saudi Arabia,HARD,2,17
96.135,ALB,2024,48,Bahrain,HARD,3,12
85.742,LEC,2023,22,Monza,HARD,2,2
76.919,ALO,2023,44,Monaco,HARD,1,45
101.173,VER,2023,39,Singapore,HARD,1,39
75.134,HAM,2024,73,Monaco,HARD,3,23
101.983,SAR,2023,2,Singapore,MEDIUM,1,2
83.493,TSU,2024,5,Monaco,HARD,2,5
77.753,SAR,2023,29,Monaco,SOFT,3,6
102.252,HUL,2023,10,Bahrain,SOFT,1,13
99.355,BOT,2023,21,Bahrain,HARD,2,10
77.635,RUS,2023,50,Monaco,HARD,1,50
98.773,RUS,2023,23,Bahrain,HARD,2,10
97.085,VER,2024,11,Bahrain,SOFT,1,14
81.75,TSU,2022,37,Monaco,MEDIUM,4,8
95.679,VER,2024,31,Bahrain,HARD,2,14
83.446,ALO,2024,41,Monaco,MEDIUM,2,41
119.682,MAG,2024,12,Bahrain,HARD,2,1
81.554,ALB,2024,52,Monaco,HARD,2,51
97.119,PER,2022,37,Bahrain,SOFT,3,7
98.707,OCO,2024,54,Bahrain,HARD,3,24
99.553,ZHO,2023,47,Bahrain,SOFT,3,18
101.188,RIC,2022,28,Bahrain,SOFT,2,11
106.604,OCO,2023,39,Monza,HARD,2,18
93.845,PIA,2023,2,Silverstone,MEDIUM,1,2
100.185,ZHO,2022,36,Bahrain,MEDIUM,2,21
81.912,SAR,2023,45,Australia,HARD,5,16
81.912,SAR,2023,45,Australia,HARD,5,16
82.464,ZHO,2023,39,Australia,HARD,3,38
93.562,HAM,2022,51,Monza,SOFT,2,18
108.536,BOT,2024,1,Bahrain,SOFT,1,1
78.481,VER,2022,37,Monaco,MEDIUM,4,7
108.179,STR,2022,3,Monaco,INTERMEDIATE,3,1
97.521,STR,2023,35,Bahrain,HARD,3,5
2494.817,ALB,2024,1,Monaco,MEDIUM,1,1
83.674,SAR,2024,5,Monaco,HARD,2,5
98.453,LEC,2023,49,Singapore,HARD,2,29
84.129,HUL,2023,14,Australia,HARD,2,6
81.573,ALO,2023,37,Australia,HARD,2,29
78.032,SAI,2023,20,Monaco,HARD,1,20
96.637,TSU,2023,42,Bahrain,SOFT,4,5
94.973,VER,2023,22,Saudi Arabia,HARD,2,4
117.471,LEC,2024,12,Bahrain,HARD,2,1
86.887,PER,2023,8,Monza,MEDIUM,1,8
94.734,HAM,2023,25,Saudi Arabia,MEDIUM,2,7
100.58,SAI,2023,4,Singapore,MEDIUM,1,4
83.716,BOT,2023,33,Australia,HARD,3,32
95.651,PER,2023,4,Saudi Arabia,MEDIUM,1,4
94.126,DEV,2023,45,Saudi Arabia,HARD,2,28
80.972,HUL,2023,15,Monaco,HARD,2,14
98.369,HAM,2023,27,Bahrain,HARD,2,15
105.024,BOT,2022,48,Bahrain,SOFT,4,5
83.243,GAS,2023,17,Australia,HARD,2,9
79.224,DEV,2023,6,Monaco,MEDIUM,1,6
92.703,TSU,2022,49,Monza,SOFT,3,2
83.12,SAR,2023,50,Monaco,SOFT,3,27
95.656,ALB,2023,23,Saudi Arabia,HARD,2,6
78.105,ALB,2022,39,Monaco,MEDIUM,4,17
86.723,ALO,2023,28,Monza,HARD,2,10
96.249,PER,2024,23,Bahrain,HARD,2,11
87.286,TSU,2022,42,Monza,HARD,2,24
81.456,SAR,2023,50,Australia,HARD,5,21
94.539,SAI,2023,27,Saudi Arabia,HARD,2,12
77.261,ALB,2024,65,Monaco,HARD,2,64
80.636,ALO,2024,51,Monaco,MEDIUM,2,51
99.042,NOR,2022,28,Bahrain,HARD,2,4
85.19,VER,2022,28,Monza,MEDIUM,2,3
76.882,PER,2023,36,Monaco,MEDIUM,3,3
78.838,HUL,2023,42,Monaco,HARD,2,41
97.913,SAI,2023,46,Singapore,HARD,2,26
97.86,RUS,2023,55,Bahrain,HARD,3,24
92.138,VER,2023,27,Silverstone,MEDIUM,1,27
85.732,PIA,2023,46,Monza,MEDIUM,3,8
79.876,GAS,2024,21,Monaco,MEDIUM,2,20
86.95,BOT,2023,50,Monza,MEDIUM,2,28
136.908,RUS,2022,49,Monza,SOFT,3,5
77.017,LEC,2023,51,Monaco,MEDIUM,2,7
78.107,SAI,2023,14,Monaco,HARD,1,14
85.491,HAM,2022,35,Monza,SOFT,2,2
81.604,SAR,2024,28,Monaco,HARD,2,28
79.743,GAS,2024,52,Monaco,MEDIUM,2,51
78.328,TSU,2023,40,Monaco,MEDIUM,1,40
100.904,BOT,2023,18,Singapore,HARD,1,18
105.486,BOT,2023,23,Singapore,HARD,1,23
76.328,SAI,2024,76,Monaco,HARD,2,75
99.033,RIC,2024,11,Bahrain,SOFT,1,14
93.895,PER,2023,22,Saudi Arabia,HARD,2,4
100.197,NOR,2023,37,Bahrain,MEDIUM,4,10
100.899,LAT,2022,43,Bahrain,MEDIUM,3,11
93.907,ZHO,2023,19,Silverstone,MEDIUM,1,19
84.644,ALO,2023,11,Australia,HARD,2,3
95.124,SAI,2022,5,Saudi Arabia,MEDIUM,1,5
99.406,MSC,2022,16,Bahrain,MEDIUM,2,4
87.213,ALB,2022,11,Australia,HARD,1,11
99.363,OCO,2024,21,Bahrain,HARD,2,11
89.428,OCO,2022,40,Australia,HARD,2,23
83.115,PER,2022,30,Australia,HARD,2,10
94.869,GAS,2023,30,Saudi Arabia,HARD,2,16
98.463,ALO,2023,51,Singapore,SOFT,3,9
93.445,VER,2022,24,Saudi Arabia,HARD,2,8
94.976,ALO,2022,8,Silverstone,MEDIUM,2,7
98.567,OCO,2023,16,Saudi Arabia,MEDIUM,1,16
108.888,ALB,2022,3,Monaco,WET,1,3
76.674,ALO,2023,43,Monaco,HARD,1,44
85.527,ALO,2023,1,Monaco,HARD,1,2
121.081,BOT,2024,13,Bahrain,HARD,2,1
148.779,PER,2022,19,Saudi Arabia,HARD,2,4
100.28,GAS,2023,63,Monaco,INTERMEDIATE,3,9
81.315,PER,2023,17,Monaco,HARD,2,16
95.927,VER,2022,53,Bahrain,SOFT,4,13
78.046,TSU,2023,43,Monaco,MEDIUM,1,43
79.416,PIA,2023,19,Monaco,HARD,1,19
98.631,OCO,2024,52,Bahrain,HARD,3,22
99.295,MSC,2022,20,Bahrain,MEDIUM,2,8
98.509,ALB,2024,5,Bahrain,SOFT,1,5
76.876,NOR,2024,63,Monaco,HARD,2,63
95.038,HUL,2023,31,Saudi Arabia,HARD,2,20
79.838,LEC,2024,15,Monaco,HARD,2,14
82.744,ZHO,2022,57,Australia,HARD,2,36
79.904,VER,2024,13,Monaco,MEDIUM,2,12
90.696,MAG,2023,52,Monaco,HARD,1,52
100.507,SAI,2023,11,Bahrain,SOFT,1,14
94.834,HUL,2024,46,Bahrain,SOFT,4,6
96.334,ALB,2024,54,Bahrain,HARD,3,18
95.807,OCO,2022,9,Silverstone,SOFT,2,8
80.114,TSU,2024,52,Monaco,HARD,2,52
94.641,OCO,2023,32,Saudi Arabia,HARD,2,16
100.394,HAM,2023,15,Singapore,MEDIUM,1,15
86.968,NOR,2023,30,Monza,HARD,2,12
82.032,NOR,2023,51,Australia,HARD,2,43
98.414,ALB,2023,18,Monaco,MEDIUM,1,18
86.062,BOT,2022,44,Monza,SOFT,2,9
78.246,TSU,2023,16,Monaco,MEDIUM,1,16
94.822,HUL,2023,45,Saudi Arabia,HARD,2,34
84.245,SAR,2023,13,Australia,MEDIUM,4,5
100.559,MAG,2023,60,Monaco,WET,2,4
77.36,ALB,2023,27,Monaco,HARD,2,9
95.746,PER,2024,57,Bahrain,SOFT,3,21
96.378,PER,2024,34,Bahrain,HARD,2,22
2497.695,GAS,2024,1,Monaco,HARD,1,1
98.979,BOT,2023,46,Singapore,MEDIUM,2,6
75.954,VER,2024,68,Monaco,HARD,3,17
83.792,DEV,2023,21,Australia,MEDIUM,2,13
133.529,VER,2022,5,Australia,MEDIUM,1,5
95.794,OCO,2023,6,Saudi Arabia,MEDIUM,1,6
114.147,BOT,2023,2,Australia,HARD,2,1
91.906,SAI,2023,46,Silverstone,HARD,2,20
96.175,SAR,2023,50,Saudi Arabia,MEDIUM,2,32
87.554,DEV,2022,16,Monza,SOFT,1,16
2521.748,BOT,2024,1,Monaco,HARD,1,1
117.816,TSU,2022,47,Monza,HARD,2,29
94.235,ZHO,2023,12,Silverstone,MEDIUM,1,12
86.858,OCO,2022,32,Monza,HARD,2,13
87.595,DEV,2023,73,Monaco,INTERMEDIATE,2,20
101.995,SAI,2022,4,Monaco,WET,1,4
101.203,ALB,2022,34,Bahrain,MEDIUM,2,21
96.148,BOT,2023,34,Saudi Arabia,MEDIUM,3,17
82.05,ZHO,2023,52,Australia,HARD,3,51
93.839,RUS,2023,6,Silverstone,SOFT,1,9
82.37,BOT,2023,47,Australia,HARD,3,46
98.291,HUL,2023,62,Monaco,WET,4,3
83.225,SAI,2023,16,Australia,HARD,3,9
82.257,VET,2022,36,Monaco,HARD,4,14
98.957,HAM,2023,64,Monaco,INTERMEDIATE,3,10
99.657,NOR,2022,37,Bahrain,HARD,2,13
94.159,MAG,2022,33,Silverstone,MEDIUM,3,11
98.008,BOT,2024,37,Bahrain,HARD,3,7
99.161,DEV,2023,56,Bahrain,HARD,3,29
99.105,SAI,2022,31,Bahrain,SOFT,2,17
94.351,HUL,2023,42,Saudi Arabia,HARD,2,31
94.365,HUL,2023,40,Saudi Arabia,HARD,2,29
95.922,GAS,2022,24,Saudi Arabia,HARD,2,9
78.254,PER,2023,9,Monaco,HARD,2,8
83.775,NOR,2023,12,Australia,HARD,2,4
97.029,RUS,2023,56,Singapore,MEDIUM,3,12
95.4,RUS,2023,11,Saudi Arabia,MEDIUM,1,11
95.771,VER,2024,30,Bahrain,HARD,2,13
102.065,LAT,2022,7,Bahrain,SOFT,1,7
94.667,VER,2024,42,Bahrain,SOFT,3,5
87.84,SAI,2023,73,Monaco,INTERMEDIATE,3,18
126.807,PER,2022,53,Monza,SOFT,3,11
100.467,SAR,2023,2,Bahrain,SOFT,1,2
96.905,PIA,2024,27,Bahrain,HARD,2,15
97.559,GAS,2023,55,Bahrain,SOFT,4,15
95.321,SAI,2023,8,Saudi Arabia,MEDIUM,1,8
86.517,ALO,2023,35,Monza,HARD,2,17
95.69,NOR,2024,36,Bahrain,HARD,3,3
97.988,HAM,2023,53,Bahrain,HARD,3,23
99.761,GAS,2023,24,Bahrain,HARD,2,15
82.685,BOT,2022,52,Australia,HARD,2,30
95.994,HUL,2024,53,Bahrain,SOFT,4,13
91.273,ALB,2023,41,Silverstone,SOFT,2,13
97.87,BOT,2022,57,Bahrain,SOFT,4,14
98.154,RIC,2024,31,Bahrain,HARD,2,18
79.855,TSU,2024,39,Monaco,HARD,2,39
94.408,ZHO,2023,4,Silverstone,MEDIUM,1,4
82.661,BOT,2023,52,Australia,HARD,3,51
88.057,STR,2023,14,Monza,MEDIUM,1,14
77.16,VER,2023,47,Monaco,MEDIUM,1,47
78.232,GAS,2022,52,Monaco,HARD,4,30
86.93,OCO,2022,28,Monza,HARD,2,9
97.487,HUL,2022,7,Saudi Arabia,HARD,1,8
101.323,LEC,2023,33,Bahrain,HARD,2,20
78.741,VER,2023,31,Monaco,MEDIUM,1,31
78.286,RUS,2023,14,Monaco,HARD,1,14
87.567,RIC,2022,9,Monza,MEDIUM,1,9
78.246,TSU,2023,16,Monaco,MEDIUM,1,16
75.839,RUS,2024,72,Monaco,MEDIUM,2,71
100.902,SAR,2023,5,Bahrain,SOFT,1,5
77.815,NOR,2024,57,Monaco,HARD,2,57
81.422,GAS,2023,42,Australia,HARD,2,34
94.679,ZHO,2023,68,Monaco,INTERMEDIATE,3,16
106.377,LAT,2022,1,Saudi Arabia,MEDIUM,1,1
95.07,VER,2023,7,Australia,MEDIUM,1,7
83.366,BOT,2023,31,Australia,HARD,3,30
78.564,GAS,2023,14,Monaco,HARD,1,14
143.748,NOR,2022,46,Bahrain,SOFT,4,4
81.42,ALB,2024,13,Monaco,HARD,2,12
99.3,NOR,2023,21,Saudi Arabia,MEDIUM,3,2
97.219,NOR,2023,44,Bahrain,HARD,5,7
122.811,MAG,2022,16,Saudi Arabia,HARD,1,18
91.317,TSU,2023,1,Monaco,MEDIUM,1,1
88.884,OCO,2023,22,Monza,MEDIUM,1,22
87.055,GAS,2022,44,Monza,HARD,2,27
91.93,ALO,2023,51,Silverstone,SOFT,2,21
80.38,DEV,2023,39,Monaco,MEDIUM,1,39
130.457,ZHO,2023,54,Australia,HARD,3,53
92.189,STR,2023,52,Monaco,INTERMEDIATE,2,1
83.854,RUS,2022,30,Australia,HARD,2,7
82.595,HAM,2023,26,Australia,HARD,2,18
145.977,OCO,2022,17,Saudi Arabia,HARD,2,1
86.578,GAS,2023,78,Monaco,INTERMEDIATE,3,24
96.58,OCO,2024,37,Bahrain,HARD,3,7
79.321,ALB,2024,48,Monaco,HARD,2,47
76.882,PER,2023,36,Monaco,MEDIUM,3,3
98.428,ZHO,2024,4,Bahrain,SOFT,1,4
94.457,TSU,2023,5,Silverstone,SOFT,1,5
80.292,SAR,2024,50,Monaco,HARD,2,50
95.093,STR,2023,2,Silverstone,MEDIUM,1,3
96.033,ALO,2023,21,Saudi Arabia,HARD,2,4
99.893,ZHO,2023,50,Bahrain,SOFT,3,21
92.563,BOT,2023,44,Silverstone,SOFT,2,12
97.087,ALO,2023,46,Bahrain,HARD,3,12
95.855,HAM,2022,50,Saudi Arabia,MEDIUM,2,10
98.111,RUS,2022,42,Bahrain,MEDIUM,3,9
99.757,HAM,2023,7,Bahrain,SOFT,1,10
126.48,STR,2022,39,Saudi Arabia,HARD,2,27
87.48,MSC,2022,7,Australia,MEDIUM,1,9
101.786,BOT,2023,19,Singapore,HARD,1,19
101.351,TSU,2022,8,Bahrain,SOFT,1,8
86.564,PER,2023,9,Monza,MEDIUM,1,9
78.088,SAI,2024,26,Monaco,HARD,2,25
92.716,DEV,2023,46,Silverstone,SOFT,3,14
82.415,NOR,2023,27,Australia,HARD,2,19
83.394,BOT,2023,13,Australia,HARD,3,12
94.047,MAG,2023,38,Saudi Arabia,HARD,2,30
96.239,BOT,2023,24,Saudi Arabia,MEDIUM,3,7
93.826,ALO,2022,31,Silverstone,MEDIUM,2,30
86.144,NOR,2023,24,Monza,HARD,2,6
96.81,LEC,2024,26,Bahrain,HARD,2,15
78.706,RIC,2024,70,Monaco,HARD,2,70
95.884,ALO,2022,12,Monaco,WET,1,12
100.969,SAR,2023,61,Monaco,INTERMEDIATE,4,9
78.332,STR,2024,72,Monaco,SOFT,4,24
109.649,GAS,2023,1,Bahrain,SOFT,1,1
96.209,STR,2022,28,Saudi Arabia,HARD,2,16
78.64,TSU,2024,51,Monaco,HARD,2,51
98.651,RUS,2023,1,Silverstone,SOFT,1,4
93.379,PIA,2023,10,Silverstone,MEDIUM,1,10
87.137,SAR,2023,39,Monza,HARD,2,28
83.534,MAG,2023,32,Australia,HARD,3,25
88.006,HUL,2023,37,Monza,HARD,2,28
88.23,NOR,2022,11,Monza,MEDIUM,1,11
78.052,RIC,2022,60,Monaco,HARD,3,41
96.82,PER,2023,36,Bahrain,HARD,3,2
77.128,PER,2023,45,Monaco,MEDIUM,3,12
97.056,GAS,2023,2,Saudi Arabia,MEDIUM,1,2
2458.744,PIA,2024,1,Monaco,MEDIUM,1,2
99.679,HAM,2023,28,Singapore,HARD,2,8
79.646,ALO,2023,2,Monaco,HARD,1,3
78.817,ZHO,2024,62,Monaco,HARD,2,61
87.153,ZHO,2023,16,Monza,HARD,2,8
94.612,GAS,2023,67,Monaco,INTERMEDIATE,3,13
96.729,SAR,2024,47,Bahrain,SOFT,4,7
85.035,DEV,2023,43,Australia,MEDIUM,2,35
79.683,ALB,2024,44,Monaco,HARD,2,43
94.373,TSU,2023,40,Saudi Arabia,HARD,2,23
80.703,ALB,2023,3,Monaco,MEDIUM,1,3
94.394,GAS,2023,34,Saudi Arabia,HARD,2,20
93.19,PER,2023,39,Saudi Arabia,HARD,2,21
76.276,VER,2024,67,Monaco,HARD,3,16
85.377,GAS,2022,12,Australia,MEDIUM,1,12
81.155,STR,2023,51,Australia,HARD,2,43
80.264,PIA,2024,15,Monaco,HARD,2,15
92.752,LEC,2022,30,Saudi Arabia,HARD,2,14
83.432,ZHO,2022,41,Australia,HARD,2,20
102.598,HUL,2023,57,Monaco,INTERMEDIATE,3,3
102.841,STR,2023,15,Bahrain,SOFT,1,18
100.338,MAG,2022,6,Bahrain,SOFT,1,6
100.606,ALB,2023,5,Bahrain,SOFT,1,5
79.275,SAI,2024,36,Monaco,HARD,2,35
79.854,TSU,2024,53,Monaco,HARD,2,53
98.226,ALB,2024,25,Bahrain,HARD,2,10
94.216,OCO,2023,38,Saudi Arabia,HARD,2,22
96.095,HUL,2023,6,Saudi Arabia,MEDIUM,1,6
80.357,ZHO,2024,67,Monaco,HARD,2,66
97.427,TSU,2023,66,Monaco,INTERMEDIATE,2,13
96.429,PER,2023,39,Bahrain,HARD,3,5
88.771,MAG,2022,18,Monza,MEDIUM,1,18
97.884,LEC,2024,10,Bahrain,SOFT,1,13
78.312,LEC,2023,15,Monaco,HARD,1,15
100.955,BOT,2023,14,Singapore,HARD,1,14
92.802,ALO,2023,48,Saudi Arabia,HARD,2,31
94.419,ALO,2023,2,Silverstone,MEDIUM,1,3
78.371,OCO,2022,64,Monaco,MEDIUM,3,34
100.815,HUL,2022,35,Bahrain,SOFT,2,16
85.021,RUS,2022,8,Australia,MEDIUM,1,8
77.699,GAS,2023,43,Monaco,HARD,1,43
93.633,RUS,2023,32,Saudi Arabia,HARD,2,14
88.849,OCO,2022,2,Monza,SOFT,1,2
101.036,HUL,2022,32,Bahrain,SOFT,2,13
96.844,SAR,2023,4,Saudi Arabia,HARD,1,4
81.318,ALO,2024,16,Monaco,MEDIUM,2,16
94.493,RUS,2023,26,Saudi Arabia,HARD,2,8
78.497,MAG,2023,24,Monaco,HARD,1,24
101.063,PER,2023,1,Bahrain,SOFT,1,4
78.456,BOT,2024,53,Monaco,HARD,3,39
81.233,ZHO,2024,39,Monaco,HARD,2,38
97.815,BOT,2023,47,Bahrain,HARD,3,18
84.16,SAR,2023,31,Australia,MEDIUM,4,23
99.285,ALB,2022,41,Bahrain,MEDIUM,3,8
93.123,VER,2023,38,Saudi Arabia,HARD,2,20
98.386,PER,2023,54,Singapore,MEDIUM,2,15
80.578,ZHO,2024,43,Monaco,HARD,2,42
98.022,STR,2024,21,Bahrain,HARD,2,12
80.662,RIC,2024,23,Monaco,HARD,2,23
94.706,VET,2022,24,Silverstone,MEDIUM,3,20
95.47,PIA,2023,34,Saudi Arabia,HARD,2,33
76.697,RUS,2024,61,Monaco,MEDIUM,2,60
100.295,HUL,2023,25,Bahrain,HARD,2,14
78.189,HAM,2023,15,Monaco,MEDIUM,1,15
97.556,VET,2022,12,Monaco,INTERMEDIATE,2,6
81.127,ZHO,2024,41,Monaco,HARD,2,40
85.069,NOR,2022,15,Australia,MEDIUM,1,15
94.221,ZHO,2023,11,Silverstone,MEDIUM,1,11
98.664,GAS,2024,5,Bahrain,SOFT,1,5
78.745,PIA,2024,13,Monaco,HARD,2,13
103.106,GAS,2022,1,Saudi Arabia,MEDIUM,1,1
96.823,PIA,2024,15,Bahrain,HARD,2,3
97.06,BOT,2022,52,Bahrain,SOFT,4,9
98.29,HAM,2022,32,Bahrain,MEDIUM,3,5
76.801,NOR,2024,72,Monaco,HARD,2,72
93.292,BOT,2023,25,Silverstone,HARD,1,25
79.101,RUS,2024,31,Monaco,MEDIUM,2,30
94.09,HAM,2022,12,Silverstone,MEDIUM,2,11
92.121,NOR,2022,49,Silverstone,SOFT,4,9
87.121,STR,2023,33,Monza,HARD,2,17
102.819,HUL,2022,15,Bahrain,SOFT,1,15
118.263,SAR,2023,70,Monaco,INTERMEDIATE,4,18
79.502,NOR,2023,5,Monaco,MEDIUM,1,5
78.8,TSU,2023,13,Monaco,MEDIUM,1,13
78.718,PIA,2023,16,Monaco,HARD,1,16
125.839,PER,2023,57,Monaco,INTERMEDIATE,4,4
99.299,ALB,2023,20,Bahrain,SOFT,2,9
78.351,LEC,2024,27,Monaco,HARD,2,26
98.892,HAM,2022,4,Bahrain,SOFT,1,6
98.16,GAS,2024,25,Bahrain,HARD,2,13
79.618,SAR,2023,45,Monaco,SOFT,3,22
78.969,PIA,2024,32,Monaco,HARD,2,32
102.423,SAI,2023,23,Singapore,HARD,2,3
95.831,RIC,2024,47,Bahrain,SOFT,3,12
98.539,MAG,2022,19,Bahrain,SOFT,2,8
99.058,MAG,2022,22,Bahrain,SOFT,2,11
86.778,RIC,2022,38,Monza,HARD,2,19
85.29,PER,2022,2,Australia,MEDIUM,1,2
80.543,TSU,2024,48,Monaco,HARD,2,48
120.013,PER,2022,48,Monza,SOFT,3,6
86.94,ALB,2023,30,Monza,HARD,2,18
92.541,HAM,2022,30,Silverstone,MEDIUM,2,29
137.012,TSU,2023,68,Monaco,INTERMEDIATE,2,15
102.108,ZHO,2023,11,Bahrain,SOFT,1,11
98.599,HUL,2022,52,Bahrain,SOFT,4,8
161.065,RUS,2022,1,Monaco,WET,1,1
93.122,HUL,2023,27,Silverstone,MEDIUM,2,20
94.068,GAS,2023,46,Saudi Arabia,HARD,2,32
82.182,ZHO,2024,8,Monaco,HARD,2,7
96.916,SAR,2023,19,Australia,MEDIUM,4,11
81.547,BOT,2024,11,Monaco,MEDIUM,2,10
103.08,HAM,2023,23,Singapore,HARD,2,3
79.929,MAG,2023,10,Monaco,HARD,1,10
95.113,TSU,2023,30,Saudi Arabia,HARD,2,13
94.087,ALO,2022,19,Silverstone,MEDIUM,2,18
91.521,HAM,2022,37,Silverstone,HARD,3,4
78.697,SAI,2023,7,Monaco,HARD,1,7
98.757,SAR,2024,5,Bahrain,SOFT,1,5
85.767,NOR,2023,76,Monaco,INTERMEDIATE,3,22
94.192,GAS,2022,50,Saudi Arabia,HARD,2,35
78.764,SAI,2023,6,Monaco,HARD,1,6
97.982,MAG,2023,53,Bahrain,SOFT,4,13
97.103,RIC,2024,51,Bahrain,SOFT,3,16
85.317,NOR,2022,19,Australia,MEDIUM,1,19
95.991,PER,2022,1,Saudi Arabia,MEDIUM,1,1
79.033,STR,2023,47,Monaco,HARD,1,48
82.89,HAM,2023,6,Australia,MEDIUM,1,6
82.431,PIA,2023,33,Australia,HARD,2,25
79.417,STR,2023,7,Monaco,HARD,1,8
78.403,NOR,2024,30,Monaco,HARD,2,30
80.986,ZHO,2024,36,Monaco,HARD,2,35
80.114,LEC,2024,9,Monaco,HARD,2,8
79.699,DEV,2023,23,Monaco,MEDIUM,1,23
107.735,GAS,2023,17,Saudi Arabia,HARD,2,3
83.218,TSU,2024,63,Monaco,HARD,2,63
82.032,NOR,2023,51,Australia,HARD,2,43
102.993,PER,2022,1,Bahrain,SOFT,1,4
83.593,BOT,2023,32,Australia,HARD,3,31
78.889,SAI,2024,22,Monaco,HARD,2,21
98.046,LEC,2022,6,Monaco,WET,1,6
92.878,PER,2022,36,Saudi Arabia,HARD,2,21
98.104,ALB,2023,33,Bahrain,HARD,3,7
98.654,BOT,2024,29,Bahrain,HARD,2,17
96.264,HAM,2024,20,Bahrain,HARD,2,8
93.997,MAG,2023,22,Silverstone,MEDIUM,1,22
98.084,TSU,2023,38,Bahrain,HARD,3,12
81.177,GAS,2023,44,Australia,HARD,2,36
118.378,VER,2023,15,Bahrain,SOFT,2,1
94.106,HUL,2023,49,Saudi Arabia,HARD,2,38
90.664,TSU,2023,10,Australia,HARD,2,2
95.662,PIA,2023,5,Saudi Arabia,HARD,2,4
94.577,MAG,2023,9,Silverstone,MEDIUM,1,9
96.986,NOR,2024,30,Bahrain,HARD,2,17
84.856,PER,2023,50,Monaco,MEDIUM,3,17
75.402,NOR,2022,57,Monaco,MEDIUM,5,6
95.979,RUS,2024,53,Bahrain,HARD,3,22
94.499,VER,2023,15,Saudi Arabia,MEDIUM,1,15
98.025,RIC,2024,32,Bahrain,HARD,2,19
86.906,HAM,2022,28,Monza,MEDIUM,1,28
80.098,RIC,2022,40,Monaco,HARD,3,21
82.599,VER,2023,16,Australia,HARD,2,8
80.222,BOT,2023,26,Monaco,HARD,1,26
100.126,HAM,2023,6,Singapore,MEDIUM,1,6
103.008,LEC,2023,56,Monaco,INTERMEDIATE,3,1
96.17,GAS,2023,13,Saudi Arabia,MEDIUM,1,13
92.42,DEV,2023,52,Silverstone,SOFT,3,20
87.01,HAM,2022,20,Monza,MEDIUM,1,20
94.05,NOR,2022,1,Australia,MEDIUM,1,1
103.238,GAS,2023,58,Monaco,INTERMEDIATE,3,4
86.289,RUS,2022,14,Monza,SOFT,1,14
112.49,PIA,2023,30,Silverstone,HARD,2,1
94.525,PER,2024,42,Bahrain,SOFT,3,6
95.523,SAR,2023,35,Saudi Arabia,MEDIUM,2,17
76.855,HAM,2024,58,Monaco,HARD,3,8
82.065,STR,2023,35,Australia,HARD,2,27
77.163,LEC,2023,33,Monaco,HARD,1,33
83.698,ZHO,2024,4,Monaco,HARD,2,3
104.206,VET,2022,4,Monaco,WET,1,4
96.209,OCO,2023,15,Saudi Arabia,MEDIUM,1,15
93.098,TSU,2023,23,Silverstone,HARD,2,9
111.107,ALB,2022,39,Australia,HARD,1,39
78.214,OCO,2022,61,Monaco,MEDIUM,3,31
87.204,LAW,2023,25,Monza,HARD,2,15
102.111,SAI,2023,17,Saudi Arabia,HARD,2,2
79.867,STR,2024,39,Monaco,MEDIUM,2,39
85.049,GAS,2022,33,Monaco,HARD,4,11
144.765,SAI,2022,49,Bahrain,SOFT,4,8
97.08,NOR,2022,3,Saudi Arabia,MEDIUM,1,3
97.327,ALB,2023,44,Bahrain,SOFT,4,4
94.541,ZHO,2023,45,Saudi Arabia,MEDIUM,3,27
100.925,BOT,2023,16,Singapore,HARD,1,16
101.849,ZHO,2024,9,Bahrain,SOFT,1,9
92.755,VER,2022,42,Saudi Arabia,HARD,2,26
78.439,TSU,2023,15,Monaco,MEDIUM,1,15
82.065,STR,2023,35,Australia,HARD,2,27
80.328,MAG,2023,14,Monaco,HARD,1,14
78.394,LEC,2023,14,Monaco,HARD,1,14
101.319,OCO,2023,38,Singapore,HARD,2,18
99.241,HUL,2023,19,Australia,HARD,2,11
76.803,VER,2023,21,Monaco,MEDIUM,1,21
100.72,HUL,2023,2,Bahrain,SOFT,1,5
97.46,RUS,2023,15,Bahrain,HARD,2,2
93.114,STR,2023,23,Silverstone,MEDIUM,1,24
92.92,HAM,2022,18,Silverstone,MEDIUM,2,17
78.69,ALB,2024,58,Monaco,HARD,2,57
84.459,GAS,2023,11,Australia,HARD,2,3
99.143,TSU,2023,12,Bahrain,HARD,2,2
98.03,STR,2023,7,Australia,MEDIUM,1,8
100.644,SAR,2023,4,Bahrain,SOFT,1,4
98.147,GAS,2023,57,Bahrain,SOFT,4,17
98.649,HAM,2022,2,Saudi Arabia,HARD,1,3
101.713,NOR,2022,5,Bahrain,MEDIUM,1,5
114.714,BOT,2023,1,Singapore,HARD,1,1
78.142,VER,2024,51,Monaco,MEDIUM,2,50
96.153,BOT,2023,16,Saudi Arabia,HARD,2,7
105.771,MAG,2023,1,Silverstone,MEDIUM,1,1
92.008,SAI,2022,49,Saudi Arabia,HARD,2,33
78.73,RIC,2024,65,Monaco,HARD,2,65
97.035,RUS,2023,42,Bahrain,HARD,3,11
76.905,SAI,2024,75,Monaco,HARD,2,74
94.2,VER,2023,14,Saudi Arabia,MEDIUM,1,14
78.9,ALB,2023,46,Monaco,HARD,2,28
95.403,LEC,2023,24,Saudi Arabia,HARD,2,8
95.511,GAS,2024,49,Bahrain,SOFT,4,6
86.406,ZHO,2023,40,Monza,MEDIUM,3,7
83.952,NOR,2022,34,Australia,HARD,2,14
102.599,SAR,2023,58,Monaco,INTERMEDIATE,4,6
98.093,MAG,2024,26,Bahrain,HARD,2,15
86.996,ZHO,2022,24,Monza,HARD,2,6
106.323,NOR,2023,1,Saudi Arabia,SOFT,1,1
101.57,SAR,2023,18,Singapore,MEDIUM,1,18
94.985,ALO,2022,7,Silverstone,MEDIUM,2,6
101.039,TSU,2022,44,Bahrain,SOFT,3,15
113.753,SAR,2023,40,Bahrain,HARD,3,10
96.918,VER,2023,48,Bahrain,HARD,3,12
96.263,TSU,2024,40,Bahrain,HARD,3,6
81.718,PER,2023,39,Australia,HARD,4,32
82.551,HAM,2023,32,Australia,HARD,2,24
83.966,SAR,2024,49,Monaco,HARD,2,49
93.468,GAS,2022,42,Saudi Arabia,HARD,2,27
78.201,PIA,2023,50,Monaco,HARD,1,50
84.118,DEV,2023,12,Australia,MEDIUM,2,4
77.99,GAS,2023,17,Monaco,HARD,1,17
92.501,LEC,2022,25,Silverstone,MEDIUM,2,24
111.651,RUS,2022,16,Saudi Arabia,MEDIUM,1,16
77.323,RUS,2023,41,Monaco,HARD,1,41
80.659,VER,2024,12,Monaco,MEDIUM,2,11
91.781,LEC,2023,49,Silverstone,MEDIUM,3,17
78.816,ALB,2024,35,Monaco,HARD,2,34
98.367,HAM,2023,24,Bahrain,HARD,2,12
81.167,HAM,2022,38,Monaco,MEDIUM,4,8
78.849,MAG,2023,37,Monaco,HARD,1,37
95.869,MAG,2022,18,Silverstone,MEDIUM,2,19
96.982,ALO,2024,30,Bahrain,HARD,2,15
94.119,LEC,2023,48,Saudi Arabia,HARD,2,32
93.117,ALB,2023,23,Silverstone,MEDIUM,1,23
77.433,OCO,2023,26,Monaco,MEDIUM,1,26
82.294,TSU,2023,49,Australia,HARD,2,41
86.931,ALO,2023,76,Monaco,INTERMEDIATE,3,21
98.584,OCO,2022,41,Bahrain,HARD,3,11
102.645,NOR,2022,12,Bahrain,MEDIUM,1,12
97.22,DEV,2023,8,Saudi Arabia,MEDIUM,1,8
101.181,OCO,2023,29,Bahrain,HARD,3,17
87.645,MAG,2022,41,Monza,HARD,2,17
86.906,SAR,2023,18,Monza,HARD,2,7
100.688,PER,2023,16,Singapore,HARD,1,16
94.216,OCO,2022,48,Saudi Arabia,HARD,2,32
92.369,DEV,2023,42,Silverstone,SOFT,3,10
81.204,OCO,2023,50,Australia,HARD,3,49
80.427,STR,2024,14,Monaco,MEDIUM,2,14
99.51,RUS,2023,60,Singapore,MEDIUM,3,16
97.706,HUL,2024,12,Bahrain,HARD,2,11
110.187,ALO,2022,12,Monza,MEDIUM,1,12
97.765,BOT,2024,17,Bahrain,HARD,2,5
95.973,PIA,2024,55,Bahrain,HARD,3,21
86.132,PIA,2023,29,Monza,HARD,2,11
94.736,ZHO,2023,5,Silverstone,MEDIUM,1,5
143.143,PER,2022,2,Monaco,WET,1,2
81.173,NOR,2023,46,Australia,HARD,2,38
78.383,BOT,2023,49,Monaco,HARD,1,49
98.707,SAR,2024,3,Bahrain,SOFT,1,3
139.202,STR,2022,20,Saudi Arabia,HARD,2,8
99.617,BOT,2023,9,Saudi Arabia,MEDIUM,1,9
93.166,SAI,2022,18,Silverstone,MEDIUM,2,17
78.141,NOR,2024,47,Monaco,HARD,2,47
82.635,PER,2022,33,Australia,HARD,2,13
97.077,HUL,2023,49,Bahrain,SOFT,4,12
131.859,PIA,2023,54,Monaco,HARD,1,54
77.404,RUS,2023,31,Monaco,HARD,1,31
93.39,HAM,2023,36,Saudi Arabia,MEDIUM,2,18
145.274,ALO,2023,37,Silverstone,SOFT,2,7
78.818,VER,2024,26,Monaco,MEDIUM,2,25
85.446,LAT,2022,15,Australia,HARD,2,3
82.532,NOR,2023,22,Australia,HARD,2,14
95.907,RIC,2022,15,Saudi Arabia,HARD,2,7
97.297,PER,2024,3,Bahrain,SOFT,1,6
94.79,SAI,2024,45,Bahrain,HARD,3,10
88.303,STR,2024,3,Monaco,MEDIUM,2,3
81.659,SAI,2023,37,Australia,HARD,3,30
99.33,HAM,2022,13,Bahrain,HARD,2,3
82.862,SAI,2023,13,Australia,HARD,3,6
91.939,DEV,2023,69,Monaco,INTERMEDIATE,2,16
100.383,ALO,2023,12,Singapore,MEDIUM,1,12
100.197,NOR,2023,37,Bahrain,MEDIUM,4,10
94.665,GAS,2022,34,Saudi Arabia,HARD,2,19
102.662,RUS,2023,1,Bahrain,SOFT,1,4
91.956,SAR,2023,51,Silverstone,SOFT,2,22
79.58,VER,2024,18,Monaco,MEDIUM,2,17
121.694,STR,2022,26,Monaco,HARD,4,3
101.845,LAW,2023,39,Singapore,HARD,2,19
95.984,PIA,2024,50,Bahrain,HARD,3,16
101.366,BOT,2023,26,Singapore,HARD,1,26
78.906,NOR,2023,29,Monaco,MEDIUM,1,29
98.874,OCO,2024,6,Bahrain,SOFT,1,6
95.12,RUS,2023,16,Saudi Arabia,MEDIUM,1,16
81.054,GAS,2024,16,Monaco,MEDIUM,2,15
97.482,TSU,2024,17,Bahrain,HARD,2,3
119.408,RIC,2024,14,Bahrain,HARD,2,1
82.523,BOT,2023,44,Australia,HARD,3,43
88.445,ZHO,2022,2,Monza,MEDIUM,1,2
94.083,RUS,2022,28,Saudi Arabia,HARD,2,12
100.638,ALB,2023,15,Singapore,MEDIUM,1,15
83.087,ALO,2023,23,Australia,HARD,2,15
97.48,RUS,2023,43,Bahrain,HARD,3,12
83.071,ALB,2022,44,Australia,HARD,1,44
99.748,LEC,2023,25,Singapore,HARD,2,5
97.659,ZHO,2024,16,Bahrain,HARD,2,7
98.407,BOT,2023,57,Bahrain,HARD,3,28
77.323,RUS,2022,39,Monaco,MEDIUM,3,9
84.639,ALO,2022,21,Australia,HARD,1,21
100.408,GAS,2023,19,Australia,HARD,2,11
87.28,NOR,2023,19,Monza,MEDIUM,1,19
96.059,ALB,2022,29,Saudi Arabia,HARD,2,16
100.72,HUL,2023,2,Bahrain,SOFT,1,5
95.47,PIA,2023,34,Saudi Arabia,HARD,2,33
80.246,SAI,2024,11,Monaco,HARD,2,10
94.859,PIA,2023,37,Saudi Arabia,HARD,2,36
98.258,PIA,2024,3,Bahrain,SOFT,1,6
109.827,VER,2023,1,Singapore,HARD,1,1
84.501,PER,2022,11,Australia,MEDIUM,1,11
101.431,PIA,2023,60,Monaco,INTERMEDIATE,2,6
102.106,LAT,2022,30,Bahrain,SOFT,2,16
132.438,SAR,2024,11,Bahrain,HARD,2,1
101.134,GAS,2023,7,Bahrain,SOFT,1,7
94.258,VET,2022,26,Silverstone,MEDIUM,3,22
92.789,ZHO,2023,44,Silverstone,SOFT,4,11
87.307,HAM,2022,14,Monza,MEDIUM,1,14
77.602,LEC,2023,27,Monaco,HARD,1,27
98.953,SAI,2022,29,Bahrain,SOFT,2,15
96.564,STR,2024,44,Bahrain,HARD,3,17
100.691,PIA,2023,3,Bahrain,SOFT,1,3
78.882,NOR,2023,22,Monaco,MEDIUM,1,22
84.838,HAM,2022,7,Australia,MEDIUM,1,7
98.372,OCO,2024,28,Bahrain,HARD,2,18
105.199,HAM,2023,59,Monaco,INTERMEDIATE,3,5
131.434,BOT,2022,3,Silverstone,MEDIUM,2,2
95.656,HUL,2023,67,Monaco,WET,4,8
96.374,BOT,2024,42,Bahrain,HARD,3,12
101.909,PIA,2023,3,Singapore,MEDIUM,1,3
83.052,PER,2023,13,Australia,HARD,4,6
98.382,PIA,2024,2,Bahrain,SOFT,1,5
81.023,GAS,2024,50,Monaco,MEDIUM,2,49
102.001,ALB,2023,6,Singapore,MEDIUM,1,6
97.098,MAG,2023,4,Saudi Arabia,MEDIUM,1,4
97.774,BOT,2024,38,Bahrain,HARD,3,8
109.408,MSC,2022,3,Monaco,WET,1,3
86.185,PIA,2023,74,Monaco,INTERMEDIATE,2,20
119.87,ALB,2023,27,Bahrain,HARD,3,1
96.93,MAG,2024,52,Bahrain,HARD,3,20
93.478,MAG,2022,47,Silverstone,MEDIUM,3,25
95.708,PER,2023,69,Monaco,WET,5,12
101.208,ALO,2023,38,Singapore,HARD,2,18
94.514,ZHO,2023,43,Saudi Arabia,MEDIUM,3,25
101.315,HAM,2023,63,Monaco,INTERMEDIATE,3,9
95.371,NOR,2024,46,Bahrain,HARD,3,13
93.042,HAM,2022,15,Silverstone,MEDIUM,2,14
76.962,HAM,2023,40,Monaco,HARD,2,9
128.105,BOT,2023,20,Saudi Arabia,MEDIUM,3,3
96.548,HUL,2024,26,Bahrain,HARD,3,6
81.887,PER,2022,48,Australia,HARD,2,28
77.372,SAR,2023,36,Monaco,SOFT,3,13
77.006,LEC,2022,43,Monaco,HARD,4,22
78.115,PIA,2023,31,Monaco,HARD,1,31
85.553,ALB,2022,20,Australia,HARD,1,20
86.486,BOT,2023,28,Monza,MEDIUM,2,6
93.829,MAG,2023,48,Saudi Arabia,HARD,2,40
77.579,RIC,2022,62,Monaco,HARD,3,43
93.498,SAI,2023,16,Silverstone,MEDIUM,1,16
97.117,OCO,2024,48,Bahrain,HARD,3,18
77.141,ALO,2023,26,Monaco,HARD,1,27
80.591,ALB,2024,15,Monaco,HARD,2,14
93.495,STR,2022,47,Silverstone,MEDIUM,4,10
95.494,HUL,2024,49,Bahrain,SOFT,4,9
86.477,SAI,2022,7,Monza,MEDIUM,1,7
88.292,HUL,2023,51,Monaco,HARD,2,50
92.568,RUS,2023,22,Silverstone,SOFT,1,25
78.088,BOT,2024,69,Monaco,HARD,3,55
119.843,TSU,2023,11,Bahrain,HARD,2,1
97.254,HUL,2024,28,Bahrain,HARD,3,8
80.69,ALO,2023,46,Australia,HARD,2,38
100.215,PER,2022,9,Bahrain,SOFT,1,12
87.233,SAR,2023,8,Monza,MEDIUM,1,11
95.133,SAI,2022,10,Saudi Arabia,MEDIUM,1,10
97.659,PER,2023,19,Bahrain,SOFT,2,4
95.064,ALO,2022,5,Silverstone,MEDIUM,2,4
78.049,RUS,2024,51,Monaco,MEDIUM,2,50
108.424,MAG,2023,13,Monza,MEDIUM,2,1
81.69,PER,2022,57,Australia,HARD,2,37
82.781,ZHO,2023,51,Australia,HARD,3,50
82.732,ZHO,2023,42,Australia,HARD,3,41
79.618,SAR,2023,45,Monaco,SOFT,3,22
134.348,VER,2023,18,Saudi Arabia,MEDIUM,1,18
85.564,PER,2023,23,Monza,HARD,2,2
76.164,HAM,2024,64,Monaco,HARD,3,14
78.943,HAM,2024,39,Monaco,MEDIUM,2,38
99.72,NOR,2023,38,Singapore,HARD,2,18
76.739,SAI,2022,40,Monaco,HARD,3,19
77.271,OCO,2023,45,Monaco,HARD,2,13
101.246,ALB,2023,39,Singapore,HARD,2,19
76.219,LEC,2024,73,Monaco,HARD,2,72
85.364,RIC,2022,19,Australia,MEDIUM,1,19
96.344,PER,2024,25,Bahrain,HARD,2,13
92.349,STR,2022,18,Monza,MEDIUM,1,19
93.874,HAM,2023,33,Saudi Arabia,MEDIUM,2,15
98.42,HUL,2023,21,Saudi Arabia,HARD,2,10
98.879,PER,2022,30,Bahrain,MEDIUM,2,15
101.295,PIA,2023,8,Bahrain,SOFT,1,8
97.383,ZHO,2024,55,Bahrain,HARD,3,27
80.434,HUL,2023,2,Monaco,HARD,2,1
77.713,GAS,2023,13,Monaco,HARD,1,13
101.23,DEV,2023,8,Bahrain,SOFT,1,8
100.919,MSC,2022,29,Bahrain,MEDIUM,2,17
89.743,BOT,2024,3,Monaco,MEDIUM,2,2
78.635,PER,2022,61,Monaco,MEDIUM,4,31
78.993,SAI,2024,23,Monaco,HARD,2,22
99.292,SAI,2023,61,Singapore,HARD,2,41
97.694,SAI,2023,54,Bahrain,HARD,3,23
118.46,RUS,2024,12,Bahrain,HARD,2,1
94.725,MSC,2022,24,Silverstone,HARD,3,5
101.473,ALB,2023,4,Singapore,MEDIUM,1,4
92.998,RUS,2023,41,Saudi Arabia,HARD,2,23
79.004,DEV,2023,16,Monaco,MEDIUM,1,16
98.636,DEV,2023,64,Monaco,INTERMEDIATE,2,11
92.914,ALO,2023,27,Silverstone,MEDIUM,1,28
87.37,RIC,2022,22,Monza,HARD,2,3
132.096,PER,2023,1,Australia,HARD,1,1
100.158,RUS,2022,9,Bahrain,SOFT,1,12
93.223,ALB,2023,67,Monaco,INTERMEDIATE,3,15
78.508,MAG,2023,40,Monaco,HARD,1,40
99.871,TSU,2022,26,Bahrain,MEDIUM,2,11
84.549,OCO,2022,37,Australia,HARD,2,20
94.827,HAM,2022,14,Monaco,WET,1,14
95.407,SAI,2024,55,Bahrain,HARD,3,20
99.86,HAM,2023,38,Singapore,HARD,2,18
121.262,GAS,2023,10,Bahrain,HARD,2,1
97.891,HUL,2023,31,Bahrain,HARD,3,5
85.496,RIC,2022,13,Australia,MEDIUM,1,13
80.658,BOT,2024,32,Monaco,HARD,3,18
78.731,OCO,2023,6,Monaco,MEDIUM,1,6
87.17,HAM,2022,30,Monza,MEDIUM,1,30
159.234,NOR,2022,1,Monaco,WET,1,1
80.434,HUL,2023,2,Monaco,HARD,2,1
98.68,ALO,2022,29,Bahrain,HARD,3,4
101.096,HUL,2023,19,Singapore,MEDIUM,1,19
81.053,RIC,2024,43,Monaco,HARD,2,43
98.597,LAT,2022,12,Saudi Arabia,MEDIUM,1,12
99.59,RUS,2023,2,Bahrain,SOFT,1,5
77.003,ZHO,2023,3,Monaco,HARD,2,2
139.502,PIA,2023,38,Silverstone,HARD,2,9
100.164,ALB,2022,16,Bahrain,MEDIUM,2,3
95.723,ALB,2024,40,Bahrain,HARD,3,4
98.649,ALB,2023,13,Bahrain,SOFT,2,2
85.77,SAI,2023,28,Monza,HARD,2,9
87.666,OCO,2023,73,Monaco,INTERMEDIATE,3,19
104.38,PER,2023,32,Silverstone,SOFT,2,4
101.69,ALB,2022,1,Australia,HARD,1,1
93.48,DEV,2023,20,Silverstone,SOFT,1,20
96.232,TSU,2022,20,Silverstone,HARD,3,3
82.752,VER,2022,33,Australia,HARD,2,15
92.034,NOR,2023,1,Monaco,MEDIUM,1,1
99.591,ALB,2023,21,Bahrain,SOFT,2,10
98.652,ALB,2024,9,Bahrain,SOFT,1,9
90.864,SAI,2023,10,Australia,HARD,3,3
100.523,HUL,2023,42,Singapore,HARD,2,22
104.788,HAM,2022,1,Saudi Arabia,HARD,1,2
98.01,PER,2023,49,Singapore,MEDIUM,2,10
128.682,NOR,2023,38,Bahrain,HARD,5,1
96.578,BOT,2024,35,Bahrain,HARD,3,5
103.041,SAI,2023,60,Monaco,INTERMEDIATE,3,5
77.371,PIA,2024,69,Monaco,HARD,2,69
95.058,GAS,2022,37,Saudi Arabia,HARD,2,22
98.814,LEC,2023,27,Bahrain,HARD,2,14
96.588,LEC,2022,9,Monaco,WET,1,9
86.828,GAS,2022,28,Australia,HARD,2,7
114.084,LAT,2022,39,Australia,HARD,3,16
75.342,HAM,2024,66,Monaco,HARD,3,16
94.836,ZHO,2022,37,Saudi Arabia,HARD,3,21
92.584,HUL,2023,46,Silverstone,SOFT,3,14
81.944,ZHO,2024,10,Monaco,HARD,2,9
86.287,PIA,2023,26,Monza,HARD,2,8
99.347,HAM,2023,62,Singapore,MEDIUM,3,18
78.362,PIA,2024,39,Monaco,HARD,2,39
94.933,MAG,2023,6,Silverstone,MEDIUM,1,6
93.912,TSU,2022,43,Silverstone,SOFT,4,5
99.161,NOR,2022,33,Bahrain,HARD,2,9
97.018,NOR,2024,28,Bahrain,HARD,2,15
96.757,SAR,2023,10,Saudi Arabia,HARD,1,10
87.347,ZHO,2023,19,Monza,HARD,2,11
76.547,VER,2024,63,Monaco,HARD,3,12
82.337,RUS,2022,48,Australia,HARD,2,25
101.361,ALB,2023,5,Singapore,MEDIUM,1,5
79.055,PIA,2024,20,Monaco,HARD,2,20
78.637,SAI,2023,8,Monaco,HARD,1,8
79.01,PIA,2024,29,Monaco,HARD,2,29
98.628,ZHO,2023,49,Bahrain,SOFT,3,20
97.247,ZHO,2022,54,Bahrain,SOFT,4,12
78.277,PIA,2024,44,Monaco,HARD,2,44
78.723,STR,2023,46,Monaco,HARD,1,47
86.545,ALB,2023,35,Monza,HARD,2,23
100.692,HUL,2023,30,Singapore,HARD,2,10
99.086,MAG,2023,21,Bahrain,HARD,2,6
97.177,PIA,2024,30,Bahrain,HARD,2,18
79.831,STR,2023,29,Monaco,HARD,1,30
97.244,HAM,2024,30,Bahrain,HARD,2,18
82.913,OCO,2023,26,Australia,HARD,3,25
98.441,SAR,2023,46,Bahrain,SOFT,4,6
96.211,PER,2024,24,Bahrain,HARD,2,12
81.539,OCO,2023,42,Australia,HARD,3,41
117.389,ALO,2023,35,Bahrain,HARD,3,1
101.082,OCO,2022,11,Bahrain,SOFT,1,11
77.876,ALO,2023,36,Monaco,HARD,1,37
78.351,LEC,2024,27,Monaco,HARD,2,26
80.156,LEC,2024,16,Monaco,HARD,2,15
97.59,ALB,2024,18,Bahrain,HARD,2,3
92.292,PER,2023,36,Saudi Arabia,HARD,2,18
100.814,ZHO,2023,5,Bahrain,SOFT,1,5
93.424,TSU,2023,19,Silverstone,HARD,2,5
87.075,MAG,2022,38,Monza,HARD,2,14
79.838,SAI,2022,35,Monaco,HARD,3,14
96.226,OCO,2024,34,Bahrain,HARD,3,4
96.765,BOT,2024,48,Bahrain,HARD,3,18
85.718,SAI,2023,31,Monza,HARD,2,12
80.698,STR,2024,18,Monaco,MEDIUM,2,18
99.758,SAR,2024,17,Bahrain,HARD,2,7
78.281,NOR,2022,37,Monaco,HARD,4,15
126.536,MAG,2023,20,Singapore,MEDIUM,1,20
80.136,SAI,2024,32,Monaco,HARD,2,31
97.662,BOT,2024,19,Bahrain,HARD,2,7
96.331,ALO,2023,50,Bahrain,HARD,3,16
85.177,RUS,2022,10,Australia,MEDIUM,1,10
96.686,HUL,2022,28,Saudi Arabia,HARD,1,29
135.708,OCO,2023,16,Bahrain,HARD,3,4
99.421,RIC,2022,43,Bahrain,HARD,3,10
101.352,TSU,2022,14,Bahrain,SOFT,1,14
109.326,ZHO,2023,17,Saudi Arabia,HARD,2,6
138.204,RUS,2022,50,Bahrain,SOFT,4,7
102.188,HUL,2023,58,Monaco,INTERMEDIATE,3,4
89.336,ZHO,2023,71,Monaco,INTERMEDIATE,3,19
78.357,HAM,2023,34,Monaco,HARD,2,3
96.696,RUS,2023,65,Monaco,INTERMEDIATE,2,11
95.409,TSU,2022,8,Silverstone,SOFT,2,7
81.017,LEC,2022,50,Australia,HARD,2,28
94.712,VET,2022,18,Silverstone,MEDIUM,3,14
79.48,SAI,2024,14,Monaco,HARD,2,13
121.075,ALB,2022,14,Bahrain,MEDIUM,2,1
93.084,ALB,2023,28,Silverstone,MEDIUM,1,28
100.402,BOT,2023,57,Monaco,INTERMEDIATE,2,6
86.327,VER,2023,24,Monza,HARD,2,4
102.11,ZHO,2022,8,Bahrain,SOFT,1,8
77.366,SAI,2023,26,Monaco,HARD,1,26
96.203,HAM,2023,66,Monaco,INTERMEDIATE,3,12
99.439,SAR,2023,17,Bahrain,SOFT,2,5
95.069,SAR,2023,34,Saudi Arabia,MEDIUM,2,16
87.706,NOR,2023,51,Monaco,HARD,2,1
102.81,LAT,2022,28,Bahrain,SOFT,2,14
82.104,VER,2023,25,Australia,HARD,2,17
99.692,SAR,2023,23,Bahrain,SOFT,2,11
95.536,GAS,2023,16,Saudi Arabia,HARD,2,2
81.518,NOR,2023,45,Australia,HARD,2,37
94.089,TSU,2022,52,Silverstone,SOFT,4,14
75.773,LEC,2023,46,Monaco,MEDIUM,2,2
94.541,ZHO,2023,45,Saudi Arabia,MEDIUM,3,27
97.552,ZHO,2024,18,Bahrain,HARD,2,9
78.123,VER,2022,62,Monaco,MEDIUM,4,32
94.848,VER,2023,12,Saudi Arabia,MEDIUM,1,12
95.708,HAM,2023,14,Saudi Arabia,HARD,1,14
78.638,SAR,2023,35,Monaco,SOFT,3,12
97.986,VER,2023,6,Bahrain,SOFT,1,9
99.313,SAR,2023,36,Australia,MEDIUM,4,28
97.27,NOR,2022,13,Saudi Arabia,MEDIUM,1,13
100.93,HUL,2023,26,Singapore,HARD,2,6
128.566,OCO,2022,24,Australia,HARD,2,7
97.995,ZHO,2024,26,Bahrain,HARD,2,17
95.371,ALB,2022,43,Saudi Arabia,HARD,2,30
96.903,MAG,2022,37,Bahrain,MEDIUM,3,3
95.547,ZHO,2023,14,Saudi Arabia,HARD,2,3
93.744,HUL,2023,71,Monaco,WET,4,12
94.91,NOR,2022,30,Saudi Arabia,HARD,2,14
83.906,TSU,2023,21,Australia,HARD,2,13
77.508,ALO,2023,14,Monaco,HARD,1,15
93.135,RUS,2023,49,Saudi Arabia,HARD,2,31
101.038,HAM,2023,1,Saudi Arabia,HARD,1,1
96.615,ZHO,2023,2,Saudi Arabia,MEDIUM,1,2
82.921,ALO,2023,21,Australia,HARD,2,13
86.881,OCO,2022,34,Monza,HARD,2,15
93.529,PER,2022,35,Saudi Arabia,HARD,2,20
83.893,TSU,2023,29,Australia,HARD,2,21
91.774,NOR,2022,45,Silverstone,SOFT,4,5
102.386,ALO,2023,19,Australia,HARD,2,11
102.916,ALO,2022,4,Monaco,WET,1,4
94.122,VER,2022,23,Silverstone,MEDIUM,3,11
97.086,HUL,2023,48,Bahrain,SOFT,4,11
82.45,LEC,2022,31,Australia,HARD,2,9
94.836,ALO,2023,24,Saudi Arabia,HARD,2,7
76.561,BOT,2024,17,Monaco,HARD,3,3
92.686,ALO,2023,30,Silverstone,MEDIUM,1,31
81.132,BOT,2022,38,Monaco,HARD,3,18
102.445,PER,2022,15,Bahrain,SOFT,1,18
93.625,RUS,2023,36,Saudi Arabia,HARD,2,18
98.154,VER,2023,8,Bahrain,SOFT,1,11
82.969,BOT,2024,47,Monaco,HARD,3,33
99.152,GAS,2022,22,Bahrain,MEDIUM,2,8
103.285,ZHO,2022,5,Monaco,WET,1,5
95.949,NOR,2022,23,Saudi Arabia,HARD,2,7
77.259,VER,2023,27,Monaco,MEDIUM,1,27
78.76,STR,2023,37,Monaco,HARD,1,38
84.537,STR,2022,30,Australia,HARD,4,11
99.462,ZHO,2023,23,Bahrain,HARD,2,11
80.235,PER,2023,53,Australia,HARD,4,46
77.249,ALO,2023,11,Monaco,HARD,1,12
98.725,STR,2024,5,Bahrain,SOFT,1,5
76.722,VER,2023,44,Monaco,MEDIUM,1,44
96.713,SAR,2024,31,Bahrain,HARD,3,3
84.874,SAR,2023,35,Australia,MEDIUM,4,27
80.886,MAG,2023,13,Monaco,HARD,1,13
81.456,PER,2023,32,Australia,HARD,4,25
133.526,NOR,2022,4,Australia,MEDIUM,1,4
97.146,STR,2022,49,Bahrain,SOFT,4,4
87.197,ALB,2023,75,Monaco,INTERMEDIATE,3,23
78.985,RUS,2024,49,Monaco,MEDIUM,2,48
86.457,ALO,2023,36,Monza,HARD,2,18
98.543,ALO,2024,12,Bahrain,SOFT,1,15
97.753,RUS,2022,37,Bahrain,MEDIUM,3,4
99.739,BOT,2022,34,Bahrain,MEDIUM,2,20
97.092,PER,2023,55,Bahrain,HARD,3,21
83.008,ALO,2023,15,Australia,HARD,2,7
77.565,SAI,2023,37,Monaco,MEDIUM,2,4
97.171,NOR,2024,32,Bahrain,HARD,2,19
97.859,PIA,2024,5,Bahrain,SOFT,1,8
113.062,HAM,2022,41,Saudi Arabia,MEDIUM,2,1
78.303,NOR,2024,39,Monaco,HARD,2,39
95.429,LEC,2022,54,Bahrain,SOFT,4,11
95.478,HUL,2023,34,Saudi Arabia,HARD,2,23
96.017,DEV,2023,15,Saudi Arabia,MEDIUM,1,15
98.656,GAS,2024,11,Bahrain,SOFT,1,11
97.122,ALO,2024,22,Bahrain,HARD,2,7
99.398,SAI,2023,16,Singapore,MEDIUM,1,16
93.112,NOR,2023,6,Silverstone,MEDIUM,1,6
86.592,SAI,2022,8,Monza,MEDIUM,1,8
87.009,STR,2022,11,Australia,HARD,3,7
98.874,OCO,2024,6,Bahrain,SOFT,1,6
81.801,GAS,2023,40,Australia,HARD,2,32
97.091,HAM,2024,16,Bahrain,HARD,2,4
98.272,LEC,2022,3,Bahrain,SOFT,1,3
100.892,SAR,2023,7,Bahrain,SOFT,1,7
80.153,HAM,2022,42,Monaco,MEDIUM,4,12
85.917,RUS,2022,27,Monza,HARD,2,4
95.256,RUS,2023,7,Saudi Arabia,MEDIUM,1,7
78.634,ALO,2023,35,Monaco,HARD,1,36
97.982,MAG,2023,53,Bahrain,SOFT,4,13
87.047,GAS,2022,38,Monza,HARD,2,21
98.769,STR,2024,7,Bahrain,SOFT,1,7
96.343,STR,2024,42,Bahrain,HARD,3,15
96.537,SAI,2024,31,Bahrain,HARD,2,17
84.245,SAR,2023,13,Australia,MEDIUM,4,5
97.126,MAG,2023,45,Bahrain,SOFT,4,5
146.174,STR,2022,26,Australia,HARD,4,7
97.721,SAI,2022,21,Bahrain,SOFT,2,7
98.747,BOT,2023,54,Monaco,INTERMEDIATE,2,3
98.39,SAR,2024,4,Bahrain,SOFT,1,4
82.161,PER,2022,47,Australia,HARD,2,27
77.999,SAI,2023,19,Monaco,HARD,1,19
97.994,STR,2024,25,Bahrain,HARD,2,16
98.835,ALB,2024,11,Bahrain,SOFT,1,11
83.134,RUS,2023,5,Australia,MEDIUM,1,5
99.128,SAI,2023,5,Bahrain,SOFT,1,8
93.671,BOT,2023,20,Silverstone,HARD,1,20
87.725,BOT,2023,19,Monza,HARD,1,22
148.46,ALB,2023,20,Saudi Arabia,HARD,2,3
92.188,PER,2023,38,Saudi Arabia,HARD,2,20
87.607,ALO,2022,3,Monza,MEDIUM,1,3
94.627,BOT,2023,15,Silverstone,HARD,1,15
132.263,TSU,2022,52,Monza,SOFT,3,5
80.484,ZHO,2024,69,Monaco,HARD,2,68
85.283,NOR,2024,3,Monaco,HARD,2,3
93.637,DEV,2023,17,Silverstone,SOFT,1,17
98.139,ALO,2023,25,Bahrain,HARD,2,11
119.341,ALB,2024,16,Bahrain,HARD,2,1
87.156,ALO,2023,17,Monza,MEDIUM,1,17
81.016,SAR,2024,17,Monaco,HARD,2,17
97.67,HUL,2023,2,Saudi Arabia,MEDIUM,1,2
100.55,ALB,2023,34,Singapore,HARD,2,14
94.404,ALO,2022,30,Saudi Arabia,HARD,2,14
85.743,MAG,2022,13,Australia,HARD,1,13
96.953,HAM,2023,46,Singapore,MEDIUM,3,2
100.875,OCO,2023,39,Singapore,HARD,2,19
100.484,STR,2022,36,Bahrain,SOFT,2,18
78.363,HUL,2023,24,Monaco,HARD,2,23
99.184,SAI,2023,32,Singapore,HARD,2,12
101.534,PIA,2023,9,Bahrain,SOFT,1,9
77.642,RIC,2022,56,Monaco,HARD,3,37
96.655,TSU,2023,7,Saudi Arabia,MEDIUM,1,7
102.288,HAM,2023,1,Bahrain,SOFT,1,4
78.074,OCO,2023,19,Monaco,MEDIUM,1,19
96.344,PER,2023,37,Bahrain,HARD,3,3
136.205,MAG,2023,18,Saudi Arabia,HARD,2,10
75.827,RUS,2024,71,Monaco,MEDIUM,2,70
93.087,LEC,2023,9,Silverstone,MEDIUM,1,9
96.249,MAG,2024,44,Bahrain,HARD,3,12
98.844,GAS,2023,54,Singapore,HARD,2,34
81.691,STR,2023,39,Australia,HARD,2,31
80.143,ALB,2024,23,Monaco,HARD,2,22
98.147,GAS,2023,57,Bahrain,SOFT,4,17
86.45,ZHO,2022,20,Australia,MEDIUM,1,20
94.968,DEV,2023,42,Saudi Arabia,HARD,2,25
101.089,PIA,2023,61,Monaco,INTERMEDIATE,2,7
88.456,LAT,2022,40,Australia,HARD,3,17
97.258,TSU,2023,46,Bahrain,SOFT,4,9
81.053,RIC,2024,43,Monaco,HARD,2,43
83.222,ZHO,2023,37,Australia,HARD,3,36
101.737,LEC,2024,11,Bahrain,SOFT,1,14
98.178,MAG,2022,43,Bahrain,MEDIUM,3,9
96.278,PER,2024,20,Bahrain,HARD,2,8
85.957,RUS,2022,33,Monza,HARD,2,10
95.199,MAG,2023,14,Saudi Arabia,HARD,2,6
92.495,BOT,2023,70,Monaco,INTERMEDIATE,2,19
79.38,BOT,2023,11,Monaco,HARD,1,11
97.67,HUL,2023,2,Saudi Arabia,MEDIUM,1,2
96.666,HAM,2024,24,Bahrain,HARD,2,12
84.192,BOT,2022,30,Australia,HARD,2,8
99.237,BOT,2023,63,Monaco,INTERMEDIATE,2,12
80.417,BOT,2024,46,Monaco,HARD,3,32
98.226,MAG,2024,27,Bahrain,HARD,2,16
78.789,HUL,2023,48,Monaco,HARD,2,47
93.925,SAR,2023,11,Silverstone,MEDIUM,1,11
98.184,GAS,2023,36,Bahrain,HARD,3,11
79.97,GAS,2024,46,Monaco,MEDIUM,2,45
84.319,SAR,2023,6,Australia,HARD,3,5
96.398,BOT,2022,14,Saudi Arabia,MEDIUM,1,14
79.046,SAI,2024,61,Monaco,HARD,2,60
97.338,OCO,2023,37,Bahrain,HARD,4,5
87.533,ALB,2023,12,Monza,MEDIUM,1,15
77.272,ALO,2023,23,Monaco,HARD,1,24
96.847,DEV,2023,4,Saudi Arabia,MEDIUM,1,4
83.869,ZHO,2023,12,Australia,HARD,3,11
94.068,VER,2022,35,Silverstone,HARD,4,12
96.592,RUS,2022,54,Bahrain,SOFT,4,11
94.438,MAG,2022,34,Silverstone,MEDIUM,3,12
96.502,ALO,2022,11,Saudi Arabia,MEDIUM,1,11
106.02,BOT,2022,47,Bahrain,SOFT,4,4
105.042,HUL,2022,40,Saudi Arabia,MEDIUM,2,4
101.329,OCO,2023,5,Singapore,MEDIUM,1,5
79.813,VER,2024,22,Monaco,MEDIUM,2,21
97.006,RUS,2023,50,Singapore,MEDIUM,3,6
90.44,VET,2022,22,Monaco,INTERMEDIATE,2,16
96.962,VER,2022,37,Bahrain,MEDIUM,3,7
77.64,LEC,2024,57,Monaco,HARD,2,56
82.289,SAR,2024,54,Monaco,HARD,2,54
94.688,NOR,2022,11,Silverstone,MEDIUM,2,11
79.139,BOT,2023,36,Monaco,HARD,1,36
93.177,LAT,2022,17,Monaco,HARD,3,15
95.974,SAR,2023,41,Saudi Arabia,MEDIUM,2,23
98.769,TSU,2024,12,Bahrain,SOFT,1,12
78.608,HUL,2023,46,Monaco,HARD,2,45
138.13,ALO,2022,2,Monaco,WET,1,2
97.784,OCO,2024,50,Bahrain,HARD,3,20
85.105,HAM,2023,78,Monaco,INTERMEDIATE,3,24
97.169,PER,2023,22,Bahrain,SOFT,2,7
78.666,ZHO,2023,42,Monaco,HARD,2,41
100.637,ALB,2023,42,Singapore,HARD,2,22
97.364,ZHO,2022,22,Saudi Arabia,HARD,2,6
93.976,OCO,2023,46,Saudi Arabia,HARD,2,30
78.985,RUS,2024,49,Monaco,MEDIUM,2,48
78.003,RIC,2024,44,Monaco,HARD,2,44
95.047,LAT,2022,49,Monza,SOFT,3,2
80.334,SAR,2023,10,Monaco,MEDIUM,1,10
92.979,ALO,2023,46,Saudi Arabia,HARD,2,29
94.186,HAM,2023,29,Saudi Arabia,MEDIUM,2,11
84.845,HAM,2022,45,Monza,SOFT,2,12
99.838,NOR,2023,37,Singapore,HARD,2,17
97.839,HAM,2024,7,Bahrain,SOFT,1,10
81.954,OCO,2023,37,Australia,HARD,3,36
95.075,LAT,2022,25,Silverstone,MEDIUM,3,6
85.965,LEC,2023,77,Monaco,INTERMEDIATE,3,22
86.612,ZHO,2023,75,Monaco,INTERMEDIATE,3,23
94.35,VER,2024,48,Bahrain,SOFT,3,11
100.532,RUS,2023,10,Bahrain,SOFT,1,13
99.099,GAS,2024,6,Bahrain,SOFT,1,6
95.305,SAI,2024,56,Bahrain,HARD,3,21
99.792,SAI,2023,24,Singapore,HARD,2,4
98.0,MAG,2024,31,Bahrain,HARD,2,20
97.52,NOR,2023,33,Bahrain,MEDIUM,4,6
99.51,NOR,2023,13,Bahrain,HARD,2,3
101.051,HUL,2023,38,Singapore,HARD,2,18
97.388,STR,2023,50,Bahrain,HARD,3,20
76.862,ALO,2023,45,Monaco,HARD,1,46
98.172,NOR,2024,11,Bahrain,SOFT,1,14
97.59,MAG,2024,14,Bahrain,HARD,2,3
94.171,ALO,2022,16,Monaco,WET,1,16
97.686,VER,2023,33,Bahrain,SOFT,2,19
86.711,HAM,2023,6,Monza,HARD,1,9
101.834,TSU,2023,55,Monaco,INTERMEDIATE,2,2
99.849,ZHO,2022,25,Bahrain,MEDIUM,2,10
80.408,PIA,2023,4,Monaco,HARD,1,4
82.405,BOT,2023,50,Australia,HARD,3,49
95.981,TSU,2024,42,Bahrain,HARD,3,8
77.742,SAI,2024,54,Monaco,HARD,2,53
94.282,TSU,2023,47,Saudi Arabia,HARD,2,30
93.367,BOT,2023,30,Silverstone,HARD,1,30
87.193,HAM,2023,46,Monza,MEDIUM,2,19
92.048,LEC,2022,47,Silverstone,HARD,3,22
91.037,NOR,2023,68,Monaco,INTERMEDIATE,3,14
94.59,ZHO,2022,33,Saudi Arabia,HARD,3,17
76.909,PIA,2024,64,Monaco,HARD,2,64
95.065,RUS,2024,40,Bahrain,HARD,3,9
83.662,DEV,2023,14,Australia,MEDIUM,2,6
93.156,ALO,2023,42,Saudi Arabia,HARD,2,25
85.813,GAS,2022,16,Australia,MEDIUM,1,16
99.185,SAI,2023,26,Singapore,HARD,2,6
93.838,PER,2022,14,Silverstone,MEDIUM,3,10
138.882,TSU,2022,40,Silverstone,SOFT,4,2
94.384,BOT,2023,37,Saudi Arabia,SOFT,4,2
105.222,VER,2023,1,Saudi Arabia,MEDIUM,1,1
79.975,GAS,2024,37,Monaco,MEDIUM,2,36
97.973,RIC,2024,25,Bahrain,HARD,2,12
99.182,DEV,2023,20,Bahrain,HARD,2,9
101.755,OCO,2023,28,Singapore,HARD,2,8
95.857,BOT,2022,8,Silverstone,MEDIUM,2,7
78.074,TSU,2023,41,Monaco,MEDIUM,1,41
80.473,ZHO,2024,74,Monaco,SOFT,3,4
117.77,NOR,2024,14,Bahrain,HARD,2,1
136.76,HAM,2023,18,Saudi Arabia,HARD,1,18
98.407,MAG,2023,52,Singapore,SOFT,3,12
77.316,SAI,2023,28,Monaco,HARD,1,28
86.346,GAS,2023,41,Monza,MEDIUM,3,10
77.916,SAI,2022,63,Monaco,HARD,3,42
125.071,SAI,2022,39,Saudi Arabia,HARD,2,23
78.633,ALB,2023,38,Monaco,HARD,2,20
93.568,PER,2023,8,Silverstone,MEDIUM,1,8
78.337,VER,2024,48,Monaco,MEDIUM,2,47
96.652,HUL,2024,25,Bahrain,HARD,3,5
93.961,PER,2023,17,Saudi Arabia,MEDIUM,1,17
100.908,OCO,2023,6,Singapore,MEDIUM,1,6
78.86,HAM,2024,34,Monaco,MEDIUM,2,33
95.509,MAG,2022,26,Saudi Arabia,HARD,1,28
87.943,HAM,2022,7,Monza,MEDIUM,1,7
80.301,OCO,2023,2,Monaco,MEDIUM,1,2
87.944,LAT,2022,4,Monza,MEDIUM,1,4
100.934,ALO,2023,12,Bahrain,SOFT,1,15
82.59,HUL,2023,23,Australia,HARD,2,15
98.996,DEV,2023,17,Bahrain,HARD,2,6
100.446,PER,2023,55,Monaco,INTERMEDIATE,4,2
78.218,NOR,2024,50,Monaco,HARD,2,50
96.792,BOT,2024,36,Bahrain,HARD,3,6
96.683,RUS,2024,16,Bahrain,HARD,2,5
95.321,SAI,2022,4,Saudi Arabia,MEDIUM,1,4
77.57,NOR,2024,53,Monaco,HARD,2,53
98.578,RUS,2023,20,Bahrain,HARD,2,7
101.091,PIA,2023,8,Singapore,MEDIUM,1,8
98.021,SAI,2023,57,Bahrain,HARD,3,26
122.493,VER,2022,32,Monaco,MEDIUM,4,2
98.445,MAG,2023,61,Singapore,SOFT,3,21
84.52,RUS,2022,16,Australia,MEDIUM,1,16
97.315,SAI,2023,54,Monaco,MEDIUM,2,21
97.516,TSU,2024,16,Bahrain,HARD,2,2
94.099,ALB,2023,7,Silverstone,MEDIUM,1,7
103.687,TSU,2022,15,Bahrain,SOFT,1,15
77.331,OCO,2023,31,Monaco,MEDIUM,1,31
98.73,STR,2023,22,Bahrain,HARD,2,7
81.01,ALO,2024,32,Monaco,MEDIUM,2,32
80.302,PIA,2023,12,Monaco,HARD,1,12
85.645,PER,2023,51,Monaco,MEDIUM,3,18
91.178,PIA,2023,42,Silverstone,HARD,2,13
78.05,NOR,2023,36,Monaco,MEDIUM,1,36
87.114,NOR,2022,32,Monza,MEDIUM,1,32
96.726,ALO,2023,49,Bahrain,HARD,3,15
84.03,PER,2022,46,Monza,SOFT,3,4
80.934,STR,2023,50,Australia,HARD,2,42
81.932,ALO,2023,30,Australia,HARD,2,22
100.432,GAS,2024,31,Bahrain,HARD,2,19
110.214,STR,2024,1,Bahrain,SOFT,1,1
97.788,VER,2023,20,Bahrain,SOFT,2,6
84.969,ZHO,2024,40,Monaco,HARD,2,39
80.593,SAR,2024,23,Monaco,HARD,2,23
77.979,PER,2023,20,Monaco,HARD,2,19
80.032,TSU,2024,69,Monaco,HARD,2,69
96.446,MAG,2024,46,Bahrain,HARD,3,14
96.753,HUL,2023,5,Saudi Arabia,MEDIUM,1,5
76.567,BOT,2024,18,Monaco,HARD,3,4
79.069,BOT,2024,60,Monaco,HARD,3,46
93.247,NOR,2022,42,Saudi Arabia,HARD,2,26
75.449,VER,2024,70,Monaco,HARD,3,19
100.488,HAM,2023,18,Australia,HARD,2,10
77.535,SAR,2023,30,Monaco,SOFT,3,7
97.666,SAI,2023,47,Singapore,HARD,2,27
98.135,HAM,2023,34,Bahrain,HARD,3,4
96.819,BOT,2024,51,Bahrain,HARD,3,21
86.016,HAM,2023,35,Monza,MEDIUM,2,8
81.659,SAI,2023,37,Australia,HARD,3,30
93.897,OCO,2023,43,Saudi Arabia,HARD,2,27
120.733,ZHO,2023,22,Singapore,MEDIUM,3,2
85.454,PER,2022,19,Australia,MEDIUM,1,19
93.612,SAI,2023,33,Monaco,HARD,1,33
80.69,ALO,2023,46,Australia,HARD,2,38
79.385,NOR,2024,14,Monaco,HARD,2,14
97.498,BOT,2022,42,Bahrain,MEDIUM,3,6
99.388,DEV,2023,21,Saudi Arabia,HARD,2,4
97.844,HAM,2023,48,Bahrain,HARD,3,18
79.192,ZHO,2023,31,Monaco,HARD,2,30
77.183,VER,2023,25,Monaco,MEDIUM,1,25
93.951,ALO,2023,12,Silverstone,MEDIUM,1,13
100.241,HAM,2023,11,Singapore,MEDIUM,1,11
99.089,DEV,2023,50,Bahrain,HARD,3,23
95.057,NOR,2023,39,Saudi Arabia,MEDIUM,3,20
98.0,BOT,2022,8,Saudi Arabia,MEDIUM,1,8
87.722,GAS,2022,17,Monza,MEDIUM,1,17
97.528,MAG,2023,34,Bahrain,SOFT,3,5
98.678,STR,2022,53,Bahrain,SOFT,4,8
96.583,SAI,2023,2,Saudi Arabia,MEDIUM,1,2
100.586,BOT,2022,9,Bahrain,SOFT,1,12
81.718,PER,2023,39,Australia,HARD,4,32
87.466,HUL,2023,29,Monza,HARD,2,20
100.247,NOR,2023,15,Singapore,MEDIUM,1,15
94.199,ALO,2024,48,Bahrain,HARD,3,7
96.859,PER,2023,48,Bahrain,HARD,3,14
97.821,PER,2024,7,Bahrain,SOFT,1,10
97.073,GAS,2022,12,Saudi Arabia,MEDIUM,1,12
80.09,GAS,2022,41,Monaco,HARD,4,19
105.538,DEV,2023,53,Australia,SOFT,3,8
82.631,ZHO,2023,27,Australia,HARD,3,26
97.25,VER,2023,50,Bahrain,HARD,3,14
82.85,GAS,2023,22,Australia,HARD,2,14
85.469,ALB,2022,19,Australia,HARD,1,19
87.346,LAT,2022,23,Monza,HARD,2,8
96.769,RUS,2024,21,Bahrain,HARD,2,10
96.858,HUL,2024,22,Bahrain,HARD,3,2
100.102,SAI,2023,10,Bahrain,SOFT,1,13
91.694,ALO,2022,52,Silverstone,SOFT,4,13
90.673,HAM,2023,41,Silverstone,SOFT,2,11
95.987,SAR,2024,52,Bahrain,SOFT,4,12
78.604,GAS,2023,7,Monaco,HARD,1,7
80.564,BOT,2024,24,Monaco,HARD,3,10
100.236,RUS,2022,10,Bahrain,SOFT,1,13
93.608,PER,2022,26,Saudi Arabia,HARD,2,11
100.718,PIA,2023,4,Bahrain,SOFT,1,4
99.602,SAR,2023,27,Bahrain,SOFT,2,15
144.933,DEV,2023,33,Silverstone,SOFT,3,1
96.259,BOT,2023,15,Saudi Arabia,HARD,2,6
93.238,LEC,2023,45,Saudi Arabia,HARD,2,29
94.388,HUL,2023,43,Saudi Arabia,HARD,2,32
93.913,SAI,2023,38,Saudi Arabia,HARD,2,23
100.918,ALB,2023,8,Bahrain,SOFT,1,8
103.089,LAW,2023,60,Singapore,HARD,2,40
95.464,STR,2022,13,Silverstone,MEDIUM,2,14
97.853,ALO,2023,23,Bahrain,HARD,2,9
83.486,OCO,2023,13,Australia,HARD,3,12
80.126,HAM,2024,14,Monaco,MEDIUM,2,13
78.403,NOR,2024,30,Monaco,HARD,2,30
79.709,ALO,2022,40,Monaco,MEDIUM,3,10
95.948,NOR,2022,51,Monaco,HARD,4,29
79.272,TSU,2023,26,Monaco,MEDIUM,1,26
86.333,PER,2023,7,Monza,MEDIUM,1,7
94.436,GAS,2023,36,Saudi Arabia,HARD,2,22
78.147,HAM,2022,60,Monaco,MEDIUM,4,30
94.606,MAG,2023,15,Silverstone,MEDIUM,1,15
94.797,PER,2024,43,Bahrain,SOFT,3,7
97.043,SAR,2023,6,Saudi Arabia,HARD,1,6
91.474,SAI,2022,51,Silverstone,SOFT,4,12
85.428,TSU,2022,55,Australia,HARD,2,37
97.933,DEV,2023,33,Bahrain,HARD,3,6
92.387,VER,2023,33,Saudi Arabia,HARD,2,15
97.85,VER,2023,35,Bahrain,SOFT,2,21
86.132,BOT,2022,14,Australia,MEDIUM,1,14
87.087,ALB,2023,17,Monza,HARD,2,5
88.987,BOT,2022,9,Monza,MEDIUM,1,9
74.718,ZHO,2024,75,Monaco,SOFT,3,5
101.002,HUL,2023,5,Bahrain,SOFT,1,8
92.916,ALO,2023,31,Silverstone,MEDIUM,1,32
86.691,SAI,2023,11,Monza,MEDIUM,1,11
80.376,DEV,2023,4,Monaco,MEDIUM,1,4
97.659,ZHO,2024,16,Bahrain,HARD,2,7
96.881,GAS,2022,3,Saudi Arabia,MEDIUM,1,3
100.809,BOT,2023,17,Singapore,HARD,1,17
97.311,RIC,2022,6,Saudi Arabia,MEDIUM,1,6
96.337,SAI,2024,30,Bahrain,HARD,2,16
143.719,LEC,2023,35,Silverstone,MEDIUM,3,3
118.392,LEC,2022,48,Monza,SOFT,3,15
98.77,PER,2023,16,Bahrain,SOFT,1,19
94.026,GAS,2023,43,Saudi Arabia,HARD,2,29
98.11,HUL,2024,15,Bahrain,HARD,2,14
85.828,NOR,2022,28,Australia,HARD,2,8
89.217,ALB,2023,72,Monaco,INTERMEDIATE,3,20
100.243,TSU,2023,3,Bahrain,SOFT,1,3
98.104,GAS,2024,23,Bahrain,HARD,2,11
99.689,HUL,2022,25,Bahrain,SOFT,2,6
94.365,RIC,2022,25,Silverstone,HARD,3,5
119.812,GAS,2022,24,Australia,HARD,2,3
94.701,VER,2022,12,Silverstone,MEDIUM,2,11
78.809,LEC,2023,9,Monaco,HARD,1,9
81.025,STR,2023,48,Australia,HARD,2,40
97.171,NOR,2024,32,Bahrain,HARD,2,19
93.189,ALO,2023,44,Saudi Arabia,HARD,2,27
94.331,SAI,2023,29,Saudi Arabia,HARD,2,14
87.953,ZHO,2022,8,Monza,MEDIUM,1,8
92.884,VER,2023,8,Silverstone,MEDIUM,1,8
97.879,HUL,2024,14,Bahrain,HARD,2,13
97.995,ZHO,2024,26,Bahrain,HARD,2,17
102.952,BOT,2023,58,Monaco,INTERMEDIATE,2,7
119.303,SAR,2023,31,Bahrain,HARD,3,1
83.084,TSU,2023,37,Australia,HARD,2,29
93.596,SAI,2022,6,Silverstone,MEDIUM,2,5
93.879,ZHO,2023,69,Monaco,INTERMEDIATE,3,17
81.134,SAR,2024,36,Monaco,HARD,2,36
86.509,PER,2023,20,Monza,MEDIUM,1,20
88.373,NOR,2023,71,Monaco,INTERMEDIATE,3,17
98.387,ALB,2023,56,Singapore,MEDIUM,3,13
78.857,HUL,2023,47,Monaco,HARD,2,46
80.929,SAR,2024,26,Monaco,HARD,2,26
95.216,SAI,2023,7,Saudi Arabia,MEDIUM,1,7
136.906,LAT,2022,42,Silverstone,SOFT,4,4
80.467,SAI,2023,53,Australia,HARD,3,46
99.854,ALO,2022,41,Bahrain,HARD,3,16
79.638,STR,2024,37,Monaco,MEDIUM,2,37
83.031,GAS,2022,56,Australia,HARD,2,35
99.889,SAR,2023,27,Singapore,HARD,2,8
97.965,MAG,2024,29,Bahrain,HARD,2,18
76.719,ALO,2023,42,Monaco,HARD,1,43
94.499,BOT,2022,30,Saudi Arabia,HARD,2,14
95.458,ZHO,2024,30,Bahrain,HARD,3,2
99.546,RIC,2022,9,Monaco,WET,1,9
134.823,LEC,2023,38,Silverstone,MEDIUM,3,6
99.418,MAG,2023,62,Singapore,SOFT,3,22
82.775,STR,2024,43,Monaco,HARD,3,3
126.002,MAG,2023,43,Singapore,HARD,2,23
100.238,ALO,2023,16,Singapore,MEDIUM,1,16
99.904,ZHO,2023,42,Bahrain,SOFT,3,13
83.014,BOT,2023,29,Australia,HARD,3,28
93.205,ALO,2023,67,Monaco,INTERMEDIATE,3,12
78.684,RUS,2024,43,Monaco,MEDIUM,2,42
105.075,OCO,2022,48,Bahrain,SOFT,4,8
82.657,VER,2022,32,Australia,HARD,2,14
81.128,ALO,2024,36,Monaco,MEDIUM,2,36
88.696,GAS,2023,2,Monza,MEDIUM,1,2
98.806,SAR,2023,54,Monaco,INTERMEDIATE,4,2
79.448,GAS,2024,57,Monaco,MEDIUM,2,56
95.203,STR,2022,20,Silverstone,HARD,3,6
97.83,BOT,2023,46,Bahrain,HARD,3,17
82.777,ZHO,2023,33,Australia,HARD,3,32
98.009,BOT,2024,34,Bahrain,HARD,3,4
95.505,TSU,2022,27,Silverstone,HARD,3,10
97.662,ALO,2023,55,Bahrain,HARD,3,21
94.193,VER,2024,46,Bahrain,SOFT,3,9
75.848,HAM,2024,60,Monaco,HARD,3,10
99.006,VER,2023,50,Singapore,MEDIUM,2,10
80.272,SAI,2024,8,Monaco,HARD,2,7
100.128,ALO,2023,30,Singapore,HARD,2,10
97.523,OCO,2023,39,Bahrain,HARD,4,7
100.553,PIA,2023,30,Singapore,HARD,2,10
85.593,RUS,2022,26,Monza,HARD,2,3
101.37,MAG,2022,12,Bahrain,SOFT,1,12
102.735,PER,2023,24,Singapore,HARD,1,24
88.788,VET,2022,10,Monza,MEDIUM,1,11
85.858,VER,2022,11,Monza,SOFT,1,11
77.556,RUS,2023,33,Monaco,HARD,1,33
81.338,OCO,2023,53,Australia,HARD,3,52
95.564,MAG,2023,28,Saudi Arabia,HARD,2,20
100.726,NOR,2023,7,Bahrain,SOFT,1,7
81.57,SAR,2023,44,Australia,HARD,5,15
95.653,PIA,2024,49,Bahrain,HARD,3,15
95.805,RUS,2024,47,Bahrain,HARD,3,16
98.733,GAS,2022,8,Monaco,INTERMEDIATE,2,7
92.271,SAI,2022,47,Saudi Arabia,HARD,2,31
86.707,ALO,2023,39,Monza,HARD,2,21
79.052,MAG,2023,8,Monaco,HARD,1,8
83.356,LEC,2022,11,Australia,MEDIUM,1,11
78.111,RUS,2023,23,Monaco,HARD,1,23
77.143,NOR,2024,65,Monaco,HARD,2,65
79.065,NOR,2023,9,Monaco,MEDIUM,1,9
95.954,RUS,2024,49,Bahrain,HARD,3,18
85.034,NOR,2022,39,Monza,SOFT,2,6
87.735,HAM,2023,73,Monaco,INTERMEDIATE,3,19
96.563,SAR,2024,32,Bahrain,HARD,3,4
96.262,STR,2023,15,Saudi Arabia,HARD,2,3
96.2,SAI,2024,24,Bahrain,HARD,2,10
95.606,NOR,2022,27,Saudi Arabia,HARD,2,11
88.009,HUL,2023,13,Monza,MEDIUM,1,16
87.569,ALB,2023,49,Monza,HARD,2,37
96.571,GAS,2023,7,Australia,SOFT,1,7
78.761,LEC,2022,37,Monaco,HARD,4,16
96.979,GAS,2023,53,Bahrain,SOFT,4,13
77.937,PER,2023,8,Monaco,HARD,2,7
92.002,SAI,2022,18,Monaco,WET,1,18
96.434,SAR,2023,14,Saudi Arabia,HARD,1,14
93.519,HAM,2023,11,Silverstone,MEDIUM,1,11
94.995,ZHO,2023,7,Silverstone,MEDIUM,1,7
86.773,ALB,2023,7,Monza,MEDIUM,1,10
125.968,OCO,2023,17,Saudi Arabia,HARD,2,1
100.042,SAI,2023,60,Singapore,HARD,2,40
96.314,ZHO,2023,5,Saudi Arabia,MEDIUM,1,5
79.634,VER,2024,36,Monaco,MEDIUM,2,35
98.015,SAR,2023,38,Bahrain,HARD,3,8
96.294,GAS,2022,26,Saudi Arabia,HARD,2,11
86.828,LEC,2023,48,Monza,HARD,2,28
98.537,MSC,2022,53,Bahrain,SOFT,3,20
76.962,HAM,2023,40,Monaco,HARD,2,9
94.68,STR,2022,41,Saudi Arabia,HARD,2,29
96.495,BOT,2023,13,Saudi Arabia,HARD,2,4
78.132,SAI,2022,64,Monaco,HARD,3,43
79.627,TSU,2023,12,Monaco,MEDIUM,1,12
96.128,BOT,2023,28,Saudi Arabia,MEDIUM,3,11
80.229,GAS,2024,28,Monaco,MEDIUM,2,27
131.362,HAM,2023,3,Australia,MEDIUM,1,3
83.068,TSU,2023,33,Australia,HARD,2,25
89.308,LAT,2022,3,Monza,MEDIUM,1,3
96.73,NOR,2024,25,Bahrain,HARD,2,12
80.731,ALB,2023,34,Monaco,HARD,2,16
81.338,OCO,2023,53,Australia,HARD,3,52
104.129,DEV,2023,56,Monaco,INTERMEDIATE,2,3
81.288,TSU,2023,2,Monaco,MEDIUM,1,2
116.899,ALO,2024,42,Bahrain,HARD,3,1
81.118,ALO,2023,48,Australia,HARD,2,40
78.779,BOT,2024,75,Monaco,HARD,3,61
93.488,NOR,2022,26,Monaco,HARD,3,4
87.272,TSU,2022,23,Monza,HARD,2,5
77.516,PIA,2023,46,Monaco,HARD,1,46
85.607,STR,2022,16,Australia,HARD,3,12
94.293,PER,2022,15,Silverstone,MEDIUM,3,11
76.773,LEC,2022,51,Monaco,HARD,4,30
97.784,RUS,2024,6,Bahrain,SOFT,1,9
92.116,ALB,2023,46,Silverstone,SOFT,2,18
98.857,STR,2024,8,Bahrain,SOFT,1,8
98.636,DEV,2023,64,Monaco,INTERMEDIATE,2,11
86.249,RUS,2023,5,Monza,MEDIUM,1,5
81.206,ALO,2023,43,Australia,HARD,2,35
94.341,LEC,2023,35,Saudi Arabia,HARD,2,19
93.212,SAR,2023,23,Silverstone,MEDIUM,1,23
78.694,LEC,2024,41,Monaco,HARD,2,40
77.433,HUL,2023,9,Monaco,HARD,2,8
109.132,STR,2024,48,Monaco,HARD,3,8
94.173,TSU,2023,10,Silverstone,SOFT,1,10
85.603,OCO,2023,4,Australia,HARD,2,3
82.473,BOT,2023,51,Australia,HARD,3,50
87.292,LAT,2022,32,Monza,HARD,2,17
100.829,ALB,2022,8,Monaco,WET,1,8
96.166,HUL,2023,10,Saudi Arabia,MEDIUM,1,10
95.679,VER,2024,31,Bahrain,HARD,2,14
92.333,PER,2022,48,Saudi Arabia,HARD,2,33
92.619,NOR,2023,23,Silverstone,MEDIUM,1,23
79.194,NOR,2024,23,Monaco,HARD,2,23
98.037,HAM,2024,10,Bahrain,SOFT,1,13
82.473,BOT,2023,51,Australia,HARD,3,50
93.075,ALO,2023,45,Saudi Arabia,HARD,2,28
99.834,SAR,2023,25,Bahrain,SOFT,2,13
87.362,STR,2023,8,Monza,MEDIUM,1,8
109.191,HUL,2023,1,Singapore,MEDIUM,1,1
86.584,HAM,2023,33,Monza,MEDIUM,2,6
94.454,NOR,2022,17,Silverstone,MEDIUM,2,17
93.22,ALO,2023,34,Saudi Arabia,HARD,2,17
95.443,STR,2023,10,Saudi Arabia,MEDIUM,1,10
95.56,STR,2023,4,Saudi Arabia,MEDIUM,1,4
107.636,ALB,2022,1,Bahrain,SOFT,1,1
96.311,ALB,2023,10,Saudi Arabia,MEDIUM,1,10
82.047,OCO,2023,27,Australia,HARD,3,26
130.911,HUL,2024,2,Bahrain,HARD,2,1
78.399,PIA,2024,47,Monaco,HARD,2,47
95.997,BOT,2023,33,Saudi Arabia,MEDIUM,3,16
96.253,NOR,2023,23,Saudi Arabia,MEDIUM,3,4
96.275,LEC,2023,5,Saudi Arabia,SOFT,1,5
81.856,NOR,2023,38,Australia,HARD,2,30
94.959,MAG,2023,32,Saudi Arabia,HARD,2,24
97.607,MAG,2023,48,Bahrain,SOFT,4,8
102.808,VER,2023,58,Monaco,INTERMEDIATE,2,3
82.554,MAG,2023,27,Australia,HARD,3,20
86.615,ZHO,2023,77,Monaco,INTERMEDIATE,3,25
85.136,SAR,2023,5,Australia,HARD,3,4
76.601,PIA,2024,68,Monaco,HARD,2,68
96.919,HAM,2024,25,Bahrain,HARD,2,13
87.39,SAI,2023,1,Monaco,HARD,1,1
96.83,ALB,2023,16,Saudi Arabia,MEDIUM,1,16
93.787,LEC,2023,33,Saudi Arabia,HARD,2,17
112.443,VER,2022,48,Monza,MEDIUM,2,23
87.469,GAS,2022,20,Monza,HARD,2,3
101.181,ALB,2022,21,Bahrain,MEDIUM,2,8
95.632,STR,2024,30,Bahrain,HARD,3,3
79.202,GAS,2022,44,Monaco,HARD,4,22
95.949,SAI,2022,21,Saudi Arabia,HARD,2,5
81.806,GAS,2023,33,Australia,HARD,2,25
82.134,ZHO,2024,49,Monaco,HARD,2,48
95.66,SAR,2024,50,Bahrain,SOFT,4,10
105.985,ALB,2023,1,Saudi Arabia,MEDIUM,1,1
92.306,STR,2023,39,Silverstone,SOFT,2,11
87.735,HAM,2023,73,Monaco,INTERMEDIATE,3,19
92.956,HAM,2023,20,Silverstone,MEDIUM,1,20
82.595,VER,2023,17,Australia,HARD,2,9
91.485,NOR,2022,35,Monza,MEDIUM,1,35
98.414,LEC,2022,4,Bahrain,SOFT,1,4
92.638,PER,2023,37,Saudi Arabia,HARD,2,19
94.862,ALO,2024,52,Bahrain,HARD,3,11
96.446,VER,2023,39,Bahrain,HARD,3,3
87.232,GAS,2022,8,Monza,MEDIUM,1,8
99.349,GAS,2023,13,Bahrain,HARD,2,4
98.477,LEC,2023,15,Bahrain,HARD,2,2
82.895,VET,2022,34,Monaco,HARD,4,12
99.143,TSU,2023,12,Bahrain,HARD,2,2
100.881,HUL,2023,53,Monaco,HARD,2,52
145.198,ALO,2023,22,Singapore,HARD,2,2
86.118,ZHO,2022,18,Australia,MEDIUM,1,18
94.108,SAR,2023,8,Silverstone,MEDIUM,1,8
96.467,HUL,2022,29,Saudi Arabia,HARD,1,30
82.256,OCO,2023,28,Australia,HARD,3,27
87.098,ZHO,2022,30,Monza,HARD,2,12
94.644,OCO,2023,35,Saudi Arabia,HARD,2,19
79.939,OCO,2022,42,Monaco,MEDIUM,3,12
112.685,PIA,2023,45,Singapore,HARD,2,25
82.321,HAM,2022,48,Australia,HARD,2,26
92.419,PER,2023,45,Saudi Arabia,HARD,2,27
145.863,TSU,2023,33,Silverstone,SOFT,3,1
94.189,TSU,2023,44,Saudi Arabia,HARD,2,27
93.479,MSC,2022,52,Silverstone,SOFT,4,13
94.795,SAI,2024,43,Bahrain,HARD,3,8
89.445,TSU,2022,59,Monaco,SOFT,5,3
78.207,SAI,2024,63,Monaco,HARD,2,62
83.538,MAG,2023,13,Australia,HARD,3,6
78.946,HAM,2024,41,Monaco,MEDIUM,2,40
96.887,OCO,2024,32,Bahrain,HARD,3,2
93.101,PER,2022,25,Silverstone,MEDIUM,3,21
129.667,ALB,2022,2,Monaco,WET,1,2
96.454,BOT,2024,14,Bahrain,HARD,2,2
98.718,PER,2023,6,Bahrain,SOFT,1,9
83.321,ALO,2023,12,Australia,HARD,2,4
84.941,RIC,2022,29,Australia,HARD,2,8
97.571,RUS,2024,14,Bahrain,HARD,2,3
87.224,ZHO,2022,39,Monza,HARD,2,21
92.608,VER,2024,39,Bahrain,SOFT,3,2
99.078,DEV,2023,19,Bahrain,HARD,2,8
93.653,HAM,2023,38,Saudi Arabia,MEDIUM,2,20
94.417,VET,2022,23,Silverstone,MEDIUM,3,19
97.782,RUS,2024,10,Bahrain,SOFT,1,13
127.588,PIA,2023,19,Saudi Arabia,HARD,2,18
96.086,STR,2024,36,Bahrain,HARD,3,9
82.458,NOR,2023,26,Australia,HARD,2,18
97.549,HAM,2023,33,Bahrain,HARD,3,3
94.476,BOT,2023,8,Silverstone,HARD,1,8
98.369,HAM,2023,27,Bahrain,HARD,2,15
96.022,GAS,2023,11,Saudi Arabia,MEDIUM,1,11
94.94,PER,2024,51,Bahrain,SOFT,3,15
86.99,OCO,2023,52,Monaco,HARD,2,20
87.487,LAW,2023,30,Monza,HARD,2,20
103.592,ZHO,2023,59,Monaco,INTERMEDIATE,3,7
79.756,HUL,2023,31,Monaco,HARD,2,30
95.767,SAI,2022,56,Bahrain,SOFT,4,15
83.268,GAS,2023,14,Australia,HARD,2,6
84.205,ALO,2022,29,Australia,HARD,1,29
89.729,ALB,2023,71,Monaco,INTERMEDIATE,3,19
81.806,GAS,2023,33,Australia,HARD,2,25
79.278,ALB,2023,11,Monaco,MEDIUM,1,11
90.997,NOR,2023,40,Silverstone,HARD,2,7
79.036,HUL,2023,49,Monaco,HARD,2,48
100.437,VER,2023,29,Singapore,HARD,1,29
91.302,HAM,2022,38,Silverstone,HARD,3,5
80.315,ALO,2024,48,Monaco,MEDIUM,2,48
81.034,ALO,2024,30,Monaco,MEDIUM,2,30
107.904,OCO,2023,18,Australia,HARD,3,17
76.492,HAM,2024,55,Monaco,HARD,3,5
82.526,HAM,2022,58,Australia,HARD,2,36
77.444,ALO,2023,15,Monaco,HARD,1,16
95.364,LEC,2023,9,Saudi Arabia,SOFT,1,9
114.774,VET,2022,27,Monaco,HARD,3,5
84.739,SAI,2022,42,Monza,SOFT,2,12
80.206,BOT,2023,12,Monaco,HARD,1,12
75.733,VER,2024,72,Monaco,HARD,3,21
87.149,SAR,2023,23,Monza,HARD,2,12
82.426,NOR,2023,28,Australia,HARD,2,20
81.392,ALO,2024,14,Monaco,MEDIUM,2,14
81.78,SAR,2024,40,Monaco,HARD,2,40
98.16,BOT,2023,56,Bahrain,HARD,3,27
98.036,GAS,2024,20,Bahrain,HARD,2,8
128.023,OCO,2023,40,Bahrain,HARD,4,8
95.408,MSC,2022,12,Silverstone,MEDIUM,2,11
94.966,HAM,2024,38,Bahrain,HARD,3,5
94.072,RUS,2022,29,Saudi Arabia,HARD,2,13
96.107,PIA,2024,54,Bahrain,HARD,3,20
86.282,DEV,2023,76,Monaco,INTERMEDIATE,2,23
99.471,TSU,2023,13,Bahrain,HARD,2,3
115.141,HAM,2023,54,Monaco,HARD,2,23
97.424,DEV,2023,22,Saudi Arabia,HARD,2,5
99.671,ALO,2023,63,Monaco,INTERMEDIATE,3,8
78.956,HUL,2023,27,Monaco,HARD,2,26
78.792,ALO,2022,57,Monaco,MEDIUM,3,27
97.896,NOR,2024,6,Bahrain,SOFT,1,9
103.122,HAM,2024,1,Bahrain,SOFT,1,4
95.841,TSU,2022,25,Silverstone,HARD,3,8
92.768,ALO,2023,40,Saudi Arabia,HARD,2,23
83.525,PER,2022,36,Australia,HARD,2,16
77.729,LEC,2022,63,Monaco,HARD,4,42
120.916,NOR,2022,50,Monza,SOFT,3,6
82.433,RIC,2024,8,Monaco,HARD,2,8
100.279,LEC,2023,7,Singapore,SOFT,1,10
109.761,HUL,2023,17,Saudi Arabia,HARD,2,6
99.709,GAS,2023,59,Singapore,HARD,2,39
79.92,GAS,2024,14,Monaco,MEDIUM,2,13
78.265,SAI,2023,11,Monaco,HARD,1,11
99.351,NOR,2022,26,Bahrain,HARD,2,2
101.978,MAG,2023,3,Bahrain,HARD,1,3
80.53,SAR,2024,33,Monaco,HARD,2,33
83.629,TSU,2023,13,Australia,HARD,2,5
100.276,DEV,2023,62,Monaco,INTERMEDIATE,2,9
87.502,ALO,2022,5,Monza,MEDIUM,1,5
78.39,PIA,2023,32,Monaco,HARD,1,32
97.03,VER,2024,13,Bahrain,SOFT,1,16
82.843,VER,2023,6,Australia,MEDIUM,1,6
95.752,PIA,2023,26,Saudi Arabia,HARD,2,25
80.703,VER,2023,46,Australia,HARD,2,38
81.852,HUL,2023,39,Australia,HARD,2,31
87.544,ZHO,2023,10,Monza,MEDIUM,1,10
95.141,DEV,2023,32,Saudi Arabia,HARD,2,15
87.219,GAS,2023,22,Monza,HARD,2,15
84.238,VER,2023,1,Monaco,MEDIUM,1,1
87.348,GAS,2023,14,Monza,HARD,2,7
76.971,LEC,2024,63,Monaco,HARD,2,62
92.493,SAI,2022,29,Silverstone,HARD,3,9
86.425,GAS,2023,42,Monza,MEDIUM,3,11
78.443,ALO,2023,13,Monaco,HARD,1,14
87.856,MSC,2022,21,Monza,MEDIUM,1,21
95.597,PER,2022,12,Monaco,WET,1,12
94.032,OCO,2023,8,Silverstone,SOFT,1,8
81.335,PIA,2023,53,Australia,HARD,2,45
78.456,BOT,2024,53,Monaco,HARD,3,39
100.62,SAI,2024,1,Bahrain,SOFT,1,4
91.301,NOR,2023,45,Silverstone,HARD,2,12
81.152,GAS,2023,49,Australia,HARD,2,41
104.29,ALO,2023,62,Singapore,SOFT,3,20
94.538,ZHO,2023,46,Saudi Arabia,MEDIUM,3,28
98.017,TSU,2023,32,Bahrain,HARD,3,6
97.206,ALO,2022,11,Monaco,WET,1,11
84.66,GAS,2022,37,Australia,HARD,2,16
86.684,ALB,2023,4,Monza,MEDIUM,1,7
97.638,ALO,2024,26,Bahrain,HARD,2,11
81.976,STR,2023,33,Australia,HARD,2,25
92.964,VER,2022,49,Silverstone,SOFT,5,10
99.3,NOR,2023,21,Saudi Arabia,MEDIUM,3,2
80.328,MAG,2023,14,Monaco,HARD,1,14
123.463,MAG,2022,45,Bahrain,MEDIUM,3,11
101.02,ALB,2022,30,Bahrain,MEDIUM,2,17
81.947,GAS,2023,32,Australia,HARD,2,24
88.348,MSC,2022,14,Monza,MEDIUM,1,14
94.276,ALO,2022,13,Silverstone,MEDIUM,2,12
76.695,NOR,2024,60,Monaco,HARD,2,60
98.393,HAM,2022,19,Bahrain,HARD,2,9
78.219,LEC,2023,10,Monaco,HARD,1,10
96.674,LEC,2022,33,Bahrain,MEDIUM,3,2
96.142,BOT,2023,32,Saudi Arabia,MEDIUM,3,15
99.777,BOT,2022,26,Bahrain,MEDIUM,2,12
78.003,RIC,2024,44,Monaco,HARD,2,44
93.571,RUS,2022,17,Monaco,WET,1,17
95.314,SAR,2023,32,Saudi Arabia,MEDIUM,2,14
98.707,SAI,2023,54,Singapore,HARD,2,34
98.392,NOR,2023,53,Singapore,HARD,2,33
94.908,NOR,2022,31,Saudi Arabia,HARD,2,15
96.263,TSU,2024,40,Bahrain,HARD,3,6
83.205,ZHO,2023,22,Australia,HARD,3,21
84.521,RUS,2022,17,Australia,MEDIUM,1,17
97.77,HAM,2023,50,Bahrain,HARD,3,20
95.847,OCO,2023,7,Saudi Arabia,MEDIUM,1,7
87.848,MAG,2023,15,Monza,MEDIUM,2,3
99.232,ZHO,2022,1,Australia,MEDIUM,1,1
87.021,SAR,2023,26,Monza,HARD,2,15
86.881,PER,2023,2,Monza,MEDIUM,1,2
99.562,LEC,2023,28,Singapore,HARD,2,8
87.067,STR,2023,42,Monza,HARD,2,26
99.365,PER,2024,36,Bahrain,HARD,2,24
98.084,TSU,2023,38,Bahrain,HARD,3,12
98.412,RIC,2022,21,Saudi Arabia,HARD,2,13
93.111,HUL,2023,73,Monaco,WET,4,14
98.504,HUL,2022,5,Saudi Arabia,HARD,1,6
85.836,MSC,2022,29,Australia,HARD,2,15
94.592,PER,2024,45,Bahrain,SOFT,3,9
100.52,SAI,2023,12,Bahrain,SOFT,1,15
131.142,STR,2023,2,Australia,MEDIUM,1,3
100.671,MAG,2023,16,Singapore,MEDIUM,1,16
98.817,OCO,2023,19,Bahrain,HARD,3,7
102.7,ZHO,2022,37,Bahrain,MEDIUM,2,22
132.003,NOR,2023,54,Monaco,HARD,2,4
92.949,SAR,2023,40,Silverstone,SOFT,2,11
96.343,BOT,2023,26,Saudi Arabia,MEDIUM,3,9
78.956,HUL,2023,27,Monaco,HARD,2,26
137.63,MAG,2022,50,Bahrain,SOFT,4,7
78.384,MAG,2023,46,Monaco,HARD,1,46
96.776,PER,2024,35,Bahrain,HARD,2,23
97.592,RUS,2023,35,Bahrain,HARD,3,4
103.291,ALO,2023,23,Singapore,HARD,2,3
96.934,STR,2024,52,Bahrain,HARD,3,25
84.382,LAT,2022,45,Australia,HARD,3,22
110.088,NOR,2022,1,Bahrain,MEDIUM,1,1
86.791,SAI,2022,10,Monza,MEDIUM,1,10
96.661,RIC,2024,54,Bahrain,SOFT,3,19
97.426,NOR,2023,45,Bahrain,HARD,5,8
100.372,NOR,2023,13,Singapore,MEDIUM,1,13
81.812,RIC,2022,37,Monaco,HARD,3,18
96.806,HUL,2023,47,Bahrain,SOFT,4,10
96.251,ALB,2022,24,Saudi Arabia,HARD,2,11
85.595,MAG,2023,51,Monaco,HARD,1,51
100.093,RUS,2023,10,Singapore,MEDIUM,1,10
131.323,GAS,2023,2,Australia,SOFT,1,2
78.229,RUS,2023,18,Monaco,HARD,1,18
96.565,NOR,2024,16,Bahrain,HARD,2,3
93.289,HAM,2022,46,Saudi Arabia,MEDIUM,2,6
111.989,VET,2022,26,Monaco,HARD,3,4
99.206,BOT,2024,6,Bahrain,SOFT,1,6
95.625,PIA,2023,45,Saudi Arabia,HARD,2,44
98.868,DEV,2023,15,Bahrain,HARD,2,4
94.966,PER,2024,49,Bahrain,SOFT,3,13
78.265,SAI,2023,11,Monaco,HARD,1,11
81.527,RIC,2024,42,Monaco,HARD,2,42
99.004,SAI,2022,30,Bahrain,SOFT,2,16
97.216,OCO,2023,38,Bahrain,HARD,4,6
98.114,RUS,2022,18,Bahrain,HARD,2,4
99.774,BOT,2022,22,Bahrain,MEDIUM,2,8
86.331,VER,2022,27,Australia,HARD,2,9
97.094,GAS,2022,13,Saudi Arabia,MEDIUM,1,13
89.708,STR,2022,23,Monaco,INTERMEDIATE,3,21
80.516,ALO,2023,52,Australia,HARD,2,44
97.784,BOT,2023,39,Bahrain,HARD,3,10
98.093,LAT,2022,8,Saudi Arabia,MEDIUM,1,8
96.912,NOR,2024,15,Bahrain,HARD,2,2
98.513,TSU,2024,8,Bahrain,SOFT,1,8
98.308,TSU,2022,12,Monaco,INTERMEDIATE,2,6
100.488,OCO,2023,7,Bahrain,SOFT,1,10
97.899,BOT,2024,15,Monaco,MEDIUM,2,14
95.091,DEV,2023,40,Saudi Arabia,HARD,2,23
80.97,SAR,2024,48,Monaco,HARD,2,48
93.414,LAT,2022,18,Monaco,HARD,3,16
81.976,RIC,2024,10,Monaco,HARD,2,10
96.242,STR,2024,35,Bahrain,HARD,3,8
87.218,LAT,2022,20,Monza,HARD,2,5
101.31,ZHO,2023,28,Singapore,MEDIUM,3,8
85.595,MAG,2023,51,Monaco,HARD,1,51
82.732,ZHO,2023,42,Australia,HARD,3,41
82.12,HAM,2023,20,Australia,HARD,2,12
87.862,BOT,2023,40,Monza,MEDIUM,2,18
85.572,PER,2022,40,Monza,HARD,2,33
124.169,PIA,2023,3,Australia,MEDIUM,1,3
97.607,MAG,2023,48,Bahrain,SOFT,4,8
96.657,RUS,2024,46,Bahrain,HARD,3,15
85.825,STR,2022,19,Australia,HARD,3,15
81.037,ALO,2024,22,Monaco,MEDIUM,2,22
81.255,RIC,2024,39,Monaco,HARD,2,39
100.835,TSU,2024,34,Bahrain,HARD,2,20
98.316,SAR,2023,55,Bahrain,SOFT,4,15
95.856,ALB,2024,39,Bahrain,HARD,3,3
119.445,ALB,2023,12,Bahrain,SOFT,2,1
83.447,OCO,2023,16,Australia,HARD,3,15
91.809,ALB,2023,52,Silverstone,SOFT,2,24
97.785,ZHO,2022,44,Bahrain,MEDIUM,3,7
98.98,TSU,2022,33,Bahrain,SOFT,3,4
94.707,STR,2022,23,Silverstone,HARD,3,9
98.153,GAS,2022,14,Saudi Arabia,MEDIUM,1,14
94.604,BOT,2023,14,Silverstone,HARD,1,14
93.651,HUL,2022,47,Saudi Arabia,MEDIUM,2,11
100.53,SAI,2023,12,Singapore,MEDIUM,1,12
95.276,NOR,2024,40,Bahrain,HARD,3,7
101.147,ALO,2023,11,Bahrain,SOFT,1,14
109.698,HUL,2022,1,Bahrain,SOFT,1,1
92.994,HUL,2023,72,Monaco,WET,4,13
98.184,GAS,2023,36,Bahrain,HARD,3,11
79.219,ALO,2024,59,Monaco,MEDIUM,2,59
96.292,NOR,2022,26,Saudi Arabia,HARD,2,10
142.255,ALB,2024,2,Monaco,HARD,2,1
97.862,RUS,2024,8,Bahrain,SOFT,1,11
88.153,HAM,2022,4,Monza,MEDIUM,1,4
97.433,GAS,2022,9,Saudi Arabia,MEDIUM,1,9
82.885,ALO,2023,24,Australia,HARD,2,16
93.242,SAI,2023,19,Silverstone,MEDIUM,1,19
86.678,LEC,2023,9,Monza,MEDIUM,1,9
99.189,PIA,2023,60,Singapore,HARD,2,40
149.04,PER,2022,25,Australia,HARD,2,5
100.554,ALO,2023,13,Singapore,MEDIUM,1,13
80.697,PER,2023,43,Australia,HARD,4,36
96.552,OCO,2024,39,Bahrain,HARD,3,9
96.232,MAG,2024,43,Bahrain,HARD,3,11
131.316,HUL,2023,2,Australia,MEDIUM,1,2
78.382,GAS,2024,72,Monaco,MEDIUM,2,71
94.569,MAG,2022,32,Saudi Arabia,HARD,1,34
98.127,ALO,2023,26,Bahrain,HARD,2,12
95.001,MAG,2023,29,Saudi Arabia,HARD,2,21
144.064,VER,2022,6,Australia,MEDIUM,1,6
93.259,LEC,2023,53,Monaco,MEDIUM,2,9
96.805,ZHO,2024,37,Bahrain,HARD,3,9
93.403,SAI,2023,40,Saudi Arabia,HARD,2,25
126.491,HAM,2023,41,Bahrain,HARD,3,11
92.17,LEC,2022,44,Saudi Arabia,HARD,2,28
83.12,OCO,2022,43,Australia,HARD,2,26
95.758,ALB,2024,45,Bahrain,HARD,3,9
77.271,OCO,2023,45,Monaco,HARD,2,13
143.719,MAG,2022,38,Saudi Arabia,MEDIUM,2,3
80.218,STR,2023,50,Monaco,HARD,1,51
95.591,DEV,2023,38,Saudi Arabia,HARD,2,21
99.083,RIC,2022,11,Monaco,WET,1,11
97.25,VER,2023,50,Bahrain,HARD,3,14
100.858,OCO,2023,10,Bahrain,SOFT,1,13
97.701,STR,2023,55,Bahrain,HARD,3,25
86.759,RIC,2022,40,Monza,HARD,2,21
80.851,BOT,2024,26,Monaco,HARD,3,12
81.476,OCO,2023,45,Australia,HARD,3,44
102.343,MAG,2023,24,Singapore,HARD,2,4
99.158,ALB,2023,15,Bahrain,SOFT,2,4
75.409,SAI,2024,66,Monaco,HARD,2,65
100.331,OCO,2023,6,Bahrain,SOFT,1,9
109.322,DEV,2023,17,Saudi Arabia,MEDIUM,1,17
86.26,LAW,2023,35,Monza,MEDIUM,3,5
86.761,NOR,2023,40,Monza,HARD,2,22
96.013,RUS,2024,54,Bahrain,HARD,3,23
94.836,MAG,2022,29,Saudi Arabia,HARD,1,31
77.201,HUL,2023,21,Monaco,HARD,2,20
85.552,STR,2022,14,Australia,HARD,3,10
94.481,HUL,2023,46,Saudi Arabia,HARD,2,35
82.256,OCO,2023,28,Australia,HARD,3,27
94.238,VET,2022,30,Silverstone,MEDIUM,3,26
86.121,LAW,2023,42,Monza,MEDIUM,3,12
94.403,VER,2024,49,Bahrain,SOFT,3,12
95.052,VET,2022,11,Silverstone,MEDIUM,3,7
102.139,LAW,2023,2,Singapore,MEDIUM,1,2
78.685,BOT,2023,43,Monaco,HARD,1,43
78.846,PIA,2024,41,Monaco,HARD,2,41
98.535,DEV,2023,39,Bahrain,HARD,3,12
82.125,SAR,2023,44,Monaco,SOFT,3,21
95.359,VER,2023,5,Saudi Arabia,MEDIUM,1,5
99.212,LEC,2023,11,Bahrain,SOFT,1,11
95.854,GAS,2022,4,Silverstone,SOFT,2,3
93.451,LEC,2022,14,Silverstone,MEDIUM,2,13
94.447,HAM,2023,30,Saudi Arabia,MEDIUM,2,12
78.053,HAM,2023,23,Monaco,MEDIUM,1,23
90.273,PER,2023,76,Monaco,INTERMEDIATE,6,6
78.636,LEC,2024,78,Monaco,HARD,2,77
101.834,TSU,2023,55,Monaco,INTERMEDIATE,2,2
94.622,SAI,2023,44,Silverstone,HARD,2,18
76.356,PIA,2024,74,Monaco,HARD,2,74
98.533,HUL,2022,54,Bahrain,SOFT,4,10
95.169,HAM,2024,44,Bahrain,HARD,3,11
80.553,TSU,2022,39,Monaco,MEDIUM,4,10
98.4,GAS,2024,27,Bahrain,HARD,2,15
105.856,MSC,2022,47,Bahrain,SOFT,3,14
94.915,LEC,2022,12,Saudi Arabia,MEDIUM,1,12
80.731,ALB,2023,34,Monaco,HARD,2,16
102.959,HUL,2022,14,Bahrain,SOFT,1,14
97.021,TSU,2023,45,Bahrain,SOFT,4,8
123.425,HAM,2022,40,Saudi Arabia,HARD,1,41
84.946,ALB,2022,29,Australia,HARD,1,29
117.22,VET,2022,7,Silverstone,MEDIUM,3,3
81.657,BOT,2024,56,Monaco,HARD,3,42
92.385,SAR,2023,51,Monaco,SOFT,3,28
86.245,LAW,2023,39,Monza,MEDIUM,3,9
96.104,SAI,2024,21,Bahrain,HARD,2,7
80.307,STR,2024,27,Monaco,MEDIUM,2,27
80.246,SAR,2023,4,Monaco,MEDIUM,1,4
78.384,MAG,2023,46,Monaco,HARD,1,46
132.188,RIC,2022,24,Australia,HARD,2,3
78.416,HAM,2022,55,Monaco,MEDIUM,4,25
102.782,HUL,2023,60,Monaco,WET,4,1
92.887,ALO,2023,47,Saudi Arabia,HARD,2,30
100.463,RUS,2023,12,Singapore,MEDIUM,1,12
77.911,ALB,2024,64,Monaco,HARD,2,63
98.266,DEV,2023,34,Bahrain,HARD,3,7
102.82,SAI,2023,59,Monaco,INTERMEDIATE,3,4
95.636,PIA,2023,7,Saudi Arabia,HARD,2,6
97.754,MAG,2023,36,Bahrain,SOFT,3,7
120.766,NOR,2022,28,Monaco,HARD,3,6
98.244,SAI,2022,23,Bahrain,SOFT,2,9
98.147,TSU,2023,30,Bahrain,HARD,3,4
84.299,OCO,2022,30,Australia,HARD,2,13
76.858,VER,2023,11,Monaco,MEDIUM,1,11
109.9,MSC,2022,12,Monza,MEDIUM,1,12
93.391,GAS,2023,31,Silverstone,MEDIUM,1,31
92.079,BOT,2023,47,Silverstone,SOFT,2,15
95.911,ALB,2023,11,Saudi Arabia,MEDIUM,1,11
97.586,STR,2022,3,Saudi Arabia,MEDIUM,1,4
96.226,PER,2024,28,Bahrain,HARD,2,16
99.474,RUS,2023,36,Singapore,HARD,2,16
85.686,OCO,2022,8,Australia,MEDIUM,1,8
92.294,PER,2023,34,Saudi Arabia,HARD,2,16
87.034,MSC,2022,27,Monza,MEDIUM,1,27
121.897,MSC,2022,49,Bahrain,SOFT,3,16
96.396,TSU,2024,47,Bahrain,HARD,3,13
95.257,PIA,2023,43,Saudi Arabia,HARD,2,42
78.817,ZHO,2024,62,Monaco,HARD,2,61
126.809,STR,2023,41,Bahrain,HARD,3,11
95.541,MAG,2022,10,Silverstone,MEDIUM,2,11
110.771,GAS,2022,12,Monza,MEDIUM,1,12
80.775,ALB,2024,37,Monaco,HARD,2,36
95.157,RUS,2023,8,Saudi Arabia,MEDIUM,1,8
83.921,TSU,2022,49,Australia,HARD,2,31
82.533,VER,2022,22,Australia,HARD,2,4
101.967,ZHO,2023,54,Bahrain,SOFT,3,25
97.264,SAI,2024,4,Bahrain,SOFT,1,7
93.27,MSC,2022,50,Silverstone,SOFT,4,11
100.006,SAR,2023,26,Bahrain,SOFT,2,14
95.297,HUL,2023,69,Monaco,WET,4,10
84.487,GAS,2022,45,Australia,HARD,2,24
76.583,SAI,2022,41,Monaco,HARD,3,20
95.838,RUS,2024,33,Bahrain,HARD,3,2
98.441,SAR,2023,46,Bahrain,SOFT,4,6
95.633,HAM,2024,55,Bahrain,HARD,3,22
95.048,HAM,2022,44,Saudi Arabia,MEDIUM,2,4
97.095,BOT,2024,54,Bahrain,HARD,3,24
98.111,HAM,2023,56,Bahrain,HARD,3,26
82.09,STR,2024,9,Monaco,MEDIUM,2,9
78.357,HAM,2023,34,Monaco,HARD,2,3
95.84,VER,2023,6,Saudi Arabia,MEDIUM,1,6
96.951,VER,2022,9,Monaco,WET,1,9
130.657,VER,2023,3,Australia,MEDIUM,1,3
98.04,MAG,2024,30,Bahrain,HARD,2,19
77.746,DEV,2023,45,Monaco,MEDIUM,1,45
97.073,HAM,2022,8,Saudi Arabia,HARD,1,9
86.384,LAW,2023,36,Monza,MEDIUM,3,6
97.663,HUL,2024,5,Bahrain,HARD,2,4
96.588,MAG,2023,44,Bahrain,SOFT,4,4
112.861,LEC,2023,19,Silverstone,HARD,2,1
95.831,RIC,2024,47,Bahrain,SOFT,3,12
96.819,BOT,2024,51,Bahrain,HARD,3,21
109.019,RIC,2022,20,Monza,HARD,2,1
78.964,BOT,2024,62,Monaco,HARD,3,48
117.632,ALB,2024,37,Bahrain,HARD,3,1
87.83,ALO,2022,24,Monza,MEDIUM,1,24
100.471,ZHO,2023,6,Singapore,HARD,2,4
93.737,ALO,2023,11,Silverstone,MEDIUM,1,12
99.774,MAG,2022,28,Bahrain,SOFT,2,17
77.334,HAM,2023,28,Monaco,MEDIUM,1,28
83.705,RUS,2023,13,Australia,HARD,3,6
78.024,VER,2023,35,Monaco,MEDIUM,1,35
100.69,MSC,2022,28,Bahrain,MEDIUM,2,16
93.88,ALO,2023,14,Silverstone,MEDIUM,1,15
95.256,OCO,2022,14,Silverstone,SOFT,2,13
118.961,BOT,2023,17,Saudi Arabia,HARD,2,8
81.126,RIC,2024,36,Monaco,HARD,2,36
89.701,GAS,2023,1,Monaco,HARD,1,1
97.7,NOR,2023,22,Saudi Arabia,MEDIUM,3,3
98.608,PER,2023,15,Bahrain,SOFT,1,18
98.218,BOT,2023,23,Saudi Arabia,MEDIUM,3,6
94.754,NOR,2022,50,Saudi Arabia,HARD,2,34
96.679,MAG,2024,48,Bahrain,HARD,3,16
95.384,RUS,2022,11,Saudi Arabia,MEDIUM,1,11
79.723,VER,2024,14,Monaco,MEDIUM,2,13
84.701,ALO,2023,77,Monaco,INTERMEDIATE,3,22
103.36,LAT,2022,13,Bahrain,SOFT,1,13
86.548,GAS,2023,40,Monza,MEDIUM,3,9
99.099,PER,2022,20,Australia,MEDIUM,1,20
79.992,ALO,2024,53,Monaco,MEDIUM,2,53
87.344,MAG,2023,29,Monza,MEDIUM,2,17
80.281,HUL,2023,16,Monaco,HARD,2,15
99.256,LEC,2022,12,Bahrain,SOFT,1,12
80.334,SAR,2023,10,Monaco,MEDIUM,1,10
80.59,HAM,2024,22,Monaco,MEDIUM,2,21
81.078,VER,2023,40,Australia,HARD,2,32
76.604,VER,2023,23,Monaco,MEDIUM,1,23
92.665,SAI,2022,50,Saudi Arabia,HARD,2,34
79.538,NOR,2024,32,Monaco,HARD,2,32
95.833,TSU,2024,37,Bahrain,HARD,3,3
81.206,ALO,2023,43,Australia,HARD,2,35
98.397,PIA,2024,11,Bahrain,SOFT,1,14
100.953,LAW,2023,34,Singapore,HARD,2,14
78.731,SAI,2024,46,Monaco,HARD,2,45
78.978,PIA,2024,34,Monaco,HARD,2,34
98.264,ALB,2022,4,Saudi Arabia,MEDIUM,1,4
85.01,VER,2022,43,Monza,MEDIUM,2,18
87.316,GAS,2022,6,Monza,MEDIUM,1,6
97.839,VER,2023,34,Bahrain,SOFT,2,20
76.59,PIA,2024,76,Monaco,HARD,2,76
97.533,STR,2024,15,Bahrain,HARD,2,6
81.119,ZHO,2024,57,Monaco,HARD,2,56
81.252,STR,2024,32,Monaco,MEDIUM,2,32
88.393,VER,2023,50,Monza,HARD,2,30
99.028,SAI,2022,1,Australia,HARD,1,1
123.232,MAG,2022,39,Australia,HARD,1,39
80.702,SAR,2023,13,Monaco,MEDIUM,1,13
98.564,HUL,2023,55,Bahrain,SOFT,4,18
98.567,RUS,2023,53,Singapore,MEDIUM,3,9
76.257,HAM,2023,47,Monaco,HARD,2,16
81.866,HUL,2023,48,Australia,HARD,2,40
97.498,TSU,2024,33,Bahrain,HARD,2,19
94.807,ZHO,2023,6,Silverstone,MEDIUM,1,6
96.899,NOR,2022,7,Saudi Arabia,MEDIUM,1,7
77.46,PER,2023,42,Monaco,MEDIUM,3,9
97.57,PIA,2024,31,Bahrain,HARD,2,19
86.005,SAI,2023,25,Monza,HARD,2,6
79.38,BOT,2023,11,Monaco,HARD,1,11
77.083,GAS,2023,30,Monaco,HARD,1,30
87.949,MAG,2023,6,Monza,HARD,1,10
91.438,SAI,2023,48,Silverstone,HARD,2,22
78.024,BOT,2023,21,Monaco,HARD,1,21
97.71,BOT,2023,50,Bahrain,HARD,3,21
87.502,SAR,2023,45,Monza,HARD,2,34
97.168,VER,2024,16,Bahrain,SOFT,1,19
82.104,VER,2023,25,Australia,HARD,2,17
84.453,DEV,2023,25,Australia,MEDIUM,2,17
93.958,NOR,2022,16,Silverstone,MEDIUM,2,16
78.92,MAG,2023,45,Monaco,HARD,1,45
86.25,BOT,2022,43,Monza,SOFT,2,8
117.797,MAG,2023,40,Bahrain,SOFT,3,11
77.135,LEC,2022,53,Monaco,HARD,4,32
78.365,LEC,2023,20,Monaco,HARD,1,20
87.827,VER,2023,10,Australia,HARD,2,2
107.858,DEV,2023,54,Monaco,INTERMEDIATE,2,1
78.382,GAS,2024,72,Monaco,MEDIUM,2,71
80.85,HAM,2023,48,Australia,HARD,2,40
98.478,STR,2023,24,Bahrain,HARD,2,9
79.974,SAI,2024,12,Monaco,HARD,2,11
145.067,PIA,2023,37,Silverstone,HARD,2,8
102.2,ALB,2023,57,Monaco,INTERMEDIATE,3,5
80.847,TSU,2024,16,Monaco,HARD,2,16
84.62,TSU,2023,5,Australia,MEDIUM,1,5
76.181,VER,2024,57,Monaco,HARD,3,6
100.908,SAR,2023,9,Bahrain,SOFT,1,9
78.061,BOT,2022,55,Monaco,HARD,3,35
98.35,NOR,2022,9,Monaco,WET,1,9
87.407,HAM,2023,26,Monza,HARD,1,29
99.241,HUL,2023,19,Australia,HARD,2,11
87.956,VET,2022,8,Monza,MEDIUM,1,9
89.091,HUL,2023,12,Monza,MEDIUM,1,15
98.639,RIC,2022,55,Bahrain,SOFT,4,11
119.692,ALO,2023,15,Bahrain,HARD,2,1
95.183,VER,2023,13,Saudi Arabia,MEDIUM,1,13
80.527,HAM,2023,2,Monaco,MEDIUM,1,2
87.545,MSC,2022,23,Monza,MEDIUM,1,23
94.681,LEC,2023,27,Saudi Arabia,HARD,2,11
86.515,RUS,2023,6,Monza,MEDIUM,1,6
81.102,SAI,2023,49,Australia,HARD,3,42
143.787,TSU,2022,51,Monza,SOFT,3,4
76.745,NOR,2022,43,Monaco,HARD,4,21
79.001,RIC,2022,48,Monaco,HARD,3,29
92.942,LEC,2022,29,Saudi Arabia,HARD,2,13
109.245,TSU,2022,23,Australia,HARD,2,5
106.451,PER,2023,34,Monaco,HARD,2,33
79.013,SAI,2024,34,Monaco,HARD,2,33
80.259,ALB,2023,14,Monaco,MEDIUM,1,14
94.949,PIA,2023,39,Saudi Arabia,HARD,2,38
94.167,VER,2022,22,Saudi Arabia,HARD,2,6
82.777,ZHO,2023,33,Australia,HARD,3,32
93.317,VET,2022,46,Silverstone,MEDIUM,4,9
85.891,DEV,2023,11,Australia,MEDIUM,2,3
86.523,BOT,2023,35,Monza,MEDIUM,2,13
79.775,NOR,2024,15,Monaco,HARD,2,15
80.336,OCO,2022,39,Monaco,MEDIUM,3,9
93.794,MSC,2022,34,Silverstone,HARD,3,15
81.061,ALO,2024,15,Monaco,MEDIUM,2,15
85.57,PER,2022,39,Monza,HARD,2,32
98.77,PER,2023,16,Bahrain,SOFT,1,19
92.54,DEV,2023,49,Silverstone,SOFT,3,17
93.864,ALO,2023,69,Monaco,INTERMEDIATE,3,14
93.795,MAG,2023,18,Silverstone,MEDIUM,1,18
85.218,RIC,2024,41,Monaco,HARD,2,41
92.302,VER,2022,44,Saudi Arabia,HARD,2,28
90.012,RUS,2023,72,Monaco,INTERMEDIATE,2,18
96.852,PER,2022,18,Bahrain,MEDIUM,2,3
93.464,ZHO,2023,67,Monaco,INTERMEDIATE,3,15
98.223,STR,2022,10,Saudi Arabia,MEDIUM,1,11
86.109,PER,2022,25,Monza,HARD,2,18
78.026,NOR,2023,34,Monaco,MEDIUM,1,34
95.783,ALB,2024,44,Bahrain,HARD,3,8
100.595,PER,2023,59,Monaco,WET,5,2
80.965,GAS,2024,33,Monaco,MEDIUM,2,32
80.892,ALB,2023,15,Monaco,MEDIUM,1,15
100.326,PER,2023,35,Singapore,HARD,1,35
77.467,LEC,2023,35,Monaco,HARD,1,35
78.424,VET,2022,62,Monaco,HARD,4,40
136.085,PER,2022,48,Bahrain,SOFT,4,8
87.124,OCO,2022,33,Monza,HARD,2,14
127.594,VER,2022,39,Saudi Arabia,HARD,2,23
78.838,HUL,2023,42,Monaco,HARD,2,41
108.988,RUS,2022,45,Bahrain,MEDIUM,3,12
86.901,OCO,2022,35,Monza,HARD,2,16
95.306,PIA,2024,45,Bahrain,HARD,3,11
86.708,ALB,2023,42,Monza,HARD,2,30
93.212,TSU,2023,51,Silverstone,SOFT,3,19
94.544,MAG,2023,12,Silverstone,MEDIUM,1,12
83.199,SAI,2023,12,Australia,HARD,3,5
86.802,ALB,2023,39,Monza,HARD,2,27
76.71,STR,2024,59,Monaco,SOFT,4,11
78.657,NOR,2023,23,Monaco,MEDIUM,1,23
126.68,BOT,2023,34,Silverstone,SOFT,2,2
96.018,VER,2024,35,Bahrain,HARD,2,18
82.885,ALO,2023,24,Australia,HARD,2,16
98.075,BOT,2023,51,Singapore,MEDIUM,2,11
97.522,ZHO,2022,42,Bahrain,MEDIUM,3,5
105.055,PER,2023,56,Monaco,INTERMEDIATE,4,3
93.616,HUL,2023,17,Silverstone,MEDIUM,2,10
98.66,NOR,2022,55,Bahrain,SOFT,4,13
97.144,ALB,2023,43,Bahrain,SOFT,4,3
101.249,HUL,2023,8,Bahrain,SOFT,1,11
95.342,VER,2024,25,Bahrain,HARD,2,8
98.409,ZHO,2022,5,Saudi Arabia,MEDIUM,1,5
79.375,TSU,2024,62,Monaco,HARD,2,62
78.443,OCO,2022,49,Monaco,MEDIUM,3,19
89.217,ALB,2023,72,Monaco,INTERMEDIATE,3,20
125.839,PER,2023,57,Monaco,INTERMEDIATE,4,4
82.625,HUL,2023,22,Australia,HARD,2,14
92.185,PER,2022,7,Monza,MEDIUM,1,7
89.541,OCO,2023,72,Monaco,INTERMEDIATE,3,18
79.152,ALB,2023,31,Monaco,HARD,2,13
103.955,SAR,2023,62,Singapore,MEDIUM,3,19
97.37,SAI,2023,21,Saudi Arabia,HARD,2,6
97.777,TSU,2024,29,Bahrain,HARD,2,15
79.239,TSU,2023,23,Monaco,MEDIUM,1,23
95.738,SAR,2023,25,Saudi Arabia,MEDIUM,2,7
95.255,RIC,2022,27,Saudi Arabia,HARD,2,19
80.315,ZHO,2024,56,Monaco,HARD,2,55
86.562,NOR,2023,41,Monza,HARD,2,23
76.628,SAI,2023,35,Monaco,MEDIUM,2,2
97.477,SAI,2022,16,Bahrain,SOFT,2,2
86.853,ALB,2023,20,Monza,HARD,2,8
80.462,ALB,2024,47,Monaco,HARD,2,46
96.485,STR,2024,40,Bahrain,HARD,3,13
100.087,VER,2023,33,Singapore,HARD,1,33
86.253,ZHO,2023,13,Monza,HARD,2,5
148.267,NOR,2023,22,Singapore,HARD,2,2
132.712,GAS,2023,19,Saudi Arabia,HARD,2,5
79.563,LEC,2023,45,Monaco,MEDIUM,2,1
94.646,ZHO,2023,39,Saudi Arabia,MEDIUM,3,21
78.936,RIC,2024,59,Monaco,HARD,2,59
86.655,RUS,2023,10,Monza,MEDIUM,1,10
81.34,SAR,2024,15,Monaco,HARD,2,15
80.72,SAR,2024,45,Monaco,HARD,2,45
96.339,PER,2024,31,Bahrain,HARD,2,19
132.434,TSU,2022,4,Australia,MEDIUM,1,4
85.609,MAG,2022,20,Australia,HARD,1,20
87.968,SAR,2023,75,Monaco,INTERMEDIATE,4,23
80.237,GAS,2024,60,Monaco,MEDIUM,2,59
94.202,BOT,2023,10,Australia,HARD,3,9
97.394,ZHO,2024,52,Bahrain,HARD,3,24
94.136,ALO,2023,25,Saudi Arabia,HARD,2,8
96.566,NOR,2024,26,Bahrain,HARD,2,13
77.201,HUL,2023,21,Monaco,HARD,2,20
92.931,RUS,2022,45,Saudi Arabia,HARD,2,29
138.377,NOR,2022,48,Monza,SOFT,3,4
128.106,PER,2022,16,Saudi Arabia,HARD,2,1
82.192,HUL,2023,34,Australia,HARD,2,26
85.316,VER,2023,76,Monaco,INTERMEDIATE,2,21
95.205,STR,2022,44,Saudi Arabia,HARD,2,32
126.804,GAS,2023,32,Silverstone,SOFT,2,4
103.086,GAS,2023,18,Australia,HARD,2,10
97.145,OCO,2024,53,Bahrain,HARD,3,23
96.92,VER,2022,36,Bahrain,MEDIUM,3,6
98.301,GAS,2022,41,Bahrain,HARD,3,9
99.166,HUL,2023,7,Australia,MEDIUM,1,7
80.032,TSU,2023,4,Monaco,MEDIUM,1,4
87.154,HAM,2023,22,Monza,HARD,1,25
99.939,TSU,2022,17,Bahrain,MEDIUM,2,2
95.16,VER,2024,20,Bahrain,HARD,2,3
97.519,VER,2023,56,Singapore,MEDIUM,2,16
78.524,RIC,2022,64,Monaco,HARD,3,45
81.516,ZHO,2024,28,Monaco,HARD,2,27
97.551,STR,2023,49,Bahrain,HARD,3,19
107.279,SAR,2023,17,Saudi Arabia,HARD,1,17
100.239,ALB,2022,20,Bahrain,MEDIUM,2,7
81.219,SAR,2024,14,Monaco,HARD,2,14
95.944,SAI,2023,12,Saudi Arabia,MEDIUM,1,12
84.427,STR,2022,33,Australia,HARD,4,14
82.68,RUS,2023,16,Australia,HARD,3,9
97.01,MAG,2023,6,Saudi Arabia,MEDIUM,1,6
75.648,HAM,2024,69,Monaco,HARD,3,19
145.614,HAM,2022,3,Silverstone,MEDIUM,2,2
76.98,PER,2023,48,Monaco,MEDIUM,3,15
95.367,RIC,2022,12,Silverstone,MEDIUM,2,12
103.438,MAG,2023,23,Singapore,HARD,2,3
75.228,RUS,2024,73,Monaco,MEDIUM,2,72
87.074,GAS,2022,25,Monza,HARD,2,8
101.395,OCO,2022,13,Bahrain,SOFT,1,13
104.176,BOT,2022,6,Monaco,WET,1,6
95.782,NOR,2024,53,Bahrain,HARD,3,20
76.105,LEC,2024,74,Monaco,HARD,2,73
108.451,ZHO,2022,28,Saudi Arabia,HARD,3,12
92.502,ZHO,2023,45,Silverstone,SOFT,4,12
93.411,SAI,2023,41,Saudi Arabia,HARD,2,26
86.99,HUL,2023,16,Monza,HARD,2,7
84.815,VER,2022,39,Monza,MEDIUM,2,14
101.931,ALO,2023,28,Singapore,HARD,2,8
97.774,BOT,2024,38,Bahrain,HARD,3,8
97.158,LEC,2024,30,Bahrain,HARD,2,19
87.498,MAG,2022,39,Monza,HARD,2,15
78.537,VER,2024,47,Monaco,MEDIUM,2,46
138.86,NOR,2023,44,Singapore,HARD,2,24
97.302,LEC,2024,17,Bahrain,HARD,2,6
96.093,HAM,2023,7,Saudi Arabia,HARD,1,7
97.618,HAM,2022,3,Saudi Arabia,HARD,1,4
85.598,PER,2023,46,Monza,HARD,2,25
85.841,PIA,2023,49,Monza,MEDIUM,3,11
100.254,PER,2023,32,Singapore,HARD,1,32
87.666,OCO,2023,73,Monaco,INTERMEDIATE,3,19
113.776,TSU,2023,1,Australia,MEDIUM,1,1
77.445,PIA,2024,55,Monaco,HARD,2,55
80.698,STR,2024,18,Monaco,MEDIUM,2,18
99.166,HUL,2023,7,Australia,MEDIUM,1,7
97.651,VER,2023,28,Bahrain,SOFT,2,14
110.643,BOT,2023,53,Australia,HARD,3,52
94.859,LEC,2024,40,Bahrain,HARD,3,6
82.068,RUS,2022,43,Australia,HARD,2,20
83.588,RUS,2022,38,Australia,HARD,2,15
149.321,PER,2022,3,Silverstone,MEDIUM,2,2
91.716,LEC,2023,50,Silverstone,MEDIUM,3,18
78.633,ALB,2023,38,Monaco,HARD,2,20
99.427,BOT,2023,24,Bahrain,HARD,2,13
97.067,BOT,2022,39,Bahrain,MEDIUM,3,3
93.466,MAG,2023,30,Silverstone,MEDIUM,1,30
96.729,SAR,2024,47,Bahrain,SOFT,4,7
82.754,RIC,2022,56,Australia,HARD,2,35
79.021,BOT,2023,31,Monaco,HARD,1,31
97.104,TSU,2022,53,Bahrain,SOFT,4,12
80.504,HAM,2024,20,Monaco,MEDIUM,2,19
84.62,BOT,2022,50,Australia,HARD,2,28
93.647,DEV,2023,22,Silverstone,SOFT,1,22
97.314,HUL,2023,45,Bahrain,SOFT,4,8
97.597,RUS,2023,44,Bahrain,HARD,3,13
77.159,HAM,2023,35,Monaco,HARD,2,4
86.864,PIA,2023,9,Monza,MEDIUM,1,9
94.582,OCO,2023,29,Saudi Arabia,HARD,2,13
78.615,BOT,2022,49,Monaco,HARD,3,29
83.524,RIC,2024,4,Monaco,HARD,2,4
84.146,ALO,2022,45,Australia,MEDIUM,2,6
101.573,DEV,2023,9,Bahrain,SOFT,1,9
82.868,RUS,2024,4,Monaco,MEDIUM,2,3
81.489,LEC,2022,48,Australia,HARD,2,26
80.826,SAI,2023,51,Australia,HARD,3,44
83.634,ALO,2023,13,Australia,HARD,2,5
77.195,RUS,2023,38,Monaco,HARD,1,38
101.753,ZHO,2023,53,Singapore,MEDIUM,3,33
85.888,HAM,2023,49,Monza,MEDIUM,2,22
99.473,PER,2022,3,Bahrain,SOFT,1,6
78.152,NOR,2023,49,Monaco,MEDIUM,1,49
78.78,NOR,2023,25,Monaco,MEDIUM,1,25
87.775,HUL,2023,30,Monza,HARD,2,21
81.686,PIA,2023,48,Australia,HARD,2,40
81.976,RIC,2024,10,Monaco,HARD,2,10
94.291,PIA,2023,49,Saudi Arabia,HARD,2,48
101.351,LAW,2023,5,Singapore,MEDIUM,1,5
88.012,ALO,2023,2,Monza,MEDIUM,1,2
94.988,ZHO,2022,18,Monaco,WET,1,18
97.822,RUS,2023,37,Bahrain,HARD,3,6
76.659,VER,2023,22,Monaco,MEDIUM,1,22
83.324,SAR,2023,49,Australia,HARD,5,20
81.193,ZHO,2024,12,Monaco,HARD,2,11
78.449,ZHO,2023,10,Monaco,HARD,2,9
80.222,ALB,2024,61,Monaco,HARD,2,60
110.35,TSU,2023,40,Bahrain,HARD,3,14
101.521,MAG,2023,2,Bahrain,HARD,1,2
121.989,TSU,2022,16,Bahrain,MEDIUM,2,1
92.554,PER,2023,31,Saudi Arabia,HARD,2,13
92.516,VER,2022,46,Silverstone,SOFT,5,7
95.59,SAR,2024,49,Bahrain,SOFT,4,9
97.137,GAS,2023,7,Saudi Arabia,MEDIUM,1,7
96.103,MAG,2022,15,Saudi Arabia,HARD,1,17
145.716,HAM,2023,44,Singapore,HARD,2,24
93.915,OCO,2023,41,Saudi Arabia,HARD,2,25
86.586,LEC,2023,44,Monza,HARD,2,24
98.38,HAM,2023,29,Bahrain,HARD,2,17
86.62,HAM,2023,32,Monza,MEDIUM,2,5
98.614,LEC,2023,8,Bahrain,SOFT,1,8
81.455,GAS,2023,45,Australia,HARD,2,37
96.647,HUL,2024,27,Bahrain,HARD,3,7
82.049,HAM,2022,42,Australia,HARD,2,20
137.392,PER,2023,44,Singapore,MEDIUM,2,5
85.292,MSC,2022,45,Australia,HARD,2,31
82.995,PIA,2023,27,Australia,HARD,2,19
100.693,VER,2023,13,Singapore,HARD,1,13
85.585,VER,2023,38,Monza,HARD,2,18
76.926,ZHO,2023,5,Monaco,HARD,2,4
80.464,MAG,2023,16,Monaco,HARD,1,16
99.348,RUS,2023,33,Singapore,HARD,2,13
101.37,SAR,2024,16,Bahrain,HARD,2,6
94.715,TSU,2023,37,Saudi Arabia,HARD,2,20
87.837,LAT,2022,5,Monza,MEDIUM,1,5
92.73,VER,2023,3,Silverstone,MEDIUM,1,3
85.582,HAM,2023,29,Monza,MEDIUM,2,2
86.818,DEV,2022,24,Monza,MEDIUM,2,5
101.431,PIA,2023,60,Monaco,INTERMEDIATE,2,6
78.499,TSU,2024,57,Monaco,HARD,2,57
86.335,RUS,2023,42,Monza,HARD,2,26
101.166,DEV,2023,7,Bahrain,SOFT,1,7
100.802,PIA,2023,26,Singapore,HARD,2,6
77.748,LEC,2024,53,Monaco,HARD,2,52
79.15,VER,2022,58,Monaco,MEDIUM,4,28
131.047,GAS,2022,3,Silverstone,SOFT,2,2
95.121,ALB,2022,35,Saudi Arabia,HARD,2,22
82.005,STR,2023,29,Australia,HARD,2,21
97.914,SAI,2022,22,Bahrain,SOFT,2,8
99.639,LEC,2023,37,Singapore,HARD,2,17
83.488,ZHO,2023,26,Australia,HARD,3,25
86.458,RUS,2023,46,Monza,HARD,2,30
95.158,ZHO,2023,38,Saudi Arabia,MEDIUM,3,20
80.995,GAS,2023,47,Australia,HARD,2,39
99.228,RUS,2024,1,Bahrain,SOFT,1,4
95.817,RIC,2022,23,Saudi Arabia,HARD,2,15
102.041,LEC,2022,15,Bahrain,SOFT,1,15
98.053,ZHO,2024,27,Bahrain,HARD,2,18
92.933,VER,2023,25,Saudi Arabia,HARD,2,7
116.166,LEC,2024,35,Bahrain,HARD,3,1
91.559,HAM,2023,46,Silverstone,SOFT,2,16
89.333,TSU,2022,3,Monza,MEDIUM,1,3
99.945,STR,2023,7,Bahrain,SOFT,1,10
76.59,PIA,2024,76,Monaco,HARD,2,76
96.431,PER,2023,38,Bahrain,HARD,3,4
96.133,VER,2024,34,Bahrain,HARD,2,17
93.322,SAI,2023,68,Monaco,INTERMEDIATE,3,13
98.347,NOR,2023,39,Bahrain,HARD,5,2
78.694,MAG,2023,25,Monaco,HARD,1,25
95.07,VER,2023,7,Australia,MEDIUM,1,7
83.765,BOT,2023,34,Australia,HARD,3,33
93.241,OCO,2022,17,Monaco,WET,1,17
80.329,TSU,2024,25,Monaco,HARD,2,25
95.18,SAR,2023,40,Saudi Arabia,MEDIUM,2,22
94.148,PER,2023,75,Monaco,INTERMEDIATE,6,5
81.358,RIC,2024,37,Monaco,HARD,2,37
78.454,NOR,2023,31,Monaco,MEDIUM,1,31
86.58,LEC,2023,46,Monza,HARD,2,26
84.019,DEV,2023,23,Australia,MEDIUM,2,15
85.35,STR,2022,18,Australia,HARD,3,14
78.328,TSU,2023,40,Monaco,MEDIUM,1,40
79.589,HUL,2023,28,Monaco,HARD,2,27
122.071,PIA,2023,13,Bahrain,SOFT,1,13
78.789,ZHO,2024,63,Monaco,HARD,2,62
98.297,RUS,2022,44,Bahrain,MEDIUM,3,11
93.025,PER,2023,28,Saudi Arabia,HARD,2,10
80.824,HUL,2023,13,Monaco,HARD,2,12
92.978,RIC,2022,36,Silverstone,SOFT,4,4
83.584,MAG,2023,20,Australia,HARD,3,13
86.913,ALB,2023,23,Monza,HARD,2,11
84.829,VER,2022,29,Monza,MEDIUM,2,4
78.637,RIC,2024,64,Monaco,HARD,2,64
76.971,LEC,2023,48,Monaco,MEDIUM,2,4
85.242,HAM,2023,75,Monaco,INTERMEDIATE,3,21
87.067,ALB,2023,2,Monza,MEDIUM,1,5
98.243,HUL,2022,51,Bahrain,SOFT,4,7
94.075,PER,2023,11,Saudi Arabia,MEDIUM,1,11
98.345,NOR,2023,20,Bahrain,SOFT,3,6
99.923,HUL,2023,50,Singapore,HARD,2,30
95.756,MAG,2023,11,Saudi Arabia,HARD,2,3
101.615,HUL,2023,9,Bahrain,SOFT,1,12
83.446,ALO,2024,41,Monaco,MEDIUM,2,41
80.076,SAI,2024,17,Monaco,HARD,2,16
97.614,VER,2023,18,Bahrain,SOFT,2,4
87.075,ZHO,2023,20,Monza,HARD,2,12
90.862,ALO,2023,53,Monaco,HARD,1,54
122.547,MAG,2023,41,Bahrain,SOFT,4,1
85.078,VER,2022,41,Monza,MEDIUM,2,16
94.083,MAG,2023,21,Silverstone,MEDIUM,1,21
80.19,TSU,2024,31,Monaco,HARD,2,31
78.991,HUL,2023,43,Monaco,HARD,2,42
93.365,LAT,2022,45,Silverstone,SOFT,4,7
78.117,BOT,2022,51,Monaco,HARD,3,31
78.094,SAI,2024,52,Monaco,HARD,2,51
93.797,RUS,2022,15,Monaco,WET,1,15
98.207,OCO,2022,21,Saudi Arabia,HARD,2,5
84.573,LAT,2022,38,Australia,HARD,3,15
78.531,RUS,2023,15,Monaco,HARD,1,15
87.655,OCO,2022,11,Monza,SOFT,1,11
101.211,OCO,2023,36,Singapore,HARD,2,16
100.053,PER,2024,1,Bahrain,SOFT,1,4
83.485,BOT,2023,30,Australia,HARD,3,29
96.89,VER,2023,43,Bahrain,HARD,3,7
77.259,ALO,2023,31,Monaco,HARD,1,32
98.873,ZHO,2023,18,Bahrain,HARD,2,6
96.882,PIA,2024,26,Bahrain,HARD,2,14
87.032,TSU,2022,33,Monza,HARD,2,15
95.729,NOR,2023,29,Saudi Arabia,MEDIUM,3,10
109.054,RIC,2022,3,Monaco,WET,1,3
78.99,RUS,2023,8,Monaco,HARD,1,8
129.502,ALO,2023,3,Australia,MEDIUM,1,4
95.856,ALB,2024,39,Bahrain,HARD,3,3
80.264,PIA,2024,15,Monaco,HARD,2,15
88.016,PIA,2023,72,Monaco,INTERMEDIATE,2,18
100.037,STR,2022,32,Bahrain,SOFT,2,14
77.031,VER,2023,9,Monaco,MEDIUM,1,9
95.851,MAG,2024,36,Bahrain,HARD,3,4
93.692,NOR,2022,16,Monaco,WET,1,16
99.448,LEC,2023,39,Singapore,HARD,2,19
92.005,PER,2023,43,Silverstone,SOFT,2,15
77.894,SAI,2024,48,Monaco,HARD,2,47
85.661,TSU,2022,29,Australia,HARD,2,11
141.674,VER,2023,38,Silverstone,SOFT,2,8
98.369,VER,2023,10,Bahrain,SOFT,1,13
96.663,LEC,2022,37,Bahrain,MEDIUM,3,6
98.86,NOR,2023,16,Bahrain,HARD,2,6
94.738,SAR,2023,29,Saudi Arabia,MEDIUM,2,11
100.004,ZHO,2022,28,Bahrain,MEDIUM,2,13
81.529,ZHO,2024,13,Monaco,HARD,2,12
98.544,DEV,2023,45,Australia,MEDIUM,2,37
78.308,RUS,2024,41,Monaco,MEDIUM,2,40
78.449,RUS,2024,45,Monaco,MEDIUM,2,44
99.797,LAT,2022,41,Bahrain,MEDIUM,3,9
106.657,OCO,2024,1,Bahrain,SOFT,1,1
100.445,STR,2022,26,Bahrain,SOFT,2,8
81.901,ALO,2023,28,Australia,HARD,2,20
84.205,BOT,2022,45,Australia,HARD,2,23
82.824,HUL,2023,16,Australia,HARD,2,8
113.453,HUL,2023,12,Saudi Arabia,HARD,2,1
78.141,SAI,2024,47,Monaco,HARD,2,46
96.801,SAR,2023,43,Bahrain,SOFT,4,3
95.065,RUS,2024,40,Bahrain,HARD,3,9
87.769,MSC,2022,2,Australia,MEDIUM,1,4
86.545,BOT,2023,37,Monza,MEDIUM,2,15
99.335,HAM,2023,5,Bahrain,SOFT,1,8
82.825,PIA,2023,28,Australia,HARD,2,20
97.777,TSU,2024,21,Bahrain,HARD,2,7
76.697,RUS,2024,61,Monaco,MEDIUM,2,60
78.055,OCO,2023,14,Monaco,MEDIUM,1,14
84.222,MAG,2022,30,Australia,HARD,1,30
97.233,RUS,2024,19,Bahrain,HARD,2,8
78.548,STR,2023,22,Monaco,HARD,1,23
97.376,RIC,2022,3,Saudi Arabia,MEDIUM,1,3
78.074,VER,2024,42,Monaco,MEDIUM,2,41
88.363,ALO,2022,27,Monza,MEDIUM,1,27
113.456,ZHO,2023,40,Bahrain,SOFT,3,11
83.29,ALO,2023,5,Australia,MEDIUM,1,6
92.599,ZHO,2023,49,Silverstone,SOFT,4,16
87.044,ZHO,2022,11,Australia,MEDIUM,1,11
83.82,GAS,2022,46,Australia,HARD,2,25
99.028,LAW,2023,47,Singapore,HARD,2,27
80.792,ZHO,2024,23,Monaco,HARD,2,22
76.115,NOR,2024,67,Monaco,HARD,2,67
80.397,NOR,2024,9,Monaco,HARD,2,9
98.273,BOT,2022,1,Monza,MEDIUM,1,1
78.361,LEC,2023,18,Monaco,HARD,1,18
80.117,TSU,2024,38,Monaco,HARD,2,38
79.904,GAS,2024,19,Monaco,MEDIUM,2,18
88.274,STR,2022,7,Australia,HARD,3,3
95.058,LEC,2024,46,Bahrain,HARD,3,12
98.139,ALO,2023,17,Bahrain,HARD,2,3
92.463,SAI,2022,35,Silverstone,HARD,3,15
81.994,VER,2023,12,Australia,HARD,2,4
100.109,TSU,2023,24,Bahrain,HARD,2,14
97.167,VER,2023,1,Silverstone,MEDIUM,1,1
102.049,MAG,2023,11,Bahrain,HARD,1,11
95.974,NOR,2023,50,Monaco,MEDIUM,1,50
96.034,SAI,2024,20,Bahrain,HARD,2,6
82.479,HUL,2023,26,Australia,HARD,2,18
101.295,VER,2023,14,Bahrain,SOFT,1,17
93.723,OCO,2023,48,Saudi Arabia,HARD,2,32
93.683,GAS,2023,13,Silverstone,MEDIUM,1,13
98.348,ZHO,2022,17,Bahrain,MEDIUM,2,2
87.272,NOR,2023,18,Monza,MEDIUM,1,18
91.317,SAI,2022,49,Silverstone,SOFT,4,10
83.586,PIA,2023,51,Monaco,HARD,1,51
86.968,DEV,2022,28,Monza,MEDIUM,2,9
85.299,TSU,2023,4,Australia,MEDIUM,1,4
99.362,SAR,2023,22,Bahrain,SOFT,2,10
80.162,BOT,2023,27,Monaco,HARD,1,27
95.891,HUL,2023,25,Saudi Arabia,HARD,2,14
98.825,LEC,2023,4,Bahrain,SOFT,1,4
78.658,PIA,2024,23,Monaco,HARD,2,23
90.363,VER,2023,71,Monaco,INTERMEDIATE,2,16
102.668,LEC,2023,24,Singapore,HARD,2,4
82.523,SAI,2023,23,Australia,HARD,3,16
94.889,ALB,2022,36,Saudi Arabia,HARD,2,23
99.261,RUS,2023,4,Bahrain,SOFT,1,7
84.626,ALO,2022,22,Australia,HARD,1,22
95.842,SAI,2023,11,Saudi Arabia,MEDIUM,1,11
96.842,MAG,2024,49,Bahrain,HARD,3,17
75.162,LEC,2024,71,Monaco,HARD,2,70
86.809,STR,2023,29,Monza,HARD,2,13
99.897,ALB,2023,62,Monaco,INTERMEDIATE,3,10
93.905,VER,2024,52,Monaco,MEDIUM,2,51
99.093,STR,2023,1,Saudi Arabia,MEDIUM,1,1
84.205,ALO,2022,34,Australia,HARD,1,34
80.534,GAS,2024,49,Monaco,MEDIUM,2,48
93.42,RUS,2023,38,Saudi Arabia,HARD,2,20
81.375,ZHO,2024,53,Monaco,HARD,2,52
113.588,SAI,2022,38,Saudi Arabia,HARD,2,22
97.211,BOT,2023,4,Saudi Arabia,MEDIUM,1,4
95.397,ZHO,2023,33,Saudi Arabia,MEDIUM,3,15
80.36,ALB,2024,20,Monaco,HARD,2,19
120.651,STR,2022,19,Bahrain,SOFT,2,1
99.016,BOT,2023,28,Bahrain,HARD,2,17
87.115,DEV,2022,26,Monza,MEDIUM,2,7
96.69,HUL,2022,13,Saudi Arabia,HARD,1,14
79.006,RUS,2024,26,Monaco,MEDIUM,2,25
80.589,STR,2024,26,Monaco,MEDIUM,2,26
95.054,DEV,2023,7,Silverstone,SOFT,1,7
101.621,RIC,2022,12,Bahrain,MEDIUM,1,12
88.53,DEV,2023,46,Australia,SOFT,3,1
87.835,MAG,2022,10,Monza,MEDIUM,1,10
79.025,PIA,2023,22,Monaco,HARD,1,22
94.729,ZHO,2022,34,Saudi Arabia,HARD,3,18
88.377,BOT,2022,29,Monza,MEDIUM,1,29
94.582,OCO,2023,29,Saudi Arabia,HARD,2,13
98.511,NOR,2023,63,Monaco,INTERMEDIATE,3,9
126.256,PER,2022,39,Saudi Arabia,HARD,2,24
102.587,HAM,2023,2,Singapore,MEDIUM,1,2
95.467,HAM,2023,31,Monaco,MEDIUM,1,31
97.108,ALB,2023,5,Saudi Arabia,MEDIUM,1,5
80.142,BOT,2023,3,Monaco,HARD,1,3
80.875,TSU,2024,22,Monaco,HARD,2,22
85.767,NOR,2023,73,Monaco,INTERMEDIATE,3,19
105.759,NOR,2022,24,Bahrain,MEDIUM,1,24
78.36,SAI,2023,17,Monaco,HARD,1,17
134.844,STR,2024,2,Monaco,MEDIUM,2,2
80.562,BOT,2024,48,Monaco,HARD,3,34
83.529,GAS,2023,6,Australia,SOFT,1,6
79.848,PER,2023,11,Monaco,HARD,2,10
78.207,HAM,2023,19,Monaco,MEDIUM,1,19
78.637,RIC,2024,64,Monaco,HARD,2,64
99.772,RUS,2022,4,Bahrain,SOFT,1,7
81.753,STR,2023,31,Monaco,HARD,1,32
134.657,TSU,2023,19,Saudi Arabia,HARD,2,2
93.671,PER,2023,6,Silverstone,MEDIUM,1,6
124.169,PIA,2023,3,Australia,MEDIUM,1,3
95.974,GAS,2023,1,Monza,MEDIUM,1,1
92.353,DEV,2023,48,Silverstone,SOFT,3,16
93.679,SAI,2022,13,Monaco,WET,1,13
101.112,RUS,2023,12,Bahrain,SOFT,1,15
80.114,LEC,2024,9,Monaco,HARD,2,8
97.775,BOT,2023,33,Bahrain,HARD,3,4
83.683,RUS,2022,37,Australia,HARD,2,14
83.575,ALO,2024,5,Monaco,MEDIUM,2,5
95.136,ZHO,2023,32,Saudi Arabia,MEDIUM,3,14
93.937,LAT,2022,50,Silverstone,SOFT,4,12
85.309,NOR,2022,37,Monza,SOFT,2,4
103.503,HUL,2023,1,Silverstone,HARD,1,1
83.045,RUS,2024,5,Monaco,MEDIUM,2,4
96.664,ALB,2022,23,Saudi Arabia,HARD,2,10
101.654,MAG,2023,13,Bahrain,HARD,1,13
100.534,ZHO,2023,11,Singapore,HARD,2,9
86.312,SAI,2022,17,Monza,MEDIUM,1,17
82.109,BOT,2024,42,Monaco,HARD,3,28
97.836,PER,2024,11,Bahrain,SOFT,1,14
77.897,NOR,2024,45,Monaco,HARD,2,45
95.077,BOT,2023,67,Monaco,INTERMEDIATE,2,16
78.006,SAI,2023,23,Monaco,HARD,1,23
93.099,SAI,2022,36,Saudi Arabia,HARD,2,20
82.002,VER,2023,30,Australia,HARD,2,22
95.043,LAT,2022,49,Silverstone,SOFT,4,11
77.146,SAI,2023,45,Monaco,MEDIUM,2,12
80.752,BOT,2024,31,Monaco,HARD,3,17
77.213,NOR,2024,70,Monaco,HARD,2,70
78.303,NOR,2023,37,Monaco,MEDIUM,1,37
96.763,BOT,2024,32,Bahrain,HARD,3,2
95.557,SAR,2023,24,Saudi Arabia,MEDIUM,2,6
96.31,ZHO,2022,26,Saudi Arabia,HARD,2,10
93.982,HAM,2022,42,Saudi Arabia,MEDIUM,2,2
126.573,OCO,2022,39,Saudi Arabia,HARD,2,23
99.88,NOR,2023,19,Singapore,MEDIUM,1,19
97.417,STR,2024,18,Bahrain,HARD,2,9
81.314,STR,2024,13,Monaco,MEDIUM,2,13
79.22,GAS,2024,65,Monaco,MEDIUM,2,64
81.987,HAM,2022,25,Monaco,HARD,3,3
98.025,RIC,2024,32,Bahrain,HARD,2,19
94.34,VER,2024,51,Bahrain,SOFT,3,14
96.564,STR,2024,44,Bahrain,HARD,3,17
98.749,RIC,2022,2,Saudi Arabia,MEDIUM,1,2
96.731,VER,2022,35,Bahrain,MEDIUM,3,5
90.51,HAM,2022,52,Silverstone,SOFT,4,13
97.919,PER,2023,31,Bahrain,SOFT,2,16
93.238,MAG,2022,43,Saudi Arabia,MEDIUM,2,8
95.626,PIA,2023,8,Saudi Arabia,HARD,2,7
97.634,TSU,2024,24,Bahrain,HARD,2,10
100.752,HAM,2023,11,Bahrain,SOFT,1,14
83.229,PIA,2023,17,Australia,HARD,2,9
81.591,TSU,2024,10,Monaco,HARD,2,10
85.328,ALO,2022,51,Australia,MEDIUM,2,12
77.444,LEC,2024,55,Monaco,HARD,2,54
76.689,GAS,2024,74,Monaco,MEDIUM,2,73
77.911,ALB,2024,64,Monaco,HARD,2,63
97.523,OCO,2023,39,Bahrain,HARD,4,7
78.606,BOT,2023,44,Monaco,HARD,1,44
83.502,NOR,2022,38,Australia,HARD,2,18
77.131,ALB,2023,21,Monaco,HARD,2,3
98.578,RUS,2023,20,Bahrain,HARD,2,7
115.582,VET,2022,28,Monaco,HARD,3,6
92.676,HAM,2022,31,Silverstone,MEDIUM,2,30
97.674,BOT,2023,7,Saudi Arabia,MEDIUM,1,7
98.722,TSU,2022,31,Bahrain,SOFT,3,2
97.774,BOT,2023,37,Bahrain,HARD,3,8
78.173,HAM,2023,10,Monaco,MEDIUM,1,10
99.526,DEV,2023,68,Monaco,INTERMEDIATE,2,15
84.507,OCO,2022,21,Australia,HARD,2,4
100.473,HUL,2022,31,Bahrain,SOFT,2,12
102.822,LAT,2022,11,Bahrain,SOFT,1,11
98.482,STR,2023,26,Bahrain,HARD,2,11
81.166,HUL,2023,18,Monaco,HARD,2,17
97.068,SAR,2023,48,Bahrain,SOFT,4,8
79.469,SAR,2023,40,Monaco,SOFT,3,17
93.929,GAS,2023,39,Saudi Arabia,HARD,2,25
114.359,DEV,2023,41,Bahrain,HARD,3,14
94.044,ZHO,2023,9,Silverstone,MEDIUM,1,9
85.716,GAS,2022,15,Australia,MEDIUM,1,15
81.412,SAI,2023,41,Australia,HARD,3,34
100.62,SAI,2024,1,Bahrain,SOFT,1,4
76.876,NOR,2024,63,Monaco,HARD,2,63
93.564,SAI,2023,49,Saudi Arabia,HARD,2,34
97.132,ZHO,2022,55,Bahrain,SOFT,4,13
98.332,MAG,2024,15,Bahrain,HARD,2,4
78.653,SAI,2024,40,Monaco,HARD,2,39
81.963,MAG,2023,45,Australia,HARD,3,38
94.861,SAI,2024,42,Bahrain,HARD,3,7
99.094,ALB,2023,17,Bahrain,SOFT,2,6
95.523,NOR,2023,8,Saudi Arabia,HARD,2,6
100.441,MAG,2022,7,Monaco,WET,1,7
97.722,PER,2023,32,Bahrain,SOFT,2,17
97.287,LEC,2023,39,Bahrain,HARD,3,6
86.362,RIC,2022,2,Australia,MEDIUM,1,2
78.957,ALB,2024,71,Monaco,HARD,2,70
81.714,NOR,2023,50,Australia,HARD,2,42
98.554,ALO,2024,11,Bahrain,SOFT,1,14
97.691,VER,2023,32,Bahrain,SOFT,2,18
92.871,SAI,2023,22,Silverstone,MEDIUM,1,22
78.71,LEC,2024,28,Monaco,HARD,2,27
85.815,VER,2023,35,Monza,HARD,2,15
100.722,MSC,2022,2,Bahrain,SOFT,1,2
117.417,TSU,2024,35,Bahrain,HARD,3,1
78.239,SAI,2023,16,Monaco,HARD,1,16
78.214,NOR,2023,38,Monaco,MEDIUM,1,38
98.452,LAT,2022,53,Bahrain,SOFT,4,11
77.06,RUS,2023,47,Monaco,HARD,1,47
96.12,HAM,2022,26,Monaco,HARD,3,4
97.613,SAR,2023,32,Bahrain,HARD,3,2
80.316,RUS,2024,12,Monaco,MEDIUM,2,11
93.094,TSU,2023,18,Silverstone,HARD,2,4
86.491,LAT,2022,28,Australia,HARD,3,5
103.803,PIA,2023,58,Monaco,INTERMEDIATE,2,4
96.82,PER,2023,36,Bahrain,HARD,3,2
98.711,SAR,2023,48,Singapore,MEDIUM,3,5
91.612,RUS,2023,49,Silverstone,MEDIUM,2,21
98.591,VER,2023,12,Bahrain,SOFT,1,15
101.404,PER,2023,19,Singapore,HARD,1,19
86.122,SAI,2023,40,Monza,HARD,2,21
95.942,DEV,2023,19,Australia,MEDIUM,2,11
81.183,DEV,2023,50,Australia,SOFT,3,5
100.224,MAG,2023,30,Singapore,HARD,2,10
87.434,BOT,2022,18,Monza,MEDIUM,1,18
82.697,NOR,2022,48,Australia,HARD,2,28
79.379,RUS,2022,35,Monaco,MEDIUM,3,5
95.56,RIC,2024,43,Bahrain,SOFT,3,8
127.122,ZHO,2022,39,Saudi Arabia,HARD,3,23
94.146,HUL,2023,75,Monaco,WET,4,16
98.346,ALB,2024,33,Bahrain,HARD,2,18
93.758,RUS,2023,34,Saudi Arabia,HARD,2,16
96.813,LEC,2024,15,Bahrain,HARD,2,4
96.792,ZHO,2024,50,Bahrain,HARD,3,22
75.931,RUS,2024,68,Monaco,MEDIUM,2,67
95.423,RUS,2023,5,Saudi Arabia,MEDIUM,1,5
147.853,NOR,2023,35,Silverstone,HARD,2,2
96.251,NOR,2023,24,Saudi Arabia,MEDIUM,3,5
91.513,NOR,2023,1,Monza,MEDIUM,1,1
81.591,TSU,2024,10,Monaco,HARD,2,10
81.177,GAS,2023,44,Australia,HARD,2,36
126.713,ALO,2023,41,Bahrain,HARD,3,7
97.167,RUS,2024,13,Bahrain,HARD,2,2
130.108,RIC,2024,2,Monaco,HARD,2,2
91.77,LEC,2022,51,Silverstone,HARD,3,26
80.525,SAI,2024,9,Monaco,HARD,2,8
77.221,HUL,2023,3,Monaco,HARD,2,2
109.85,TSU,2022,21,Monaco,INTERMEDIATE,2,15
76.917,SAI,2023,50,Monaco,MEDIUM,2,17
93.947,TSU,2022,48,Silverstone,SOFT,4,10
102.041,SAR,2023,53,Monaco,INTERMEDIATE,4,1
100.229,HAM,2023,1,Australia,MEDIUM,1,1
108.331,PER,2022,39,Silverstone,MEDIUM,3,35
82.279,NOR,2022,34,Monaco,HARD,4,12
99.093,RUS,2023,3,Bahrain,SOFT,1,6
77.699,GAS,2023,43,Monaco,HARD,1,43
92.98,GAS,2023,39,Silverstone,SOFT,2,11
99.263,GAS,2023,23,Bahrain,HARD,2,14
80.847,STR,2023,13,Monaco,HARD,1,14
82.314,BOT,2022,35,Monaco,HARD,3,15
79.51,ALB,2024,28,Monaco,HARD,2,27
94.488,TSU,2023,38,Saudi Arabia,HARD,2,21
92.543,VER,2022,36,Saudi Arabia,HARD,2,20
98.213,ALB,2023,51,Singapore,MEDIUM,3,8
79.865,GAS,2024,48,Monaco,MEDIUM,2,47
97.106,BOT,2022,4,Silverstone,MEDIUM,2,3
82.934,ALO,2023,25,Australia,HARD,2,17
80.171,VER,2024,19,Monaco,MEDIUM,2,18
97.858,LEC,2023,19,Bahrain,HARD,2,6
100.851,MAG,2023,26,Singapore,HARD,2,6
99.922,ALO,2022,23,Bahrain,MEDIUM,2,12
99.603,HAM,2023,55,Monaco,INTERMEDIATE,3,1
81.404,SAR,2024,12,Monaco,HARD,2,12
96.814,OCO,2024,38,Bahrain,HARD,3,8
83.59,MAG,2022,43,Australia,MEDIUM,2,6
102.068,LEC,2023,13,Bahrain,SOFT,1,13
87.549,BOT,2022,25,Monza,MEDIUM,1,25
92.257,LEC,2023,52,Silverstone,MEDIUM,3,20
98.527,HAM,2023,15,Bahrain,HARD,2,3
98.585,ALO,2023,29,Bahrain,HARD,2,15
86.067,SAI,2023,4,Monza,MEDIUM,1,4
81.242,GAS,2023,48,Australia,HARD,2,40
86.32,RUS,2023,25,Monza,HARD,2,9
83.696,DEV,2023,41,Australia,MEDIUM,2,33
99.405,PER,2023,63,Monaco,WET,5,6
98.03,BOT,2023,13,Bahrain,HARD,2,2
81.031,ALO,2023,47,Australia,HARD,2,39
94.911,VET,2022,12,Silverstone,MEDIUM,3,8
84.754,RUS,2023,52,Monaco,HARD,1,52
79.312,SAR,2023,6,Monaco,MEDIUM,1,6
94.144,MAG,2022,33,Saudi Arabia,HARD,1,35
87.177,GAS,2022,19,Australia,MEDIUM,1,19
87.158,ALO,2023,13,Monza,MEDIUM,1,13
81.09,ZHO,2024,38,Monaco,HARD,2,37
93.894,ZHO,2023,49,Saudi Arabia,MEDIUM,3,31
100.249,GAS,2022,5,Bahrain,SOFT,1,8
102.305,GAS,2022,32,Bahrain,MEDIUM,2,18
97.126,MAG,2023,45,Bahrain,SOFT,4,5
95.014,ALO,2024,56,Bahrain,HARD,3,15
78.747,SAI,2022,60,Monaco,HARD,3,39
98.45,NOR,2023,19,Australia,HARD,2,11
82.188,GAS,2023,30,Australia,HARD,2,22
102.149,ALB,2022,9,Bahrain,SOFT,1,9
98.446,MAG,2023,55,Bahrain,SOFT,4,15
78.983,NOR,2024,21,Monaco,HARD,2,21
95.226,HUL,2024,47,Bahrain,SOFT,4,7
97.417,ZHO,2024,44,Bahrain,HARD,3,16
97.7,VET,2022,9,Monaco,INTERMEDIATE,2,3
100.341,ALO,2023,13,Bahrain,SOFT,1,16
99.143,ALB,2022,5,Saudi Arabia,MEDIUM,1,5
78.477,VER,2024,49,Monaco,MEDIUM,2,48
93.359,OCO,2022,16,Monaco,WET,1,16
95.618,ZHO,2023,15,Saudi Arabia,HARD,2,4
96.462,HAM,2023,50,Singapore,MEDIUM,3,6
93.461,PIA,2023,5,Silverstone,MEDIUM,1,5
98.183,ALB,2024,32,Bahrain,HARD,2,17
123.645,HAM,2022,50,Monza,SOFT,2,17
95.974,NOR,2023,50,Monaco,MEDIUM,1,50
94.44,PER,2022,4,Saudi Arabia,MEDIUM,1,4
86.358,SAI,2023,7,Monza,MEDIUM,1,7
84.566,GAS,2022,33,Australia,HARD,2,12
97.936,MAG,2024,28,Bahrain,HARD,2,17
99.69,SAR,2023,31,Singapore,HARD,2,12
131.055,OCO,2022,46,Bahrain,SOFT,4,6
95.18,SAR,2023,40,Saudi Arabia,MEDIUM,2,22
82.445,LEC,2022,34,Australia,HARD,2,12
87.472,GAS,2023,4,Monza,MEDIUM,1,4
79.356,HAM,2023,4,Monaco,MEDIUM,1,4
83.937,STR,2023,5,Australia,MEDIUM,1,6
105.174,ALO,2022,1,Bahrain,SOFT,1,4
98.447,LEC,2023,29,Bahrain,HARD,2,16
93.843,GAS,2023,14,Silverstone,MEDIUM,1,14
80.438,STR,2023,5,Monaco,HARD,1,6
98.019,ALB,2023,49,Singapore,MEDIUM,3,6
81.947,BOT,2024,10,Monaco,MEDIUM,2,9
96.548,HUL,2024,26,Bahrain,HARD,3,6
87.704,BOT,2022,6,Monza,MEDIUM,1,6
77.838,NOR,2024,54,Monaco,HARD,2,54
84.245,GAS,2023,25,Australia,HARD,2,17
100.726,NOR,2023,7,Bahrain,SOFT,1,7
85.096,BOT,2022,29,Australia,HARD,2,7
97.763,ALB,2024,19,Bahrain,HARD,2,4
96.939,STR,2022,13,Monaco,INTERMEDIATE,3,11
86.435,DEV,2023,75,Monaco,INTERMEDIATE,2,22
99.79,ALO,2023,48,Singapore,SOFT,3,6
95.291,OCO,2022,10,Silverstone,SOFT,2,9
98.274,MAG,2023,18,Bahrain,HARD,2,3
93.863,GAS,2023,5,Silverstone,MEDIUM,1,5
98.828,LEC,2023,9,Bahrain,SOFT,1,9
97.68,STR,2023,37,Bahrain,HARD,3,7
95.659,MAG,2023,35,Saudi Arabia,HARD,2,27
87.686,SAR,2023,44,Monza,HARD,2,33
101.156,ZHO,2023,6,Bahrain,SOFT,1,6
81.812,PER,2023,31,Australia,HARD,4,24
96.297,VER,2023,38,Bahrain,HARD,3,2
97.937,STR,2022,32,Monaco,None,5,9
93.652,DEV,2023,21,Silverstone,SOFT,1,21
78.898,STR,2023,43,Monaco,HARD,1,44
129.246,LEC,2023,55,Monaco,MEDIUM,2,11
79.738,HAM,2024,17,Monaco,MEDIUM,2,16
82.021,ALO,2023,34,Australia,HARD,2,26
77.213,NOR,2024,70,Monaco,HARD,2,70
82.56,NOR,2023,25,Australia,HARD,2,17
94.127,MSC,2022,22,Silverstone,HARD,3,3
78.203,VER,2024,46,Monaco,MEDIUM,2,45
95.302,LEC,2024,49,Bahrain,HARD,3,15
97.114,PER,2023,40,Bahrain,HARD,3,6
132.037,HUL,2023,27,Bahrain,HARD,3,1
90.085,DEV,2023,72,Monaco,INTERMEDIATE,2,19
81.862,ZHO,2023,47,Australia,HARD,3,46
94.144,HAM,2023,7,Australia,MEDIUM,1,7
79.991,ALO,2023,51,Monaco,HARD,1,52
78.846,ZHO,2023,36,Monaco,HARD,2,35
90.862,ALO,2023,53,Monaco,HARD,1,54
96.647,HUL,2024,27,Bahrain,HARD,3,7
94.379,VET,2022,22,Silverstone,MEDIUM,3,18
86.752,SAI,2022,26,Monza,MEDIUM,1,26
91.391,PER,2022,52,Silverstone,SOFT,4,13
93.322,SAI,2023,68,Monaco,INTERMEDIATE,3,13
80.642,ALO,2024,31,Monaco,MEDIUM,2,31
126.276,NOR,2022,53,Monza,SOFT,3,9
92.726,PER,2023,30,Saudi Arabia,HARD,2,12
78.086,RUS,2023,21,Monaco,HARD,1,21
83.217,MAG,2022,48,Australia,MEDIUM,2,11
98.595,BOT,2024,28,Bahrain,HARD,2,16
96.577,PIA,2024,19,Bahrain,HARD,2,7
79.051,HAM,2023,8,Monaco,MEDIUM,1,8
82.593,HUL,2023,52,Australia,HARD,2,44
96.66,HAM,2022,31,Bahrain,MEDIUM,3,4
91.932,SAI,2022,32,Silverstone,HARD,3,12
78.271,OCO,2023,11,Monaco,MEDIUM,1,11
94.906,VER,2024,52,Bahrain,SOFT,3,15
95.56,RIC,2024,43,Bahrain,SOFT,3,8
102.341,RUS,2023,23,Singapore,HARD,2,3
98.365,STR,2022,12,Saudi Arabia,MEDIUM,1,13
97.087,DEV,2023,7,Saudi Arabia,MEDIUM,1,7
99.253,SAI,2023,39,Singapore,HARD,2,19
95.257,NOR,2023,50,Bahrain,SOFT,6,7
89.188,ALO,2024,3,Monaco,MEDIUM,2,3
95.289,VER,2024,24,Bahrain,HARD,2,7
92.243,ZHO,2023,42,Silverstone,SOFT,4,9
103.117,ALB,2023,23,Singapore,HARD,2,3
79.281,SAI,2024,28,Monaco,HARD,2,27
95.588,HUL,2023,5,Silverstone,HARD,1,5
94.241,MAG,2022,35,Silverstone,MEDIUM,3,13
95.854,STR,2024,29,Bahrain,HARD,3,2
81.819,VER,2023,33,Australia,HARD,2,25
97.968,ALB,2024,30,Bahrain,HARD,2,15
81.752,PIA,2023,50,Australia,HARD,2,42
79.438,RUS,2024,18,Monaco,MEDIUM,2,17
80.295,STR,2023,14,Monaco,HARD,1,15
82.748,RIC,2024,6,Monaco,HARD,2,6
94.612,GAS,2023,67,Monaco,INTERMEDIATE,3,13
82.187,STR,2023,30,Australia,HARD,2,22
81.536,ALB,2024,8,Monaco,HARD,2,7
78.316,LEC,2023,16,Monaco,HARD,1,16
105.239,ZHO,2023,1,Silverstone,MEDIUM,1,1
97.222,GAS,2023,54,Bahrain,SOFT,4,14
92.798,LEC,2023,25,Silverstone,HARD,2,7
95.825,LEC,2023,3,Saudi Arabia,SOFT,1,3
97.284,VER,2024,1,Bahrain,SOFT,1,4
86.932,GAS,2022,39,Monza,HARD,2,22
78.425,STR,2024,64,Monaco,SOFT,4,16
82.349,GAS,2023,52,Monaco,MEDIUM,2,5
98.012,GAS,2023,32,Bahrain,HARD,3,7
97.537,OCO,2024,14,Bahrain,HARD,2,4
87.851,VET,2022,9,Monza,MEDIUM,1,10
98.954,MAG,2023,57,Singapore,SOFT,3,17
90.688,VER,2023,41,Silverstone,SOFT,2,11
77.698,ALO,2022,61,Monaco,MEDIUM,3,31
95.778,DEV,2023,30,Saudi Arabia,HARD,2,13
99.497,BOT,2023,19,Bahrain,HARD,2,8
94.106,RUS,2023,25,Saudi Arabia,HARD,2,7
96.534,SAI,2024,28,Bahrain,HARD,2,14
92.606,VER,2023,40,Saudi Arabia,HARD,2,22
100.752,LEC,2023,3,Singapore,SOFT,1,6
82.971,HAM,2023,23,Australia,HARD,2,15
98.236,HAM,2022,16,Bahrain,HARD,2,6
94.116,ZHO,2022,42,Saudi Arabia,HARD,3,26
83.33,PER,2023,14,Australia,HARD,4,7
96.136,TSU,2022,19,Monaco,INTERMEDIATE,2,13
80.738,VER,2023,52,Australia,HARD,2,44
96.673,LEC,2024,16,Bahrain,HARD,2,5
85.121,SAR,2023,48,Australia,HARD,5,19
94.94,HAM,2024,41,Bahrain,HARD,3,8
87.935,MAG,2023,8,Monza,HARD,1,12
80.741,HAM,2023,52,Australia,HARD,2,44
97.739,MAG,2023,49,Bahrain,SOFT,4,9
100.049,ALO,2023,31,Singapore,HARD,2,11
85.259,DEV,2023,4,Australia,HARD,1,4
100.423,OCO,2023,18,Singapore,MEDIUM,1,18
97.587,SAI,2023,40,Bahrain,HARD,3,9
84.406,DEV,2023,28,Australia,MEDIUM,2,20
79.602,ZHO,2023,11,Monaco,HARD,2,10
79.796,NOR,2024,43,Monaco,HARD,2,43
99.384,MAG,2022,24,Bahrain,SOFT,2,13
96.946,VER,2023,21,Saudi Arabia,HARD,2,3
80.163,DEV,2023,26,Monaco,MEDIUM,1,26
128.679,HUL,2023,20,Singapore,MEDIUM,1,20
101.302,RUS,2023,56,Monaco,INTERMEDIATE,2,2
94.287,ZHO,2023,66,Monaco,INTERMEDIATE,3,14
95.812,HAM,2022,10,Saudi Arabia,HARD,1,11
108.018,MAG,2023,57,Monaco,WET,2,1
86.723,HUL,2023,45,Monza,MEDIUM,3,9
84.738,STR,2023,11,Australia,HARD,2,3
136.621,STR,2022,42,Silverstone,MEDIUM,4,5
85.664,LEC,2022,19,Monza,MEDIUM,2,7
87.573,MAG,2022,45,Monza,HARD,2,21
94.125,TSU,2023,48,Saudi Arabia,HARD,2,31
78.564,GAS,2023,14,Monaco,HARD,1,14
108.052,STR,2023,1,Australia,MEDIUM,1,2
94.779,OCO,2022,22,Silverstone,SOFT,2,21
77.608,DEV,2023,48,Monaco,MEDIUM,1,48
81.124,HUL,2023,46,Australia,HARD,2,38
78.006,SAI,2023,21,Monaco,HARD,1,21
82.099,SAI,2023,27,Australia,HARD,3,20
94.804,PER,2024,38,Bahrain,SOFT,3,2
96.248,BOT,2023,31,Saudi Arabia,MEDIUM,3,14
80.966,LEC,2022,49,Australia,HARD,2,27
97.717,ALB,2022,52,Bahrain,SOFT,4,9
86.86,PIA,2023,31,Monza,HARD,2,13
81.47,OCO,2023,48,Australia,HARD,3,47
98.281,MSC,2022,11,Monaco,INTERMEDIATE,2,7
78.528,ALB,2023,28,Monaco,HARD,2,10
94.982,LEC,2024,42,Bahrain,HARD,3,8
99.549,RUS,2023,5,Bahrain,SOFT,1,8
77.439,SAI,2022,48,Monaco,HARD,3,27
91.707,STR,2023,41,Silverstone,SOFT,2,13
77.065,LEC,2023,29,Monaco,HARD,1,29
81.807,PER,2023,33,Australia,HARD,4,26
83.338,MSC,2022,56,Australia,HARD,2,42
101.268,ZHO,2023,7,Australia,HARD,2,6
78.837,TSU,2022,53,Monaco,MEDIUM,4,24
86.923,DEV,2022,29,Monza,MEDIUM,2,10
99.835,SAI,2023,27,Singapore,HARD,2,7
83.403,SAR,2023,51,Australia,HARD,5,22
85.728,LEC,2023,40,Monza,HARD,2,20
97.545,ALB,2023,47,Bahrain,SOFT,4,7
85.23,ZHO,2023,11,Australia,HARD,3,10
97.75,RIC,2024,22,Bahrain,HARD,2,9
87.583,ALO,2022,26,Monza,MEDIUM,1,26
87.049,ALB,2023,26,Monza,HARD,2,14
100.267,HAM,2023,8,Bahrain,SOFT,1,11
94.599,TSU,2023,45,Saudi Arabia,HARD,2,28
81.436,OCO,2023,52,Australia,HARD,3,51
87.308,ALB,2023,19,Monza,HARD,2,7
95.609,LAT,2022,33,Silverstone,MEDIUM,3,14
96.704,OCO,2024,33,Bahrain,HARD,3,3
95.667,SAI,2023,6,Saudi Arabia,MEDIUM,1,6
119.439,BOT,2022,24,Australia,HARD,2,2
103.778,DEV,2023,58,Monaco,INTERMEDIATE,2,5
102.012,NOR,2022,4,Monaco,WET,1,4
85.236,PIA,2023,15,Australia,HARD,2,7
100.341,BOT,2022,25,Bahrain,MEDIUM,2,11
83.267,TSU,2023,20,Australia,HARD,2,12
96.857,ZHO,2024,38,Bahrain,HARD,3,10
97.257,PER,2023,1,Saudi Arabia,MEDIUM,1,1
78.342,ZHO,2022,51,Monaco,MEDIUM,3,22
92.274,VER,2023,42,Saudi Arabia,HARD,2,24
87.546,SAR,2023,28,Monza,HARD,2,17
82.696,HAM,2022,41,Australia,HARD,2,19
79.067,NOR,2023,26,Monaco,MEDIUM,1,26
100.422,ALO,2023,9,Singapore,MEDIUM,1,9
78.259,SAI,2024,49,Monaco,HARD,2,48
80.246,ALO,2024,23,Monaco,MEDIUM,2,23
75.742,NOR,2024,64,Monaco,HARD,2,64
94.06,BOT,2022,34,Saudi Arabia,HARD,2,18
94.448,VET,2022,28,Silverstone,MEDIUM,3,24
102.042,PER,2023,59,Singapore,MEDIUM,2,20
88.275,ZHO,2022,44,Monza,HARD,2,26
103.269,BOT,2023,11,Bahrain,SOFT,1,11
98.046,NOR,2023,46,Singapore,HARD,2,26
97.746,SAR,2024,57,Monaco,HARD,2,57
83.639,ALB,2023,5,Australia,MEDIUM,1,5
96.448,SAI,2022,1,Monza,MEDIUM,1,1
96.183,NOR,2023,42,Saudi Arabia,MEDIUM,3,23
132.287,HAM,2023,2,Australia,MEDIUM,1,2
83.157,RIC,2022,46,Australia,HARD,2,25
139.325,HAM,2022,24,Australia,HARD,2,2
85.17,LEC,2022,45,Monza,SOFT,3,12
124.66,BOT,2023,20,Singapore,HARD,1,20
87.487,ALO,2022,9,Monza,MEDIUM,1,9
102.836,ALO,2022,25,Bahrain,MEDIUM,2,14
93.464,PER,2023,23,Saudi Arabia,HARD,2,5
84.649,OCO,2022,36,Australia,HARD,2,19
87.396,OCO,2023,9,Monza,MEDIUM,1,9
98.048,ALB,2024,28,Bahrain,HARD,2,13
99.577,BOT,2023,62,Monaco,INTERMEDIATE,2,11
99.128,SAI,2023,5,Bahrain,SOFT,1,8
102.473,LAT,2022,9,Bahrain,SOFT,1,9
81.972,VER,2023,26,Australia,HARD,2,18
86.011,SAI,2023,36,Monza,HARD,2,17
94.056,ALO,2022,21,Silverstone,MEDIUM,2,20
92.294,PER,2023,34,Saudi Arabia,HARD,2,16
98.42,OCO,2024,24,Bahrain,HARD,2,14
100.316,ALO,2023,18,Singapore,MEDIUM,1,18
99.336,PER,2023,13,Bahrain,SOFT,1,16
105.143,HUL,2023,18,Australia,HARD,2,10
97.65,SAI,2024,12,Bahrain,SOFT,1,15
86.059,RUS,2023,32,Monza,HARD,2,16
78.624,GAS,2024,67,Monaco,MEDIUM,2,66
96.205,VER,2024,36,Bahrain,HARD,2,19
98.226,ALB,2023,54,Singapore,MEDIUM,3,11
86.385,MAG,2023,36,Monza,MEDIUM,3,3
96.68,ZHO,2024,45,Bahrain,HARD,3,17
99.855,HUL,2023,24,Bahrain,HARD,2,13
98.388,TSU,2022,30,Silverstone,HARD,3,13
86.66,MAG,2023,47,Monza,MEDIUM,3,14
81.382,OCO,2023,47,Australia,HARD,3,46
78.148,TSU,2024,67,Monaco,HARD,2,67
75.954,VER,2024,68,Monaco,HARD,3,17
97.243,SAI,2024,13,Bahrain,SOFT,1,16
80.912,BOT,2024,43,Monaco,HARD,3,29
101.873,ALO,2022,10,Bahrain,SOFT,1,13
95.523,SAR,2023,35,Saudi Arabia,MEDIUM,2,17
92.554,PER,2023,31,Saudi Arabia,HARD,2,13
99.665,GAS,2022,28,Bahrain,MEDIUM,2,14
80.259,ALB,2023,14,Monaco,MEDIUM,1,14
82.33,ZHO,2022,33,Monaco,MEDIUM,3,4
93.716,LEC,2023,34,Saudi Arabia,HARD,2,18
99.12,MAG,2022,23,Bahrain,SOFT,2,12
136.694,ZHO,2023,20,Singapore,HARD,2,18
87.023,HAM,2022,23,Monza,MEDIUM,1,23
98.593,MAG,2023,31,Bahrain,SOFT,3,2
93.35,HUL,2023,21,Silverstone,MEDIUM,2,14
95.364,BOT,2022,17,Silverstone,MEDIUM,2,16
101.303,BOT,2023,9,Singapore,HARD,1,9
78.139,RUS,2024,40,Monaco,MEDIUM,2,39
87.044,RUS,2023,12,Monza,MEDIUM,1,12
81.188,STR,2024,23,Monaco,MEDIUM,2,23
132.105,VER,2023,2,Australia,MEDIUM,1,2
82.683,RIC,2024,51,Monaco,HARD,2,51
97.974,GAS,2023,33,Bahrain,HARD,3,8
97.516,TSU,2024,16,Bahrain,HARD,2,2
104.622,NOR,2023,54,Australia,HARD,2,46
77.391,ALO,2023,8,Monaco,HARD,1,9
77.664,ALO,2023,21,Monaco,HARD,1,22
102.554,OCO,2023,57,Monaco,INTERMEDIATE,3,3
100.442,OCO,2022,8,Bahrain,SOFT,1,8
77.072,SAI,2024,78,Monaco,HARD,2,77
79.468,LEC,2023,4,Monaco,HARD,1,4
79.148,NOR,2023,11,Monaco,MEDIUM,1,11
96.404,OCO,2022,11,Saudi Arabia,MEDIUM,1,11
77.64,VER,2023,6,Monaco,MEDIUM,1,6
77.318,SAI,2023,27,Monaco,HARD,1,27
101.161,LAT,2022,26,Bahrain,SOFT,2,12
96.748,VER,2023,59,Singapore,MEDIUM,2,19
101.743,ZHO,2023,10,Bahrain,SOFT,1,10
97.357,ALO,2024,20,Bahrain,HARD,2,5
81.945,SAR,2023,42,Australia,HARD,5,13
79.637,NOR,2024,16,Monaco,HARD,2,16
98.131,LEC,2024,5,Bahrain,SOFT,1,8
95.729,NOR,2023,29,Saudi Arabia,MEDIUM,3,10
85.375,LAT,2022,21,Australia,HARD,2,9
84.527,ALB,2022,36,Australia,HARD,1,36
88.091,OCO,2023,14,Monza,MEDIUM,1,14
95.355,ALO,2023,7,Australia,MEDIUM,1,8
94.509,PIA,2023,47,Saudi Arabia,HARD,2,46
76.975,NOR,2022,54,Monaco,MEDIUM,5,3
79.26,TSU,2023,21,Monaco,MEDIUM,1,21
109.052,SAR,2023,18,Australia,MEDIUM,4,10
81.155,STR,2023,51,Australia,HARD,2,43
78.119,SAI,2024,56,Monaco,HARD,2,55
119.692,ALO,2023,15,Bahrain,HARD,2,1
99.255,HAM,2022,26,Bahrain,HARD,2,16
92.755,SAI,2023,23,Silverstone,MEDIUM,1,23
96.827,TSU,2024,50,Bahrain,HARD,3,16
86.899,ALO,2023,25,Monza,HARD,2,7
115.88,STR,2022,3,Silverstone,MEDIUM,2,4
96.696,NOR,2024,23,Bahrain,HARD,2,10
98.977,ALB,2024,14,Bahrain,SOFT,1,14
79.654,ALO,2022,64,Monaco,MEDIUM,3,34
85.467,LEC,2022,7,Monza,SOFT,1,7
97.202,ALO,2024,33,Bahrain,HARD,2,18
95.954,RUS,2024,49,Bahrain,HARD,3,18
99.989,MAG,2022,37,Saudi Arabia,HARD,1,39
96.313,SAI,2023,22,Saudi Arabia,HARD,2,7
96.859,PER,2023,48,Bahrain,HARD,3,14
86.798,LAT,2022,17,Monza,HARD,2,2
93.099,HAM,2023,44,Saudi Arabia,MEDIUM,2,26
81.277,RIC,2024,12,Monaco,HARD,2,12
95.644,RIC,2024,41,Bahrain,SOFT,3,6
94.601,GAS,2023,29,Saudi Arabia,HARD,2,15
83.008,ALO,2023,15,Australia,HARD,2,7
86.404,HAM,2023,31,Monza,MEDIUM,2,4
97.749,ZHO,2024,20,Bahrain,HARD,2,11
97.626,PIA,2023,22,Saudi Arabia,HARD,2,21
77.221,HUL,2023,3,Monaco,HARD,2,2
85.347,NOR,2022,13,Australia,MEDIUM,1,13
83.275,VER,2024,4,Monaco,MEDIUM,2,3
98.925,STR,2024,6,Bahrain,SOFT,1,6
97.444,SAI,2023,38,Bahrain,HARD,3,7
99.717,LAT,2022,38,Silverstone,MEDIUM,3,19
97.29,SAR,2023,50,Bahrain,SOFT,4,10
94.873,PER,2023,5,Saudi Arabia,MEDIUM,1,5
94.513,LAT,2022,36,Silverstone,MEDIUM,3,17
94.805,GAS,2024,45,Bahrain,SOFT,4,2
78.804,ALB,2023,36,Monaco,HARD,2,18
78.623,STR,2024,76,Monaco,SOFT,4,28
78.116,RIC,2024,68,Monaco,HARD,2,68
84.967,ALO,2023,52,Monaco,HARD,1,53
98.245,HUL,2023,36,Bahrain,HARD,3,10
102.543,RIC,2022,15,Bahrain,MEDIUM,1,15
80.858,ALO,2024,26,Monaco,MEDIUM,2,26
101.565,MAG,2023,29,Singapore,HARD,2,9
79.598,TSU,2022,43,Monaco,MEDIUM,4,14
85.683,VER,2023,34,Monza,HARD,2,14
96.088,SAR,2024,53,Bahrain,SOFT,4,13
76.607,LEC,2024,65,Monaco,HARD,2,64
84.637,BOT,2023,76,Monaco,INTERMEDIATE,2,25
101.347,GAS,2022,12,Bahrain,SOFT,1,15
95.155,VET,2022,8,Silverstone,MEDIUM,3,4
87.954,SAR,2023,74,Monaco,INTERMEDIATE,4,22
82.595,HAM,2023,26,Australia,HARD,2,18
94.969,NOR,2023,41,Saudi Arabia,MEDIUM,3,22
77.282,LEC,2023,32,Monaco,HARD,1,32
98.02,ALO,2024,2,Bahrain,SOFT,1,5
81.089,VER,2023,44,Australia,HARD,2,36
100.824,LAW,2023,11,Singapore,MEDIUM,1,11
82.903,SAI,2023,22,Australia,HARD,3,15
97.546,HAM,2022,9,Monaco,WET,1,9
86.479,SAI,2023,42,Monza,HARD,2,23
98.803,LEC,2023,51,Singapore,HARD,2,31
78.713,HAM,2022,48,Monaco,MEDIUM,4,18
99.392,VER,2022,10,Bahrain,SOFT,1,13
94.432,LEC,2023,26,Saudi Arabia,HARD,2,10
83.666,ZHO,2023,20,Australia,HARD,3,19
87.154,LAW,2023,7,Monza,MEDIUM,1,10
97.085,VER,2023,49,Singapore,MEDIUM,2,9
99.427,ZHO,2023,26,Bahrain,HARD,2,14
83.277,STR,2023,12,Australia,HARD,2,4
98.862,PER,2023,2,Bahrain,SOFT,1,5
123.49,GAS,2022,53,Monza,HARD,2,36
101.947,LAT,2022,4,Bahrain,SOFT,1,4
98.332,MAG,2024,15,Bahrain,HARD,2,4
77.344,PIA,2024,58,Monaco,HARD,2,58
98.185,OCO,2024,20,Bahrain,HARD,2,10
94.907,DEV,2023,6,Silverstone,SOFT,1,6
81.604,SAR,2024,28,Monaco,HARD,2,28
88.491,ALB,2023,47,Monza,HARD,2,35
80.981,HAM,2023,44,Australia,HARD,2,36
94.816,VET,2022,15,Silverstone,MEDIUM,3,11
97.296,PER,2023,54,Bahrain,HARD,3,20
95.179,MAG,2023,15,Saudi Arabia,HARD,2,7
99.995,MAG,2023,64,Monaco,WET,2,8
100.084,RIC,2022,57,Bahrain,SOFT,4,13
99.011,TSU,2022,19,Bahrain,MEDIUM,2,4
95.853,GAS,2024,54,Bahrain,SOFT,4,11
78.636,STR,2024,67,Monaco,SOFT,4,19
78.138,RUS,2022,55,Monaco,MEDIUM,3,25
98.259,BOT,2024,2,Bahrain,SOFT,1,2
77.69,RUS,2022,50,Monaco,MEDIUM,3,20
97.168,STR,2023,34,Bahrain,HARD,3,4
102.041,SAR,2023,53,Monaco,INTERMEDIATE,4,1
82.128,SAR,2023,49,Monaco,SOFT,3,26
92.979,ALO,2023,46,Saudi Arabia,HARD,2,29
96.251,ZHO,2022,13,Saudi Arabia,MEDIUM,1,13
96.31,MAG,2024,42,Bahrain,HARD,3,10
79.026,TSU,2023,18,Monaco,MEDIUM,1,18
82.218,PIA,2023,43,Australia,HARD,2,35
2473.884,RUS,2024,1,Monaco,HARD,1,1
88.085,HAM,2023,15,Monza,HARD,1,18
84.434,HAM,2022,43,Monza,SOFT,2,10
99.011,ALB,2023,21,Saudi Arabia,HARD,2,4
100.258,LAT,2022,39,Bahrain,MEDIUM,3,7
96.017,DEV,2023,15,Saudi Arabia,MEDIUM,1,15
97.936,NOR,2024,10,Bahrain,SOFT,1,13
76.824,VER,2023,16,Monaco,MEDIUM,1,16
80.948,BOT,2024,38,Monaco,HARD,3,24
95.249,ALO,2024,53,Bahrain,HARD,3,12
95.593,GAS,2022,36,Saudi Arabia,HARD,2,21
81.851,HAM,2024,9,Monaco,MEDIUM,2,8
87.13,LAW,2023,4,Monza,MEDIUM,1,7
95.602,HUL,2024,56,Bahrain,SOFT,4,16
82.782,NOR,2024,4,Monaco,HARD,2,4
98.379,STR,2023,53,Bahrain,HARD,3,23
90.937,PER,2022,47,Silverstone,SOFT,4,8
98.704,HAM,2023,17,Bahrain,HARD,2,5
99.175,NOR,2022,27,Bahrain,HARD,2,3
103.5,ALB,2022,10,Bahrain,SOFT,1,10
120.933,MAG,2023,30,Bahrain,SOFT,3,1
99.625,LEC,2023,16,Singapore,SOFT,1,19
77.395,NOR,2024,58,Monaco,HARD,2,58
90.195,NOR,2022,21,Australia,HARD,2,1
80.03,RUS,2023,4,Monaco,HARD,1,4
76.063,SAI,2024,74,Monaco,HARD,2,73
81.422,HAM,2023,45,Australia,HARD,2,37
100.481,MAG,2023,27,Singapore,HARD,2,7
86.224,SAI,2023,8,Monza,MEDIUM,1,8
90.315,PIA,2023,1,Monza,MEDIUM,1,1
79.243,NOR,2024,34,Monaco,HARD,2,34
94.99,TSU,2022,44,Silverstone,SOFT,4,6
87.82,ZHO,2023,32,Monza,HARD,2,24
85.645,RUS,2022,38,Monza,HARD,2,15
101.449,NOR,2022,32,Bahrain,HARD,2,8
93.606,VER,2022,9,Silverstone,MEDIUM,2,8
103.895,STR,2022,38,Bahrain,SOFT,2,20
94.853,MAG,2022,16,Monaco,WET,1,16
100.464,RUS,2023,8,Singapore,MEDIUM,1,8
100.658,ALO,2022,6,Bahrain,SOFT,1,9
78.732,STR,2024,65,Monaco,SOFT,4,17
96.705,ALO,2022,22,Saudi Arabia,HARD,2,6
132.868,RIC,2022,31,Monaco,HARD,3,12
86.965,NOR,2023,10,Monza,MEDIUM,1,10
82.036,HAM,2022,46,Australia,HARD,2,24
97.067,TSU,2024,51,Bahrain,HARD,3,17
81.452,ALO,2022,38,Monaco,MEDIUM,3,8
96.278,PER,2024,20,Bahrain,HARD,2,8
91.36,NOR,2023,48,Silverstone,HARD,2,15
100.638,HUL,2022,3,Bahrain,SOFT,1,3
83.193,ALB,2023,19,Monaco,HARD,2,1
96.044,GAS,2023,3,Saudi Arabia,MEDIUM,1,3
78.736,HAM,2023,5,Monaco,MEDIUM,1,5
96.146,STR,2022,15,Monaco,INTERMEDIATE,3,13
96.407,SAR,2023,30,Saudi Arabia,MEDIUM,2,12
86.632,SAI,2023,45,Monza,HARD,2,26
94.426,HUL,2023,47,Saudi Arabia,HARD,2,36
97.978,RIC,2024,30,Bahrain,HARD,2,17
81.761,RIC,2024,45,Monaco,HARD,2,45
94.861,PIA,2023,44,Saudi Arabia,HARD,2,43
77.941,LEC,2024,48,Monaco,HARD,2,47
97.538,ALO,2022,52,Bahrain,SOFT,4,10
78.936,RIC,2024,59,Monaco,HARD,2,59
95.211,SAI,2024,53,Bahrain,HARD,3,18
77.033,OCO,2023,44,Monaco,HARD,2,12
93.5,BOT,2023,28,Silverstone,HARD,1,28
86.646,HAM,2022,22,Monza,MEDIUM,1,22
99.363,GAS,2022,24,Bahrain,MEDIUM,2,10
78.297,NOR,2023,48,Monaco,MEDIUM,1,48
105.242,HUL,2022,19,Bahrain,SOFT,1,19
78.849,MAG,2023,37,Monaco,HARD,1,37
85.626,PER,2023,40,Monza,HARD,2,19
78.93,ALB,2023,42,Monaco,HARD,2,24
81.058,PIA,2024,8,Monaco,HARD,2,8
78.022,GAS,2022,48,Monaco,HARD,4,26
102.795,ZHO,2023,58,Singapore,MEDIUM,3,38
94.861,SAI,2024,42,Bahrain,HARD,3,7
98.397,PIA,2024,11,Bahrain,SOFT,1,14
93.726,OCO,2022,35,Silverstone,HARD,3,13
100.464,RUS,2023,5,Singapore,MEDIUM,1,5
134.267,LEC,2023,18,Saudi Arabia,HARD,2,2
79.464,STR,2024,29,Monaco,MEDIUM,2,29
82.917,ZHO,2023,38,Australia,HARD,3,37
93.937,HAM,2022,33,Saudi Arabia,HARD,1,34
100.782,OCO,2022,7,Bahrain,SOFT,1,7
94.429,PIA,2023,40,Saudi Arabia,HARD,2,39
83.647,HAM,2022,31,Australia,HARD,2,9
78.363,GAS,2024,69,Monaco,MEDIUM,2,68
96.86,MAG,2022,52,Bahrain,SOFT,4,9
91.957,ZHO,2023,47,Silverstone,SOFT,4,14
79.988,STR,2022,41,Monaco,None,5,18
76.326,SAR,2024,71,Monaco,MEDIUM,3,14
81.099,RIC,2024,38,Monaco,HARD,2,38
97.741,MAG,2022,57,Bahrain,SOFT,4,14
80.89,PIA,2024,10,Monaco,HARD,2,10
78.757,RUS,2024,37,Monaco,MEDIUM,2,36
99.662,NOR,2023,41,Singapore,HARD,2,21
78.486,ALB,2023,43,Monaco,HARD,2,25
93.18,DEV,2023,40,Silverstone,SOFT,3,8
78.651,NOR,2023,8,Monaco,MEDIUM,1,8
96.038,NOR,2024,51,Bahrain,HARD,3,18
96.439,RIC,2022,25,Saudi Arabia,HARD,2,17
92.341,VER,2023,34,Saudi Arabia,HARD,2,16
95.479,RUS,2024,38,Bahrain,HARD,3,7
82.421,GAS,2022,35,Monaco,HARD,4,13
79.795,PIA,2024,42,Monaco,HARD,2,42
101.228,SAR,2023,9,Singapore,MEDIUM,1,9
98.595,BOT,2024,28,Bahrain,HARD,2,16
81.035,SAR,2023,39,Monaco,SOFT,3,16
93.829,GAS,2023,41,Saudi Arabia,HARD,2,27
78.454,NOR,2023,31,Monaco,MEDIUM,1,31
91.057,ALO,2023,71,Monaco,INTERMEDIATE,3,16
75.205,TSU,2024,76,Monaco,HARD,2,76
118.199,GAS,2022,17,Silverstone,HARD,3,2
94.606,ALB,2022,47,Saudi Arabia,HARD,2,34
100.245,LAT,2022,19,Bahrain,SOFT,2,5
83.087,ALO,2023,23,Australia,HARD,2,15
77.967,RUS,2023,44,Monaco,HARD,1,44
100.739,PIA,2024,12,Bahrain,SOFT,1,15
94.793,MSC,2022,25,Silverstone,HARD,3,6
86.21,HAM,2023,77,Monaco,INTERMEDIATE,3,23
75.648,HAM,2024,69,Monaco,HARD,3,19
93.848,ALO,2022,30,Silverstone,MEDIUM,2,29
97.791,GAS,2024,18,Bahrain,HARD,2,6
102.718,OCO,2022,6,Monaco,WET,1,6
102.527,OCO,2023,60,Monaco,INTERMEDIATE,3,6
79.326,ZHO,2022,55,Monaco,MEDIUM,3,26
82.425,SAI,2023,24,Australia,HARD,3,17
78.178,SAI,2023,18,Monaco,HARD,1,18
101.241,ALB,2022,32,Bahrain,MEDIUM,2,19
89.701,GAS,2023,1,Monaco,HARD,1,1
97.475,SAI,2023,34,Bahrain,HARD,3,3
85.7,ALO,2023,75,Monaco,INTERMEDIATE,3,20
77.516,GAS,2024,76,Monaco,MEDIUM,2,75
99.674,ALO,2023,6,Bahrain,SOFT,1,9
75.688,SAR,2024,63,Monaco,MEDIUM,3,6
97.472,SAR,2023,51,Bahrain,SOFT,4,11
98.431,TSU,2024,3,Bahrain,SOFT,1,3
94.252,STR,2022,33,Silverstone,HARD,3,19
99.251,NOR,2022,31,Bahrain,HARD,2,7
82.531,GAS,2023,23,Australia,HARD,2,15
89.415,HAM,2023,72,Monaco,INTERMEDIATE,3,18
95.719,LAT,2022,5,Silverstone,SOFT,2,4
99.272,ALB,2023,19,Bahrain,SOFT,2,8
93.855,ALO,2022,18,Silverstone,MEDIUM,2,17
100.488,HAM,2023,18,Australia,HARD,2,10
83.731,STR,2024,5,Monaco,MEDIUM,2,5
90.402,VER,2023,72,Monaco,INTERMEDIATE,2,17
100.566,ZHO,2023,10,Singapore,HARD,2,8
86.751,RIC,2022,41,Monza,HARD,2,22
95.419,GAS,2022,14,Silverstone,SOFT,2,13
91.427,PIA,2023,47,Silverstone,HARD,2,18
81.089,TSU,2024,12,Monaco,HARD,2,12
95.867,HAM,2023,5,Saudi Arabia,HARD,1,5
91.475,PIA,2023,40,Silverstone,HARD,2,11
79.707,PIA,2023,5,Monaco,HARD,1,5
79.971,HAM,2024,15,Monaco,MEDIUM,2,14
87.632,GAS,2022,37,Monza,HARD,2,20
78.661,SAI,2024,55,Monaco,HARD,2,54
78.479,HAM,2022,49,Monaco,MEDIUM,4,19
86.134,ZHO,2023,46,Monza,MEDIUM,3,13
81.023,TSU,2024,32,Monaco,HARD,2,32
85.365,LEC,2022,24,Monza,MEDIUM,2,12
82.554,MAG,2023,27,Australia,HARD,3,20
92.838,VER,2023,27,Saudi Arabia,HARD,2,9
97.629,MAG,2023,47,Bahrain,SOFT,4,7
78.667,NOR,2022,49,Monaco,HARD,4,27
101.01,TSU,2023,54,Monaco,INTERMEDIATE,2,1
98.136,LEC,2024,8,Bahrain,SOFT,1,11
94.978,OCO,2023,30,Saudi Arabia,HARD,2,14
80.525,BOT,2024,33,Monaco,HARD,3,19
77.582,GAS,2022,60,Monaco,HARD,4,38
77.221,GAS,2023,40,Monaco,HARD,1,40
81.621,STR,2024,24,Monaco,MEDIUM,2,24
83.006,MSC,2022,55,Australia,HARD,2,41
95.139,MAG,2023,30,Saudi Arabia,HARD,2,22
83.863,MAG,2023,12,Australia,HARD,3,5
96.823,NOR,2024,24,Bahrain,HARD,2,11
96.594,HUL,2022,12,Saudi Arabia,HARD,1,13
86.172,PER,2022,34,Monza,HARD,2,27
132.037,HUL,2023,27,Bahrain,HARD,3,1
80.757,ZHO,2023,2,Monaco,HARD,2,1
81.725,STR,2024,10,Monaco,MEDIUM,2,10
83.889,SAI,2023,4,Australia,MEDIUM,1,4
103.503,HUL,2023,61,Singapore,HARD,2,41
77.501,SAI,2024,58,Monaco,HARD,2,57
97.506,HAM,2022,30,Bahrain,MEDIUM,3,3
78.432,BOT,2022,48,Monaco,HARD,3,28
114.547,OCO,2023,54,Monaco,HARD,2,22
79.809,SAR,2024,58,Monaco,MEDIUM,3,1
101.16,HUL,2023,55,Singapore,HARD,2,35
98.221,HAM,2024,8,Bahrain,SOFT,1,11
78.731,PIA,2024,38,Monaco,HARD,2,38
85.172,OCO,2022,10,Australia,MEDIUM,1,10
78.642,BOT,2024,65,Monaco,HARD,3,51
86.205,HAM,2023,36,Monza,MEDIUM,2,9
100.521,RIC,2022,26,Bahrain,SOFT,2,9
94.618,RIC,2022,35,Saudi Arabia,HARD,2,27
94.905,SAR,2023,44,Saudi Arabia,MEDIUM,2,26
87.723,ALB,2023,14,Monza,MEDIUM,1,17
84.117,ZHO,2023,36,Australia,HARD,3,35
93.535,GAS,2023,16,Silverstone,MEDIUM,1,16
92.827,MAG,2022,51,Silverstone,MEDIUM,3,29
95.45,NOR,2022,7,Silverstone,MEDIUM,2,7
78.856,NOR,2023,14,Monaco,MEDIUM,1,14
101.334,GAS,2023,4,Singapore,MEDIUM,1,4
86.396,RUS,2022,16,Monza,SOFT,1,16
94.249,MAG,2022,22,Silverstone,MEDIUM,2,23
82.933,RIC,2022,51,Australia,HARD,2,30
75.324,HAM,2024,75,Monaco,HARD,3,25
80.855,PER,2023,52,Australia,HARD,4,45
119.179,HAM,2023,13,Bahrain,HARD,2,1
78.419,BOT,2022,47,Monaco,HARD,3,27
93.835,VER,2023,49,Saudi Arabia,HARD,2,31
84.853,MSC,2022,30,Australia,HARD,2,16
99.823,BOT,2023,4,Bahrain,SOFT,1,4
128.998,PIA,2023,20,Singapore,MEDIUM,1,20
84.889,ZHO,2022,13,Australia,MEDIUM,1,13
97.681,LEC,2023,16,Saudi Arabia,SOFT,1,16
87.954,SAR,2023,74,Monaco,INTERMEDIATE,4,22
89.941,ALB,2023,51,Monaco,HARD,2,33
118.915,PIA,2023,1,Australia,MEDIUM,1,1
95.153,PIA,2024,36,Bahrain,HARD,3,2
94.664,LAT,2022,28,Silverstone,MEDIUM,3,9
96.349,STR,2024,33,Bahrain,HARD,3,6
92.779,HAM,2023,21,Silverstone,MEDIUM,1,21
100.375,OCO,2023,64,Monaco,INTERMEDIATE,3,10
103.171,STR,2022,4,Monaco,INTERMEDIATE,3,2
90.098,GAS,2023,71,Monaco,INTERMEDIATE,3,17
84.063,MAG,2022,50,Australia,MEDIUM,2,13
92.658,LEC,2023,29,Silverstone,HARD,2,11
80.719,SAI,2023,52,Australia,HARD,3,45
105.543,ALO,2023,1,Australia,MEDIUM,1,2
96.471,MAG,2023,42,Bahrain,SOFT,4,2
93.419,LEC,2023,46,Saudi Arabia,HARD,2,30
81.492,SAR,2024,11,Monaco,HARD,2,11
79.32,ZHO,2022,46,Monaco,MEDIUM,3,17
93.581,VER,2022,52,Silverstone,SOFT,5,13
102.684,OCO,2023,41,Bahrain,HARD,4,9
95.041,SAI,2023,23,Saudi Arabia,HARD,2,8
79.504,NOR,2023,19,Monaco,MEDIUM,1,19
95.626,PIA,2023,8,Saudi Arabia,HARD,2,7
92.529,ALO,2022,36,Silverstone,HARD,3,3
87.043,TSU,2022,36,Monza,HARD,2,18
82.346,PIA,2023,37,Australia,HARD,2,29
85.014,SAI,2022,37,Monza,SOFT,2,7
92.242,SAI,2022,45,Saudi Arabia,HARD,2,29
78.762,SAI,2024,44,Monaco,HARD,2,43
87.082,NOR,2022,26,Monza,MEDIUM,1,26
79.398,DEV,2023,21,Monaco,MEDIUM,1,21
97.287,BOT,2024,15,Bahrain,HARD,2,3
92.822,SAI,2023,50,Saudi Arabia,HARD,2,35
100.821,ZHO,2023,38,Singapore,MEDIUM,3,18
93.507,HAM,2023,40,Saudi Arabia,MEDIUM,2,22
97.662,RIC,2024,56,Bahrain,SOFT,3,21
94.189,STR,2023,6,Silverstone,MEDIUM,1,7
98.713,STR,2022,21,Bahrain,SOFT,2,3
79.281,DEV,2023,18,Monaco,MEDIUM,1,18
87.459,DEV,2022,4,Monza,SOFT,1,4
82.261,ALO,2023,17,Australia,HARD,2,9
79.856,BOT,2022,41,Monaco,HARD,3,21
88.411,BOT,2022,16,Monza,MEDIUM,1,16
96.569,BOT,2024,43,Bahrain,HARD,3,13
2483.804,HAM,2024,1,Monaco,HARD,1,1
77.616,PER,2023,44,Monaco,MEDIUM,3,11
93.054,HAM,2023,45,Saudi Arabia,MEDIUM,2,27
97.824,TSU,2023,28,Bahrain,HARD,3,2
78.852,ALO,2024,44,Monaco,MEDIUM,2,44
100.863,ALO,2022,53,Australia,MEDIUM,2,14
97.13,RIC,2022,22,Saudi Arabia,HARD,2,14
80.727,ZHO,2023,16,Monaco,HARD,2,15
79.165,BOT,2023,6,Monaco,HARD,1,6
98.427,RUS,2023,18,Bahrain,HARD,2,5
97.159,SAR,2023,9,Saudi Arabia,HARD,1,9
79.148,HUL,2023,36,Monaco,HARD,2,35
95.226,LEC,2023,13,Saudi Arabia,SOFT,1,13
97.706,TSU,2024,36,Bahrain,HARD,3,2
93.261,SAI,2023,21,Silverstone,MEDIUM,1,21
101.18,HUL,2022,57,Bahrain,SOFT,4,13
87.186,TSU,2022,30,Monza,HARD,2,12
98.908,ALO,2022,28,Bahrain,HARD,3,3
100.729,HUL,2023,51,Singapore,HARD,2,31
98.873,OCO,2022,10,Monaco,WET,1,10
99.802,ALB,2023,23,Bahrain,SOFT,2,12
94.368,ALB,2022,46,Saudi Arabia,HARD,2,33
91.23,ALO,2023,70,Monaco,INTERMEDIATE,3,15
96.551,GAS,2023,50,Bahrain,SOFT,4,10
128.156,ALB,2022,45,Bahrain,MEDIUM,3,12
80.686,ZHO,2024,45,Monaco,HARD,2,44
98.206,DEV,2023,36,Bahrain,HARD,3,9
85.938,RUS,2022,31,Monza,HARD,2,8
78.229,RUS,2023,18,Monaco,HARD,1,18
86.284,RUS,2023,28,Monza,HARD,2,12
98.171,TSU,2023,2,Saudi Arabia,MEDIUM,1,2
96.411,ALB,2022,27,Saudi Arabia,HARD,2,14
113.731,TSU,2022,3,Australia,MEDIUM,1,3
83.531,GAS,2022,54,Australia,HARD,2,33
92.779,MAG,2022,48,Saudi Arabia,MEDIUM,2,13
116.824,SAI,2023,20,Singapore,MEDIUM,1,20
86.676,ALB,2023,8,Monza,MEDIUM,1,11
78.151,OCO,2022,54,Monaco,MEDIUM,3,24
85.99,VER,2023,8,Monza,MEDIUM,1,8
98.886,OCO,2023,18,Bahrain,HARD,3,6
87.033,ALO,2023,5,Monza,MEDIUM,1,5
90.696,MAG,2023,52,Monaco,HARD,1,52
96.378,OCO,2022,10,Saudi Arabia,MEDIUM,1,10
128.455,LAW,2023,20,Singapore,MEDIUM,1,20
100.598,MAG,2023,15,Singapore,MEDIUM,1,15
80.37,VER,2024,15,Monaco,MEDIUM,2,14
93.324,HAM,2023,14,Silverstone,MEDIUM,1,14
81.53,HUL,2023,43,Australia,HARD,2,35
79.506,ALB,2024,62,Monaco,HARD,2,61
100.396,LEC,2023,63,Monaco,INTERMEDIATE,3,8
95.694,NOR,2023,31,Saudi Arabia,MEDIUM,3,12
76.861,LEC,2022,41,Monaco,HARD,4,20
99.907,NOR,2022,49,Bahrain,SOFT,4,7
100.256,ALO,2022,15,Bahrain,MEDIUM,2,4
117.624,PER,2024,13,Bahrain,HARD,2,1
78.293,VET,2022,56,Monaco,HARD,4,34
97.837,RIC,2022,14,Monaco,WET,1,14
92.848,VER,2023,44,Saudi Arabia,HARD,2,26
97.624,TSU,2023,50,Bahrain,SOFT,4,13
101.642,OCO,2024,10,Bahrain,SOFT,1,10
83.327,TSU,2024,4,Monaco,HARD,2,4
101.286,LAW,2023,19,Singapore,MEDIUM,1,19
98.658,LEC,2023,3,Bahrain,SOFT,1,3
80.828,NOR,2024,7,Monaco,HARD,2,7
80.682,SAR,2023,24,Monaco,SOFT,3,1
104.801,ZHO,2024,1,Bahrain,SOFT,1,1
96.871,STR,2024,49,Bahrain,HARD,3,22
91.475,NOR,2022,40,Australia,HARD,2,20
98.798,ZHO,2024,5,Bahrain,SOFT,1,5
78.371,HAM,2024,30,Monaco,MEDIUM,2,29
98.332,OCO,2024,19,Bahrain,HARD,2,9
94.384,BOT,2023,37,Saudi Arabia,SOFT,4,2
94.334,LEC,2023,30,Saudi Arabia,HARD,2,14
100.785,HAM,2023,16,Singapore,MEDIUM,1,16
78.104,HAM,2024,46,Monaco,MEDIUM,2,45
95.163,RIC,2024,37,Bahrain,SOFT,3,2
81.983,ZHO,2023,49,Australia,HARD,3,48
139.618,GAS,2024,2,Monaco,MEDIUM,2,1
76.997,GAS,2023,46,Monaco,HARD,1,46
96.461,GAS,2022,1,Australia,MEDIUM,1,1
81.288,TSU,2023,2,Monaco,MEDIUM,1,2
81.283,VER,2024,7,Monaco,MEDIUM,2,6
78.906,NOR,2024,44,Monaco,HARD,2,44
82.412,SAI,2023,29,Australia,HARD,3,22
79.058,STR,2023,25,Monaco,HARD,1,26
79.867,STR,2024,39,Monaco,MEDIUM,2,39
87.548,MSC,2022,18,Monza,MEDIUM,1,18
123.458,TSU,2023,54,Australia,HARD,2,46
80.109,TSU,2024,49,Monaco,HARD,2,49
115.057,ZHO,2023,1,Singapore,SOFT,1,1
86.282,DEV,2023,76,Monaco,INTERMEDIATE,2,23
82.406,PER,2022,38,Australia,HARD,2,18
93.861,ZHO,2023,18,Silverstone,MEDIUM,1,18
101.345,MAG,2023,12,Bahrain,HARD,1,12
87.117,OCO,2023,7,Monza,MEDIUM,1,7
80.846,ALO,2022,57,Australia,MEDIUM,3,4
85.529,LAT,2022,42,Australia,HARD,3,19
95.322,GAS,2023,24,Saudi Arabia,HARD,2,10
82.231,STR,2023,34,Australia,HARD,2,26
85.75,VER,2022,20,Monza,SOFT,1,20
86.742,SAI,2022,25,Monza,MEDIUM,1,25
144.92,SAR,2023,20,Saudi Arabia,MEDIUM,2,2
99.521,OCO,2023,26,Bahrain,HARD,3,14
78.898,PER,2022,56,Monaco,MEDIUM,4,26
97.387,VER,2023,24,Bahrain,SOFT,2,10
100.855,STR,2022,31,Bahrain,SOFT,2,13
87.88,MAG,2022,19,Monza,MEDIUM,1,19
85.242,HAM,2023,75,Monaco,INTERMEDIATE,3,21
100.44,TSU,2023,69,Monaco,INTERMEDIATE,2,16
96.554,PER,2023,43,Bahrain,HARD,3,9
86.02,PER,2023,33,Monza,HARD,2,12
99.17,TSU,2023,19,Bahrain,HARD,2,9
100.005,HUL,2023,46,Singapore,HARD,2,26
82.147,NOR,2024,5,Monaco,HARD,2,5
94.441,ALB,2022,44,Saudi Arabia,HARD,2,31
100.183,ZHO,2022,3,Bahrain,SOFT,1,3
83.647,ALB,2024,54,Monaco,HARD,2,53
93.332,HUL,2023,30,Silverstone,MEDIUM,2,23
87.055,ZHO,2023,18,Monza,HARD,2,10
99.529,RIC,2024,8,Bahrain,SOFT,1,11
78.551,STR,2024,44,Monaco,HARD,3,4
101.931,LAT,2022,8,Bahrain,SOFT,1,8
76.996,RUS,2022,47,Monaco,MEDIUM,3,17
98.088,ALO,2023,50,Singapore,SOFT,3,8
84.377,SAR,2023,33,Australia,MEDIUM,4,25
78.161,OCO,2023,21,Monaco,MEDIUM,1,21
78.78,NOR,2023,25,Monaco,MEDIUM,1,25
77.958,NOR,2024,37,Monaco,HARD,2,37
108.107,PER,2022,16,Monaco,WET,1,16
97.238,TSU,2023,48,Bahrain,SOFT,4,11
82.187,STR,2023,28,Australia,HARD,2,20
82.805,PER,2022,31,Australia,HARD,2,11
99.313,SAR,2023,36,Australia,MEDIUM,4,28
77.353,RUS,2023,28,Monaco,HARD,1,28
97.359,TSU,2023,47,Bahrain,SOFT,4,10
80.009,ALO,2022,41,Monaco,MEDIUM,3,11
82.587,SAI,2023,15,Australia,HARD,3,8
96.056,SAI,2023,10,Saudi Arabia,MEDIUM,1,10
99.292,PER,2022,31,Bahrain,MEDIUM,2,16
76.8,VER,2023,42,Monaco,MEDIUM,1,42
87.637,STR,2022,5,Monza,MEDIUM,1,6
96.637,ZHO,2024,39,Bahrain,HARD,3,11
78.025,HAM,2022,58,Monaco,MEDIUM,4,28
135.831,BOT,2022,36,Saudi Arabia,MEDIUM,3,1
100.025,OCO,2022,18,Bahrain,MEDIUM,2,4
81.776,GAS,2023,34,Australia,HARD,2,26
78.271,ALB,2024,57,Monaco,HARD,2,56
94.89,VER,2022,3,Saudi Arabia,MEDIUM,1,3
80.691,RIC,2024,26,Monaco,HARD,2,26
94.903,OCO,2023,27,Saudi Arabia,HARD,2,11
94.335,HAM,2023,24,Saudi Arabia,MEDIUM,2,6
84.365,GAS,2022,32,Australia,HARD,2,11
97.401,RUS,2022,57,Bahrain,SOFT,4,14
96.074,DEV,2023,26,Saudi Arabia,HARD,2,9
101.659,SAI,2023,1,Bahrain,SOFT,1,4
83.802,STR,2023,13,Australia,HARD,2,5
98.908,NOR,2023,22,Bahrain,SOFT,3,8
87.791,HAM,2023,25,Monza,HARD,1,28
78.771,NOR,2023,28,Monaco,MEDIUM,1,28
96.725,HUL,2024,23,Bahrain,HARD,3,3
87.949,MSC,2022,7,Monza,MEDIUM,1,7
99.396,NOR,2023,60,Singapore,HARD,2,40
94.037,MAG,2023,25,Silverstone,MEDIUM,1,25
82.221,SAR,2024,8,Monaco,HARD,2,8
77.237,HUL,2023,8,Monaco,HARD,2,7
94.363,ALO,2022,15,Silverstone,MEDIUM,2,14
100.44,TSU,2023,69,Monaco,INTERMEDIATE,2,16
81.386,BOT,2024,37,Monaco,HARD,3,23
102.288,GAS,2023,25,Bahrain,HARD,2,16
84.984,RIC,2022,15,Australia,MEDIUM,1,15
98.859,GAS,2023,14,Bahrain,HARD,2,5
85.007,NOR,2022,9,Australia,MEDIUM,1,9
80.818,BOT,2024,49,Monaco,HARD,3,35
110.794,DEV,2022,12,Monza,SOFT,1,12
104.702,ZHO,2023,57,Monaco,INTERMEDIATE,3,5
84.134,DEV,2023,34,Australia,MEDIUM,2,26
99.255,ALB,2022,42,Bahrain,MEDIUM,3,9
85.798,BOT,2023,20,Australia,HARD,3,19
118.607,RIC,2022,47,Bahrain,SOFT,4,3
141.252,NOR,2022,2,Monaco,WET,1,2
80.7,ALB,2024,53,Monaco,HARD,2,52
97.104,ALO,2024,29,Bahrain,HARD,2,14
97.01,MAG,2023,6,Saudi Arabia,MEDIUM,1,6
99.147,PER,2023,60,Singapore,MEDIUM,2,21
101.252,BOT,2024,30,Bahrain,HARD,2,18
92.897,VER,2022,31,Saudi Arabia,HARD,2,15
81.378,GAS,2024,59,Monaco,MEDIUM,2,58
97.662,SAR,2023,53,Bahrain,SOFT,4,13
83.846,TSU,2023,23,Australia,HARD,2,15
99.243,NOR,2023,14,Bahrain,HARD,2,4
82.197,HUL,2023,38,Australia,HARD,2,30
104.005,GAS,2022,14,Bahrain,SOFT,1,17
111.415,RIC,2022,32,Monaco,HARD,3,13
99.374,SAR,2023,59,Singapore,MEDIUM,3,16
95.346,NOR,2024,44,Bahrain,HARD,3,11
97.269,SAI,2022,8,Monaco,WET,1,8
79.76,ALO,2022,43,Monaco,MEDIUM,3,13
101.178,MSC,2022,34,Bahrain,MEDIUM,2,22
105.589,TSU,2023,1,Saudi Arabia,MEDIUM,1,1
93.82,GAS,2023,45,Saudi Arabia,HARD,2,31
79.177,SAI,2024,18,Monaco,HARD,2,17
96.324,LEC,2024,57,Bahrain,HARD,3,23
77.45,GAS,2023,33,Monaco,HARD,1,33
84.671,GAS,2023,4,Australia,SOFT,1,4
97.87,NOR,2023,35,Bahrain,MEDIUM,4,8
97.478,HAM,2023,39,Bahrain,HARD,3,9
98.93,TSU,2022,43,Bahrain,SOFT,3,14
79.683,ALB,2024,44,Monaco,HARD,2,43
119.477,LEC,2023,34,Bahrain,HARD,3,1
98.481,LEC,2023,65,Monaco,INTERMEDIATE,3,10
97.367,OCO,2022,52,Bahrain,SOFT,4,12
91.691,STR,2023,51,Silverstone,SOFT,2,23
90.3,OCO,2023,70,Monaco,INTERMEDIATE,3,16
98.502,MSC,2022,1,Australia,MEDIUM,1,3
104.369,HUL,2022,34,Bahrain,SOFT,2,15
94.422,ALO,2023,7,Saudi Arabia,MEDIUM,1,7
99.825,PER,2022,8,Bahrain,SOFT,1,11
96.762,SAI,2024,32,Bahrain,HARD,2,18
96.647,HUL,2023,65,Monaco,WET,4,6
86.288,ZHO,2023,43,Monza,MEDIUM,3,10
96.623,LEC,2022,38,Bahrain,MEDIUM,3,7
101.119,PIA,2023,13,Singapore,MEDIUM,1,13
95.782,HUL,2023,24,Saudi Arabia,HARD,2,13
102.512,MSC,2022,7,Bahrain,SOFT,1,7
113.453,HUL,2023,12,Saudi Arabia,HARD,2,1
144.06,STR,2023,36,Silverstone,SOFT,2,8
86.147,MSC,2022,8,Australia,MEDIUM,1,10
98.139,ALO,2023,25,Bahrain,HARD,2,11
95.571,BOT,2022,5,Silverstone,MEDIUM,2,4
93.167,LEC,2023,10,Silverstone,MEDIUM,1,10
87.365,GAS,2022,4,Monza,MEDIUM,1,4
99.182,DEV,2023,21,Bahrain,HARD,2,10
86.909,SAI,2022,11,Monza,MEDIUM,1,11
96.803,GAS,2023,49,Bahrain,SOFT,4,9
100.536,MSC,2022,49,Monza,SOFT,2,16
80.105,HAM,2023,3,Monaco,MEDIUM,1,3
94.363,ZHO,2023,41,Saudi Arabia,MEDIUM,3,23
82.387,ZHO,2023,19,Monaco,HARD,2,18
76.711,GAS,2023,51,Monaco,MEDIUM,2,4
85.228,RIC,2022,11,Australia,MEDIUM,1,11
97.297,PER,2024,3,Bahrain,SOFT,1,6
99.439,TSU,2023,22,Bahrain,HARD,2,12
99.799,SAR,2023,34,Singapore,HARD,2,15
97.037,ZHO,2023,34,Bahrain,SOFT,3,5
97.444,SAI,2023,38,Bahrain,HARD,3,7
96.277,TSU,2022,15,Monaco,INTERMEDIATE,2,9
100.213,LEC,2023,53,Singapore,HARD,2,33
99.325,ALB,2022,43,Bahrain,MEDIUM,3,10
93.078,ALO,2023,25,Silverstone,MEDIUM,1,26
82.868,RUS,2024,4,Monaco,MEDIUM,2,3
100.686,ALO,2023,6,Singapore,MEDIUM,1,6
92.815,ALO,2023,49,Saudi Arabia,HARD,2,32
93.392,GAS,2023,50,Saudi Arabia,HARD,2,36
97.651,VER,2023,22,Bahrain,SOFT,2,8
102.523,PIA,2024,1,Bahrain,SOFT,1,4
97.509,LEC,2022,44,Bahrain,MEDIUM,3,13
98.419,OCO,2022,8,Saudi Arabia,MEDIUM,1,8
94.901,SAI,2024,47,Bahrain,HARD,3,12
95.512,PIA,2023,4,Saudi Arabia,HARD,2,3
98.652,RUS,2023,1,Saudi Arabia,MEDIUM,1,1
98.426,BOT,2024,27,Bahrain,HARD,2,15
97.918,ALB,2024,21,Bahrain,HARD,2,6
100.846,TSU,2023,8,Bahrain,SOFT,1,8
78.331,HAM,2024,47,Monaco,MEDIUM,2,46
101.21,OCO,2024,30,Bahrain,HARD,2,20
83.674,SAR,2024,5,Monaco,HARD,2,5
93.666,GAS,2022,41,Saudi Arabia,HARD,2,26
94.427,MAG,2023,8,Silverstone,MEDIUM,1,8
84.501,PER,2023,5,Australia,HARD,3,3
77.545,RUS,2023,45,Monaco,HARD,1,45
85.236,PIA,2023,15,Australia,HARD,2,7
136.855,HUL,2023,18,Saudi Arabia,HARD,2,7
95.208,RUS,2022,50,Saudi Arabia,HARD,2,34
83.4,BOT,2022,48,Australia,HARD,2,26
94.61,TSU,2023,36,Saudi Arabia,HARD,2,19
80.202,RUS,2024,15,Monaco,MEDIUM,2,14
98.081,PIA,2023,19,Australia,HARD,2,11
80.506,STR,2024,25,Monaco,MEDIUM,2,25
77.68,TSU,2023,36,Monaco,MEDIUM,1,36
78.151,BOT,2023,48,Monaco,HARD,1,48
83.494,ZHO,2024,5,Monaco,HARD,2,4
81.482,NOR,2023,47,Australia,HARD,2,39
141.354,ALB,2022,47,Bahrain,SOFT,4,4
83.321,ALO,2023,12,Australia,HARD,2,4
99.291,GAS,2024,43,Bahrain,HARD,3,12
86.823,PIA,2023,10,Monza,MEDIUM,1,10
83.645,PER,2022,22,Australia,HARD,2,2
93.657,PER,2022,17,Silverstone,MEDIUM,3,13
85.817,NOR,2023,11,Australia,HARD,2,3
96.324,STR,2023,2,Saudi Arabia,MEDIUM,1,2
95.991,RUS,2023,66,Monaco,INTERMEDIATE,2,12
95.849,OCO,2023,5,Saudi Arabia,MEDIUM,1,5
80.797,GAS,2024,18,Monaco,MEDIUM,2,17
84.996,TSU,2022,57,Monaco,SOFT,5,1
97.868,BOT,2023,44,Bahrain,HARD,3,15
88.442,STR,2022,21,Monza,HARD,2,4
95.152,NOR,2022,29,Saudi Arabia,HARD,2,13
78.177,RUS,2024,44,Monaco,MEDIUM,2,43
101.277,HAM,2023,56,Monaco,INTERMEDIATE,3,2
78.973,LEC,2024,25,Monaco,HARD,2,24
94.21,ALB,2023,6,Silverstone,MEDIUM,1,6
77.912,SAI,2023,24,Monaco,HARD,1,24
98.299,HUL,2022,50,Bahrain,SOFT,4,6
98.497,MAG,2024,4,Bahrain,SOFT,1,4
98.058,TSU,2024,26,Bahrain,HARD,2,12
78.634,ALO,2022,51,Monaco,MEDIUM,3,21
96.217,STR,2022,14,Monaco,INTERMEDIATE,3,12
95.163,RIC,2024,37,Bahrain,SOFT,3,2
75.815,VER,2024,54,Monaco,HARD,3,3
95.305,SAI,2024,56,Bahrain,HARD,3,21
92.838,VER,2023,27,Saudi Arabia,HARD,2,9
98.146,BOT,2024,24,Bahrain,HARD,2,12
81.163,SAI,2024,6,Monaco,HARD,2,5
113.456,ZHO,2023,40,Bahrain,SOFT,3,11
81.029,RIC,2024,25,Monaco,HARD,2,25
95.547,GAS,2022,27,Saudi Arabia,HARD,2,12
105.965,BOT,2023,32,Silverstone,HARD,1,32
93.055,LEC,2022,24,Silverstone,MEDIUM,2,23
101.918,HUL,2023,54,Singapore,HARD,2,34
95.816,BOT,2022,23,Saudi Arabia,HARD,2,7
98.134,NOR,2024,8,Bahrain,SOFT,1,11
85.607,GAS,2023,77,Monaco,INTERMEDIATE,3,23
81.728,ALO,2023,35,Australia,HARD,2,27
97.022,ALO,2023,44,Bahrain,HARD,3,10
113.739,HUL,2022,48,Bahrain,SOFT,4,4
148.277,TSU,2024,2,Monaco,HARD,2,2
96.143,GAS,2022,28,Saudi Arabia,HARD,2,13
98.798,ZHO,2024,5,Bahrain,SOFT,1,5
94.007,STR,2023,10,Silverstone,MEDIUM,1,11
83.841,OCO,2023,12,Australia,HARD,3,11
101.757,BOT,2023,5,Singapore,HARD,1,5
95.443,VER,2023,10,Saudi Arabia,MEDIUM,1,10
97.587,SAI,2023,40,Bahrain,HARD,3,9
94.729,NOR,2022,37,Saudi Arabia,HARD,2,21
87.763,MAG,2022,31,Monza,HARD,2,7
82.739,SAR,2024,6,Monaco,HARD,2,6
75.594,SAR,2024,59,Monaco,MEDIUM,3,2
75.398,VER,2024,55,Monaco,HARD,3,4
97.609,ALB,2023,49,Bahrain,SOFT,4,9
76.133,RUS,2024,64,Monaco,MEDIUM,2,63
97.049,PER,2023,51,Bahrain,HARD,3,17
88.126,MAG,2022,5,Monza,MEDIUM,1,5
92.534,TSU,2023,44,Silverstone,SOFT,3,12
98.742,TSU,2023,14,Bahrain,HARD,2,4
99.366,SAR,2024,9,Bahrain,SOFT,1,9
96.694,HAM,2024,19,Bahrain,HARD,2,7
91.88,SAI,2023,52,Silverstone,HARD,2,26
95.725,LEC,2023,54,Monaco,MEDIUM,2,10
77.354,NOR,2022,47,Monaco,HARD,4,25
76.458,PER,2023,6,Monaco,HARD,2,5
146.223,HAM,2022,1,Silverstone,MEDIUM,1,1
81.449,ZHO,2024,37,Monaco,HARD,2,36
97.798,LEC,2023,18,Bahrain,HARD,2,5
77.023,SAI,2023,40,Monaco,MEDIUM,2,7
85.985,PER,2022,32,Monza,HARD,2,25
113.077,ALB,2023,1,Singapore,MEDIUM,1,1
79.788,RUS,2024,21,Monaco,MEDIUM,2,20
124.896,STR,2022,5,Australia,HARD,3,1
99.437,SAR,2024,24,Bahrain,HARD,2,14
98.094,GAS,2024,21,Bahrain,HARD,2,9
97.738,BOT,2023,54,Bahrain,HARD,3,25
82.387,TSU,2023,44,Australia,HARD,2,36
95.333,GAS,2022,6,Silverstone,SOFT,2,5
87.725,ALB,2023,44,Monza,HARD,2,32
80.162,BOT,2023,27,Monaco,HARD,1,27
99.899,SAI,2023,63,Monaco,INTERMEDIATE,3,8
82.944,BOT,2023,42,Australia,HARD,3,41
88.668,ALO,2023,10,Australia,HARD,2,2
145.271,SAR,2023,37,Silverstone,SOFT,2,8
96.569,RUS,2023,49,Singapore,MEDIUM,3,5
79.375,TSU,2024,62,Monaco,HARD,2,62
77.461,LEC,2023,34,Monaco,HARD,1,34
92.052,LEC,2023,43,Silverstone,MEDIUM,3,11
84.873,ALO,2022,28,Australia,HARD,1,28
101.148,ZHO,2023,37,Singapore,MEDIUM,3,17
74.748,VER,2024,59,Monaco,HARD,3,8
95.799,ALB,2024,42,Bahrain,HARD,3,6
101.23,ALB,2022,31,Bahrain,MEDIUM,2,18
87.996,OCO,2022,43,Monza,HARD,2,24
95.839,STR,2022,30,Saudi Arabia,HARD,2,18
80.509,ALB,2024,27,Monaco,HARD,2,26
97.492,GAS,2024,15,Bahrain,HARD,2,3
100.772,ALB,2023,33,Singapore,HARD,2,13
94.619,PER,2022,8,Saudi Arabia,MEDIUM,1,8
81.314,STR,2024,13,Monaco,MEDIUM,2,13
91.699,SAR,2023,42,Silverstone,SOFT,2,13
104.22,HUL,2023,55,Monaco,INTERMEDIATE,3,1
92.933,VER,2023,25,Saudi Arabia,HARD,2,7
79.594,SAI,2024,43,Monaco,HARD,2,42
93.464,BOT,2023,24,Silverstone,HARD,1,24
99.542,DEV,2023,23,Bahrain,HARD,2,12
98.893,NOR,2023,62,Monaco,INTERMEDIATE,3,8
94.994,VER,2022,17,Silverstone,MEDIUM,3,5
98.331,SAI,2023,26,Bahrain,HARD,2,13
97.629,MAG,2023,47,Bahrain,SOFT,4,7
101.089,GAS,2022,11,Bahrain,SOFT,1,14
93.076,SAI,2023,17,Silverstone,MEDIUM,1,17
95.957,PER,2023,67,Monaco,WET,5,10
95.508,DEV,2023,28,Saudi Arabia,HARD,2,11
82.479,HUL,2023,26,Australia,HARD,2,18
87.22,LAT,2022,25,Monza,HARD,2,10
97.594,SAR,2024,15,Bahrain,HARD,2,5
98.157,MAG,2023,51,Bahrain,SOFT,4,11
87.991,HUL,2023,34,Monza,HARD,2,25
98.823,ALB,2024,13,Bahrain,SOFT,1,13
86.671,ZHO,2023,42,Monza,MEDIUM,3,9
95.438,LEC,2023,12,Saudi Arabia,SOFT,1,12
98.172,NOR,2024,11,Bahrain,SOFT,1,14
95.354,SAI,2023,3,Saudi Arabia,MEDIUM,1,3
78.46,OCO,2023,10,Monaco,MEDIUM,1,10
95.223,VER,2024,26,Bahrain,HARD,2,9
97.883,HUL,2024,9,Bahrain,HARD,2,8
100.458,ALB,2023,12,Singapore,MEDIUM,1,12
98.329,GAS,2022,42,Bahrain,HARD,3,10
97.65,SAI,2024,12,Bahrain,SOFT,1,15
101.11,PER,2023,7,Australia,HARD,3,5
102.945,TSU,2023,57,Monaco,INTERMEDIATE,2,4
98.493,SAR,2024,12,Bahrain,HARD,2,2
145.323,SAI,2023,19,Saudi Arabia,HARD,2,4
98.44,NOR,2023,26,Bahrain,SOFT,3,12
100.983,SAR,2023,14,Singapore,MEDIUM,1,14
86.981,BOT,2023,39,Monza,MEDIUM,2,17
92.768,ALO,2023,40,Saudi Arabia,HARD,2,23
93.119,LEC,2022,23,Silverstone,MEDIUM,2,22
94.715,HAM,2023,23,Saudi Arabia,MEDIUM,2,5
100.864,GAS,2023,62,Monaco,INTERMEDIATE,3,8
94.392,PER,2023,15,Saudi Arabia,MEDIUM,1,15
78.93,RIC,2024,76,Monaco,HARD,2,76
96.945,MAG,2023,19,Australia,HARD,3,12
80.691,RIC,2024,26,Monaco,HARD,2,26
93.539,SAI,2023,36,Saudi Arabia,HARD,2,21
80.353,STR,2024,19,Monaco,MEDIUM,2,19
97.656,NOR,2023,46,Bahrain,HARD,5,9
95.394,LEC,2024,52,Bahrain,HARD,3,18
78.165,ALB,2024,72,Monaco,HARD,2,71
96.801,SAR,2023,43,Bahrain,SOFT,4,3
100.715,PER,2023,12,Singapore,HARD,1,12
215.85,TSU,2022,1,Silverstone,MEDIUM,1,1
98.912,TSU,2024,10,Bahrain,SOFT,1,10
87.446,ALO,2022,6,Monza,MEDIUM,1,6
96.218,ALB,2024,52,Bahrain,HARD,3,16
97.833,RUS,2023,16,Bahrain,HARD,2,3
83.327,TSU,2024,4,Monaco,HARD,2,4
78.583,STR,2023,34,Monaco,HARD,1,35
98.121,LAT,2022,3,Saudi Arabia,MEDIUM,1,3
97.833,RUS,2023,16,Bahrain,HARD,2,3
99.24,BOT,2022,22,Australia,MEDIUM,1,22
78.774,ALB,2023,39,Monaco,HARD,2,21
86.943,ALO,2023,8,Monza,MEDIUM,1,8
96.964,ALB,2023,22,Saudi Arabia,HARD,2,5
97.82,SAR,2024,20,Bahrain,HARD,2,10
87.379,OCO,2022,8,Monza,SOFT,1,8
82.353,TSU,2022,36,Monaco,MEDIUM,4,7
79.334,ALO,2024,50,Monaco,MEDIUM,2,50
94.3,NOR,2022,14,Monaco,WET,1,14
98.826,ALB,2022,55,Bahrain,SOFT,4,12
97.359,TSU,2024,18,Bahrain,HARD,2,4
86.735,ALB,2023,31,Monza,HARD,2,19
87.2,MAG,2022,30,Monza,HARD,2,6
93.763,HUL,2023,19,Silverstone,MEDIUM,2,12
99.897,ALB,2023,62,Monaco,INTERMEDIATE,3,10
94.291,PIA,2023,49,Saudi Arabia,HARD,2,48
86.889,BOT,2023,45,Monza,MEDIUM,2,23
79.831,STR,2023,29,Monaco,HARD,1,30
79.511,BOT,2023,13,Monaco,HARD,1,13
100.767,SAR,2023,58,Singapore,MEDIUM,3,15
99.248,SAI,2023,43,Singapore,HARD,2,23
99.279,BOT,2022,21,Bahrain,MEDIUM,2,7
101.979,MAG,2023,29,Bahrain,HARD,2,14
97.333,ZHO,2024,56,Bahrain,HARD,3,28
86.611,PIA,2023,28,Monza,HARD,2,10
80.068,BOT,2024,73,Monaco,HARD,3,59
80.148,ALB,2024,32,Monaco,HARD,2,31
78.782,OCO,2023,7,Monaco,MEDIUM,1,7
94.439,ALO,2022,12,Silverstone,MEDIUM,2,11
95.277,PIA,2023,35,Saudi Arabia,HARD,2,34
97.819,RUS,2024,18,Bahrain,HARD,2,7
84.285,MAG,2022,57,Australia,MEDIUM,2,20
96.769,RUS,2024,21,Bahrain,HARD,2,10
95.224,PIA,2023,32,Saudi Arabia,HARD,2,31
93.479,LEC,2023,39,Saudi Arabia,HARD,2,23
86.143,PIA,2023,75,Monaco,INTERMEDIATE,2,21
96.421,OCO,2022,24,Saudi Arabia,HARD,2,8
91.647,NOR,2023,22,Monza,MEDIUM,1,22
78.161,ZHO,2023,26,Monaco,HARD,2,25
98.017,TSU,2023,32,Bahrain,HARD,3,6
87.24,HAM,2023,16,Monza,HARD,1,19
102.63,OCO,2023,61,Monaco,INTERMEDIATE,3,7
79.611,PER,2023,28,Monaco,HARD,2,27
81.366,ALO,2024,12,Monaco,MEDIUM,2,12
94.507,SAI,2024,44,Bahrain,HARD,3,9
86.553,BOT,2023,75,Monaco,INTERMEDIATE,2,24
79.832,PIA,2024,18,Monaco,HARD,2,18
86.24,OCO,2023,77,Monaco,INTERMEDIATE,3,23
95.13,SAR,2023,45,Saudi Arabia,MEDIUM,2,27
75.159,SAI,2024,60,Monaco,HARD,2,59
78.2,ZHO,2022,52,Monaco,MEDIUM,3,23
78.519,TSU,2023,32,Monaco,MEDIUM,1,32
85.501,VER,2023,27,Monza,HARD,2,7
109.028,TSU,2022,3,Monaco,WET,1,3
106.855,SAR,2023,1,Bahrain,SOFT,1,1
95.024,VET,2022,10,Silverstone,MEDIUM,3,6
87.223,GAS,2023,25,Monza,HARD,2,18
87.492,MAG,2023,23,Monza,MEDIUM,2,11
96.799,ALO,2024,37,Bahrain,HARD,2,22
145.374,VER,2022,49,Bahrain,SOFT,4,9
101.272,PIA,2023,25,Singapore,HARD,2,5
86.163,VER,2023,2,Monza,MEDIUM,1,2
96.75,HAM,2022,13,Monaco,WET,1,13
103.87,ZHO,2023,12,Bahrain,SOFT,1,12
97.813,TSU,2023,31,Bahrain,HARD,3,5
78.64,NOR,2024,25,Monaco,HARD,2,25
87.263,LAW,2023,6,Monza,MEDIUM,1,9
87.303,BOT,2022,30,Monza,MEDIUM,1,30
81.427,GAS,2024,31,Monaco,MEDIUM,2,30
103.772,TSU,2022,7,Monaco,INTERMEDIATE,2,1
94.106,PER,2023,10,Saudi Arabia,MEDIUM,1,10
128.963,STR,2023,33,Silverstone,SOFT,2,5
85.645,PER,2023,51,Monaco,MEDIUM,3,18
103.333,NOR,2022,1,Saudi Arabia,MEDIUM,1,1
81.41,SAR,2023,18,Monaco,MEDIUM,1,18
75.697,HAM,2024,77,Monaco,HARD,3,27
79.239,SAR,2023,7,Monaco,MEDIUM,1,7
117.242,VER,2022,44,Bahrain,SOFT,4,4
79.185,LEC,2024,47,Monaco,HARD,2,46
95.822,SAR,2023,23,Saudi Arabia,MEDIUM,2,5
91.86,ALB,2023,50,Silverstone,SOFT,2,22
99.757,HAM,2023,7,Bahrain,SOFT,1,10
79.143,ALB,2023,37,Monaco,HARD,2,19
78.097,ZHO,2023,27,Monaco,HARD,2,26
93.508,SAR,2023,25,Silverstone,MEDIUM,1,25
81.544,ALO,2024,28,Monaco,MEDIUM,2,28
99.223,LEC,2023,64,Monaco,INTERMEDIATE,3,9
78.045,NOR,2023,43,Monaco,MEDIUM,1,43
86.143,PER,2023,3,Monza,MEDIUM,1,3
96.609,RIC,2024,50,Bahrain,SOFT,3,15
98.287,HAM,2024,4,Bahrain,SOFT,1,7
81.091,ALO,2024,25,Monaco,MEDIUM,2,25
80.282,GAS,2023,3,Monaco,HARD,1,3
87.371,NOR,2022,24,Monza,MEDIUM,1,24
101.209,ALB,2023,61,Monaco,INTERMEDIATE,3,9
94.104,SAI,2023,31,Saudi Arabia,HARD,2,16
96.88,MAG,2023,22,Saudi Arabia,HARD,2,14
96.668,NOR,2024,22,Bahrain,HARD,2,9
96.516,OCO,2022,12,Saudi Arabia,MEDIUM,1,12
93.314,LEC,2022,14,Monaco,WET,1,14
93.775,STR,2022,44,Silverstone,MEDIUM,4,7
86.43,SAI,2023,44,Monza,HARD,2,25
79.691,RUS,2024,22,Monaco,MEDIUM,2,21
99.655,LAT,2022,17,Bahrain,SOFT,2,3
88.197,OCO,2023,15,Monza,MEDIUM,1,15
82.899,SAR,2024,7,Monaco,HARD,2,7
92.39,RUS,2022,47,Monza,HARD,2,24
83.397,BOT,2022,42,Australia,HARD,2,20
99.569,TSU,2022,23,Bahrain,MEDIUM,2,8
145.098,PER,2022,49,Bahrain,SOFT,4,9
86.831,ALB,2023,37,Monza,HARD,2,25
113.355,LAT,2022,19,Monaco,HARD,3,17
78.35,PIA,2024,50,Monaco,HARD,2,50
98.278,VER,2023,9,Bahrain,SOFT,1,12
99.809,ALO,2022,18,Bahrain,MEDIUM,2,7
94.966,PER,2024,49,Bahrain,SOFT,3,13
94.457,OCO,2023,67,Monaco,INTERMEDIATE,3,13
105.772,RUS,2023,1,Singapore,MEDIUM,1,1
87.208,OCO,2023,31,Monza,HARD,2,10
94.53,OCO,2022,35,Saudi Arabia,HARD,2,19
113.753,SAR,2023,40,Bahrain,HARD,3,10
87.472,ALO,2022,16,Monza,MEDIUM,1,16
101.069,RIC,2022,42,Bahrain,HARD,3,9
96.954,RUS,2024,23,Bahrain,HARD,2,12
135.298,ZHO,2023,19,Saudi Arabia,MEDIUM,3,1
85.428,LEC,2022,18,Monza,MEDIUM,2,6
96.365,ZHO,2024,11,Bahrain,HARD,2,2
80.357,ZHO,2024,67,Monaco,HARD,2,66
98.021,SAI,2023,57,Bahrain,HARD,3,26
76.281,PIA,2024,73,Monaco,HARD,2,73
94.165,RUS,2023,30,Saudi Arabia,HARD,2,12
86.576,HAM,2022,19,Monza,MEDIUM,1,19
85.598,VER,2023,36,Monza,HARD,2,16
82.897,ALO,2022,34,Monaco,MEDIUM,3,4
87.153,DEV,2022,42,Monza,MEDIUM,2,23
81.652,PIA,2023,46,Australia,HARD,2,38
114.359,DEV,2023,41,Bahrain,HARD,3,14
99.282,TSU,2023,20,Bahrain,HARD,2,10
83.332,ALO,2024,42,Monaco,MEDIUM,2,42
88.198,TSU,2022,4,Monza,MEDIUM,1,4
104.899,MAG,2023,15,Bahrain,HARD,1,15
78.108,RIC,2024,71,Monaco,HARD,2,71
100.829,GAS,2023,13,Singapore,MEDIUM,1,13
79.007,BOT,2023,9,Monaco,HARD,1,9
97.055,NOR,2022,10,Saudi Arabia,MEDIUM,1,10
96.122,HAM,2023,48,Singapore,MEDIUM,3,4
84.167,PER,2023,15,Australia,HARD,4,8
83.519,MAG,2023,14,Australia,HARD,3,7
92.08,HUL,2023,49,Silverstone,SOFT,3,17
87.816,ALB,2023,77,Monaco,INTERMEDIATE,3,25
82.009,TSU,2023,47,Australia,HARD,2,39
83.231,OCO,2022,42,Australia,HARD,2,25
88.303,STR,2024,3,Monaco,MEDIUM,2,3
98.482,STR,2023,26,Bahrain,HARD,2,11
102.288,HAM,2023,1,Bahrain,SOFT,1,4
88.402,GAS,2022,13,Monza,MEDIUM,1,13
100.575,OCO,2023,17,Singapore,MEDIUM,1,17
81.593,HUL,2023,40,Australia,HARD,2,32
101.827,DEV,2023,7,Australia,HARD,1,7
91.152,HAM,2023,48,Silverstone,SOFT,2,18
109.38,VET,2022,41,Silverstone,MEDIUM,4,4
86.253,LAW,2023,37,Monza,MEDIUM,3,7
85.282,HAM,2022,37,Monza,SOFT,2,4
79.769,VET,2022,45,Monaco,HARD,4,23
78.44,PIA,2024,26,Monaco,HARD,2,26
100.347,STR,2022,33,Bahrain,SOFT,2,15
76.864,RUS,2022,41,Monaco,MEDIUM,3,11
95.717,TSU,2023,23,Saudi Arabia,HARD,2,6
88.934,STR,2022,2,Australia,HARD,1,3
77.979,RUS,2023,42,Monaco,HARD,1,42
97.582,VER,2023,21,Bahrain,SOFT,2,7
78.499,TSU,2024,57,Monaco,HARD,2,57
82.639,HUL,2023,24,Australia,HARD,2,16
86.643,BOT,2023,30,Monza,MEDIUM,2,8
94.634,VER,2022,7,Saudi Arabia,MEDIUM,1,7
79.053,ALO,2024,76,Monaco,MEDIUM,2,76
93.088,LEC,2022,45,Silverstone,HARD,3,20
96.834,VER,2022,10,Monaco,WET,1,10
99.866,HUL,2023,23,Bahrain,HARD,2,12
87.457,MSC,2022,27,Australia,HARD,2,13
96.714,HAM,2024,26,Bahrain,HARD,2,14
99.972,SAR,2023,28,Singapore,HARD,2,9
93.184,LEC,2022,27,Saudi Arabia,HARD,2,11
95.298,PIA,2024,38,Bahrain,HARD,3,4
93.753,MAG,2023,42,Saudi Arabia,HARD,2,34
80.317,ALO,2024,21,Monaco,MEDIUM,2,21
92.246,HAM,2023,30,Silverstone,MEDIUM,1,30
102.377,PER,2022,4,Monaco,WET,1,4
105.668,RIC,2024,1,Bahrain,SOFT,1,4
115.544,PER,2023,53,Monaco,MEDIUM,3,20
77.075,VER,2023,46,Monaco,MEDIUM,1,46
99.462,STR,2022,43,Bahrain,MEDIUM,3,5
82.147,NOR,2023,35,Australia,HARD,2,27
96.725,TSU,2022,32,Monaco,MEDIUM,4,3
78.685,MAG,2023,47,Monaco,HARD,1,47
87.92,HUL,2023,2,Monza,MEDIUM,1,5
77.772,ALO,2022,60,Monaco,MEDIUM,3,30
78.587,HAM,2024,28,Monaco,MEDIUM,2,27
95.494,OCO,2022,12,Silverstone,SOFT,2,11
79.824,MAG,2023,11,Monaco,HARD,1,11
95.656,ALB,2023,23,Saudi Arabia,HARD,2,6
78.605,HAM,2024,37,Monaco,MEDIUM,2,36
94.11,GAS,2023,40,Saudi Arabia,HARD,2,26
80.648,HAM,2024,36,Monaco,MEDIUM,2,35
99.327,GAS,2023,21,Bahrain,HARD,2,12
83.996,PIA,2023,21,Australia,HARD,2,13
99.614,SAR,2024,54,Bahrain,SOFT,4,14
83.603,VER,2022,33,Monaco,MEDIUM,4,3
95.482,PER,2023,2,Silverstone,MEDIUM,1,2
94.047,HUL,2023,41,Saudi Arabia,HARD,2,30
90.03,LEC,2022,33,Monza,MEDIUM,2,21
87.563,TSU,2024,3,Monaco,HARD,2,3
101.355,ALB,2022,28,Bahrain,MEDIUM,2,15
95.164,ZHO,2023,35,Saudi Arabia,MEDIUM,3,17
96.907,LEC,2024,28,Bahrain,HARD,2,17
94.73,PER,2024,47,Bahrain,SOFT,3,11
79.041,OCO,2023,5,Monaco,MEDIUM,1,5
88.625,RUS,2023,53,Monaco,HARD,1,53
93.953,ALO,2022,32,Saudi Arabia,HARD,2,16
96.788,TSU,2023,6,Saudi Arabia,MEDIUM,1,6
87.383,ALO,2023,9,Monza,MEDIUM,1,9
86.399,RUS,2023,75,Monaco,INTERMEDIATE,2,21
87.058,HAM,2024,3,Monaco,MEDIUM,2,2
81.428,ALO,2024,13,Monaco,MEDIUM,2,13
100.739,SAR,2023,10,Singapore,MEDIUM,1,10
115.834,ALB,2022,3,Australia,HARD,1,3
95.276,RUS,2024,45,Bahrain,HARD,3,14
97.282,STR,2022,8,Saudi Arabia,MEDIUM,1,9
142.239,HAM,2022,6,Australia,MEDIUM,1,6
95.293,GAS,2024,46,Bahrain,SOFT,4,3
95.677,MSC,2022,8,Silverstone,MEDIUM,2,7
117.409,VER,2022,15,Bahrain,SOFT,2,1
98.507,LAT,2022,6,Saudi Arabia,MEDIUM,1,6
101.235,STR,2022,1,Australia,HARD,1,2
98.492,PIA,2023,46,Singapore,HARD,2,26
101.442,GAS,2023,3,Singapore,MEDIUM,1,3
96.269,NOR,2023,13,Saudi Arabia,HARD,2,11
75.466,VER,2024,56,Monaco,HARD,3,5
84.29,GAS,2023,5,Australia,SOFT,1,5
96.694,BOT,2023,47,Saudi Arabia,SOFT,4,12
79.837,ALO,2024,49,Monaco,MEDIUM,2,49
78.757,RUS,2024,37,Monaco,MEDIUM,2,36
79.706,STR,2024,38,Monaco,MEDIUM,2,38
100.846,PIA,2023,17,Singapore,MEDIUM,1,17
97.972,LEC,2023,24,Bahrain,HARD,2,11
95.771,VER,2024,30,Bahrain,HARD,2,13
95.143,STR,2022,25,Silverstone,HARD,3,11
77.444,ALO,2023,15,Monaco,HARD,1,16
113.519,ALO,2022,3,Australia,HARD,1,3
94.607,PER,2024,39,Bahrain,SOFT,3,3
99.096,HAM,2023,61,Singapore,MEDIUM,3,17
99.636,ALO,2023,33,Singapore,HARD,2,13
95.153,STR,2022,35,Saudi Arabia,HARD,2,23
78.612,PIA,2024,37,Monaco,HARD,2,37
78.147,OCO,2022,63,Monaco,MEDIUM,3,33
126.222,VER,2022,28,Monaco,HARD,3,6
98.407,OCO,2024,23,Bahrain,HARD,2,13
78.835,ALB,2022,36,Monaco,MEDIUM,4,14
103.485,TSU,2024,1,Bahrain,SOFT,1,1
78.795,VER,2024,29,Monaco,MEDIUM,2,28
84.398,DEV,2023,36,Australia,MEDIUM,2,28
81.894,HAM,2022,52,Australia,HARD,2,30
79.796,NOR,2024,43,Monaco,HARD,2,43
97.773,PIA,2023,1,Silverstone,MEDIUM,1,1
99.338,RIC,2024,9,Bahrain,SOFT,1,12
99.152,OCO,2024,7,Bahrain,SOFT,1,7
78.718,PIA,2023,16,Monaco,HARD,1,16
91.282,LEC,2022,52,Silverstone,HARD,3,27
77.522,LEC,2022,50,Monaco,HARD,4,29
87.425,NOR,2023,51,Monza,HARD,2,33
84.728,RUS,2022,20,Australia,MEDIUM,1,20
82.587,MAG,2023,29,Australia,HARD,3,22
79.956,ALO,2024,45,Monaco,MEDIUM,2,45
94.564,STR,2022,43,Silverstone,MEDIUM,4,6
83.13,TSU,2023,28,Australia,HARD,2,20
94.418,RIC,2022,29,Silverstone,HARD,3,9
93.615,ALB,2023,18,Silverstone,MEDIUM,1,18
86.297,GAS,2023,45,Monza,MEDIUM,3,14
79.055,ALB,2023,7,Monaco,MEDIUM,1,7
78.623,STR,2024,76,Monaco,SOFT,4,28
87.096,SAI,2023,47,Monza,HARD,2,28
84.874,SAR,2023,35,Australia,MEDIUM,4,27
78.797,VER,2024,27,Monaco,MEDIUM,2,26
81.657,NOR,2023,39,Australia,HARD,2,31
100.438,GAS,2023,2,Bahrain,SOFT,1,2
94.791,BOT,2023,6,Silverstone,HARD,1,6
114.148,LEC,2022,26,Silverstone,HARD,3,1
87.454,PIA,2023,12,Monza,MEDIUM,1,12
86.94,LEC,2023,14,Monza,MEDIUM,1,14
83.174,HAM,2023,24,Australia,HARD,2,16
82.809,SAI,2023,6,Australia,MEDIUM,1,6
79.376,GAS,2024,29,Monaco,MEDIUM,2,28
96.166,HUL,2023,10,Saudi Arabia,MEDIUM,1,10
98.78,OCO,2023,17,Bahrain,HARD,3,5
101.467,STR,2023,30,Bahrain,HARD,2,15
124.797,NOR,2023,3,Australia,MEDIUM,1,3
94.183,DEV,2023,47,Saudi Arabia,HARD,2,30
87.011,MAG,2023,20,Monza,MEDIUM,2,8
96.96,MAG,2022,54,Bahrain,SOFT,4,11
90.865,STR,2023,50,Monza,HARD,2,34
81.303,SAI,2023,45,Australia,HARD,3,38
99.677,GAS,2022,29,Bahrain,MEDIUM,2,15
100.987,ZHO,2023,62,Monaco,INTERMEDIATE,3,10
97.571,VER,2023,29,Bahrain,SOFT,2,15
78.721,ZHO,2023,44,Monaco,HARD,2,43
93.126,ALB,2023,27,Silverstone,MEDIUM,1,27
96.641,BOT,2022,38,Bahrain,MEDIUM,3,2
97.702,ALB,2022,51,Bahrain,SOFT,4,8
93.751,ALO,2022,33,Silverstone,MEDIUM,2,32
76.56,LEC,2024,64,Monaco,HARD,2,63
99.954,HAM,2023,26,Singapore,HARD,2,6
100.165,LEC,2023,6,Singapore,SOFT,1,9
95.243,NOR,2022,5,Silverstone,MEDIUM,2,5
98.909,SAI,2023,57,Singapore,HARD,2,37
106.415,NOR,2023,1,Singapore,MEDIUM,1,1
97.361,ALO,2024,18,Bahrain,HARD,2,3
97.883,ZHO,2024,25,Bahrain,HARD,2,16
86.666,VER,2023,13,Monza,MEDIUM,1,13
96.114,RUS,2023,2,Saudi Arabia,MEDIUM,1,2
97.277,HUL,2022,8,Saudi Arabia,HARD,1,9
80.853,SAR,2024,20,Monaco,HARD,2,20
145.892,LEC,2023,37,Silverstone,MEDIUM,3,5
82.995,PIA,2023,27,Australia,HARD,2,19
83.134,RUS,2023,4,Australia,MEDIUM,1,4
84.436,HAM,2022,17,Australia,MEDIUM,1,17
86.77,SAI,2023,49,Monza,HARD,2,30
86.765,PER,2023,18,Monza,MEDIUM,1,18
81.983,ZHO,2023,49,Australia,HARD,3,48
92.4,VER,2023,32,Saudi Arabia,HARD,2,14
98.582,SAR,2024,6,Bahrain,SOFT,1,6
77.11,HAM,2023,50,Monaco,HARD,2,19
115.62,SAI,2024,36,Bahrain,HARD,3,1
78.192,NOR,2023,35,Monaco,MEDIUM,1,35
101.167,PIA,2023,7,Bahrain,SOFT,1,7
76.98,LEC,2022,39,Monaco,HARD,4,18
109.721,STR,2022,40,Saudi Arabia,HARD,2,28
96.354,HAM,2022,54,Bahrain,SOFT,4,13
99.832,RIC,2022,23,Bahrain,SOFT,2,6
100.229,PER,2022,5,Monaco,WET,1,5
85.763,LEC,2023,26,Monza,HARD,2,6
101.5,LAW,2023,28,Singapore,HARD,2,8
96.555,PIA,2024,22,Bahrain,HARD,2,10
97.766,TSU,2024,20,Bahrain,HARD,2,6
94.056,TSU,2023,42,Saudi Arabia,HARD,2,25
94.871,NOR,2023,45,Saudi Arabia,MEDIUM,3,26
79.576,GAS,2024,36,Monaco,MEDIUM,2,35
85.719,LEC,2023,3,Monza,MEDIUM,1,3
82.986,NOR,2023,17,Australia,HARD,2,9
84.454,MAG,2022,46,Australia,MEDIUM,2,9
93.891,MAG,2023,24,Silverstone,MEDIUM,1,24
77.668,VER,2022,53,Monaco,MEDIUM,4,23
78.978,PIA,2024,34,Monaco,HARD,2,34
113.333,ALO,2023,46,Singapore,SOFT,3,4
145.027,BOT,2023,37,Silverstone,SOFT,2,5
92.882,ALB,2023,30,Silverstone,MEDIUM,1,30
140.564,HAM,2022,50,Bahrain,SOFT,4,9
98.587,STR,2023,19,Bahrain,HARD,2,4
78.478,GAS,2022,63,Monaco,HARD,4,41
114.547,OCO,2023,54,Monaco,HARD,2,22
100.84,TSU,2023,62,Monaco,INTERMEDIATE,2,9
98.082,NOR,2024,12,Bahrain,SOFT,1,15
93.337,ALO,2023,33,Saudi Arabia,HARD,2,16
98.195,SAR,2023,23,Monaco,HARD,2,3
115.808,PER,2024,37,Bahrain,SOFT,3,1
121.269,RUS,2023,14,Bahrain,HARD,2,1
94.677,ALO,2024,50,Bahrain,HARD,3,9
149.645,SAR,2023,19,Singapore,MEDIUM,1,19
78.196,BOT,2022,59,Monaco,HARD,3,39
97.7,RIC,2024,18,Bahrain,HARD,2,5
100.106,STR,2023,9,Bahrain,SOFT,1,12
96.795,HUL,2024,36,Bahrain,HARD,3,16
107.579,PER,2022,8,Monza,HARD,2,1
95.042,RIC,2022,30,Saudi Arabia,HARD,2,22
78.136,PIA,2024,49,Monaco,HARD,2,49
98.556,OCO,2024,29,Bahrain,HARD,2,19
94.621,PER,2023,6,Saudi Arabia,MEDIUM,1,6
100.556,PER,2023,8,Singapore,HARD,1,8
98.482,VER,2023,13,Bahrain,SOFT,1,16
81.155,RUS,2023,2,Monaco,HARD,1,2
99.973,BOT,2023,17,Bahrain,HARD,2,6
99.474,SAI,2023,6,Bahrain,SOFT,1,9
82.512,PIA,2023,39,Australia,HARD,2,31
103.615,HUL,2022,16,Bahrain,SOFT,1,16
78.258,TSU,2024,71,Monaco,HARD,2,71
79.524,PIA,2023,27,Monaco,HARD,1,27
96.763,BOT,2024,32,Bahrain,HARD,3,2
88.755,LEC,2023,1,Monza,MEDIUM,1,1
133.298,RUS,2023,2,Australia,MEDIUM,1,2
93.214,LEC,2023,13,Silverstone,MEDIUM,1,13
100.034,ALO,2022,38,Bahrain,HARD,3,13
78.351,MAG,2023,41,Monaco,HARD,1,41
114.811,NOR,2022,27,Monaco,HARD,3,5
95.446,PIA,2023,31,Saudi Arabia,HARD,2,30
96.513,RUS,2022,3,Saudi Arabia,MEDIUM,1,3
83.008,OCO,2023,17,Australia,HARD,3,16
79.58,LEC,2024,18,Monaco,HARD,2,17
96.12,GAS,2023,47,Bahrain,SOFT,4,7
149.09,NOR,2022,25,Australia,HARD,2,5
143.518,TSU,2023,37,Silverstone,SOFT,3,5
99.738,RUS,2022,32,Bahrain,HARD,2,18
127.813,NOR,2023,2,Australia,MEDIUM,1,2
78.275,BOT,2022,64,Monaco,HARD,3,44
99.261,RUS,2023,4,Bahrain,SOFT,1,7
100.433,NOR,2023,2,Bahrain,SOFT,1,2
81.866,HUL,2023,48,Australia,HARD,2,40
85.717,ZHO,2023,76,Monaco,INTERMEDIATE,3,24
95.411,GAS,2024,48,Bahrain,SOFT,4,5
80.347,ZHO,2024,24,Monaco,HARD,2,23
92.846,GAS,2023,23,Silverstone,MEDIUM,1,23
95.914,HAM,2024,49,Bahrain,HARD,3,16
93.436,PER,2023,10,Australia,HARD,4,3
98.541,SAI,2023,55,Singapore,HARD,2,35
78.204,RUS,2024,42,Monaco,MEDIUM,2,41
94.392,PER,2023,15,Saudi Arabia,MEDIUM,1,15
129.958,SAI,2023,3,Australia,MEDIUM,1,3
95.717,NOR,2024,48,Bahrain,HARD,3,15
79.055,PIA,2024,20,Monaco,HARD,2,20
80.323,TSU,2022,40,Monaco,MEDIUM,4,11
86.146,SAI,2023,21,Monza,HARD,2,2
127.813,NOR,2023,2,Australia,MEDIUM,1,2
97.998,MAG,2023,37,Bahrain,SOFT,3,8
78.126,ALO,2024,67,Monaco,MEDIUM,2,67
80.075,ALO,2022,42,Monaco,MEDIUM,3,12
77.754,HAM,2022,57,Monaco,MEDIUM,4,27
111.601,RIC,2022,1,Bahrain,MEDIUM,1,1
87.3,ZHO,2022,7,Monza,MEDIUM,1,7
81.463,HAM,2024,7,Monaco,MEDIUM,2,6
99.586,SAR,2023,62,Monaco,INTERMEDIATE,4,10
87.86,TSU,2022,40,Monza,HARD,2,22
87.867,ALO,2022,15,Monza,MEDIUM,1,15
100.798,HUL,2024,20,Bahrain,HARD,2,19
95.144,MSC,2022,29,Silverstone,HARD,3,10
79.097,GAS,2024,58,Monaco,MEDIUM,2,57
95.766,ALB,2024,43,Bahrain,HARD,3,7
93.19,ALO,2023,21,Silverstone,MEDIUM,1,22
94.118,RUS,2023,27,Saudi Arabia,HARD,2,9
93.267,GAS,2023,47,Monaco,HARD,1,47
100.923,STR,2023,11,Bahrain,SOFT,1,14
86.867,PER,2022,27,Australia,HARD,2,7
96.022,GAS,2023,11,Saudi Arabia,MEDIUM,1,11
88.206,OCO,2022,10,Monza,SOFT,1,10
81.53,RIC,2024,11,Monaco,HARD,2,11
78.778,SAI,2024,33,Monaco,HARD,2,32
94.019,ALO,2023,8,Silverstone,MEDIUM,1,9
102.612,MAG,2023,35,Singapore,HARD,2,15
96.551,GAS,2023,50,Bahrain,SOFT,4,10
83.13,TSU,2023,28,Australia,HARD,2,20
79.136,VET,2022,46,Monaco,HARD,4,24
87.443,PIA,2023,73,Monaco,INTERMEDIATE,2,19
78.087,RIC,2022,51,Monaco,HARD,3,32
82.11,VER,2023,21,Australia,HARD,2,13
97.108,ALB,2023,5,Saudi Arabia,MEDIUM,1,5
93.957,NOR,2022,27,Silverstone,MEDIUM,2,27
90.499,STR,2023,10,Australia,HARD,2,2
93.709,VET,2022,37,Silverstone,MEDIUM,3,33
149.193,LEC,2022,3,Silverstone,MEDIUM,2,2
81.289,TSU,2024,11,Monaco,HARD,2,11
79.691,ZHO,2022,47,Monaco,MEDIUM,3,18
93.644,HUL,2023,26,Silverstone,MEDIUM,2,19
92.55,PER,2023,33,Saudi Arabia,HARD,2,15
99.474,SAI,2023,6,Bahrain,SOFT,1,9
87.728,ALO,2022,20,Monza,MEDIUM,1,20
77.025,OCO,2023,40,Monaco,HARD,2,8
78.127,LEC,2023,21,Monaco,HARD,1,21
96.486,ALO,2022,14,Saudi Arabia,MEDIUM,1,14
104.201,GAS,2023,9,Bahrain,SOFT,1,9
96.935,ZHO,2023,53,Monaco,INTERMEDIATE,3,1
93.155,LEC,2023,41,Saudi Arabia,HARD,2,25
99.612,SAR,2023,21,Bahrain,SOFT,2,9
98.804,PER,2023,7,Bahrain,SOFT,1,10
93.801,PER,2022,51,Monza,SOFT,3,9
86.496,LEC,2023,31,Monza,HARD,2,11
98.487,RUS,2023,25,Bahrain,HARD,2,12
103.086,GAS,2023,18,Australia,HARD,2,10
84.294,TSU,2022,33,Monaco,MEDIUM,4,4
99.995,OCO,2023,42,Singapore,HARD,2,22
96.757,RUS,2023,51,Singapore,MEDIUM,3,7
96.597,BOT,2023,5,Saudi Arabia,MEDIUM,1,5
91.892,PER,2022,43,Silverstone,SOFT,4,4
93.647,RUS,2023,68,Monaco,INTERMEDIATE,2,14
97.17,LEC,2023,38,Bahrain,HARD,3,5
77.205,BOT,2024,51,Monaco,HARD,3,37
102.182,BOT,2023,2,Singapore,HARD,1,2
80.806,ZHO,2024,31,Monaco,HARD,2,30
95.226,HAM,2024,47,Bahrain,HARD,3,14
97.392,ALB,2024,17,Bahrain,HARD,2,2
93.205,TSU,2023,24,Silverstone,HARD,2,10
100.504,MAG,2023,10,Singapore,MEDIUM,1,10
80.741,HAM,2023,52,Australia,HARD,2,44
100.889,HAM,2024,12,Bahrain,SOFT,1,15
93.855,GAS,2023,10,Silverstone,MEDIUM,1,10
75.19,HAM,2024,65,Monaco,HARD,3,15
82.45,GAS,2023,21,Australia,HARD,2,13
97.265,ALO,2024,23,Bahrain,HARD,2,8
80.316,RUS,2024,12,Monaco,MEDIUM,2,11
78.64,TSU,2023,50,Monaco,MEDIUM,1,50
123.087,STR,2022,41,Silverstone,MEDIUM,4,4
78.551,STR,2024,44,Monaco,HARD,3,4
96.843,PIA,2023,53,Monaco,HARD,1,53
84.019,DEV,2023,23,Australia,MEDIUM,2,15
95.383,LEC,2024,50,Bahrain,HARD,3,16
96.911,ALO,2023,43,Bahrain,HARD,3,9
98.218,ALB,2022,28,Monaco,MEDIUM,3,6
78.947,SAI,2023,12,Monaco,HARD,1,12
99.58,SAR,2024,8,Bahrain,SOFT,1,8
99.795,STR,2022,8,Monaco,INTERMEDIATE,3,6
95.589,OCO,2022,6,Silverstone,SOFT,2,5
86.712,OCO,2023,74,Monaco,INTERMEDIATE,3,20
101.23,SAI,2023,28,Singapore,HARD,2,8
100.466,NOR,2023,12,Singapore,MEDIUM,1,12
81.578,VER,2023,39,Australia,HARD,2,31
95.68,OCO,2022,1,Monza,SOFT,1,1
99.807,DEV,2023,24,Bahrain,HARD,2,13
116.008,NOR,2023,17,Saudi Arabia,HARD,2,15
87.742,TSU,2022,46,Monza,HARD,2,28
74.748,VER,2024,59,Monaco,HARD,3,8
95.211,SAI,2024,53,Bahrain,HARD,3,18
96.656,OCO,2024,47,Bahrain,HARD,3,17
86.511,MAG,2023,43,Monza,MEDIUM,3,10
113.144,GAS,2022,40,Saudi Arabia,HARD,2,25
94.138,ZHO,2023,48,Saudi Arabia,MEDIUM,3,30
96.631,GAS,2024,42,Bahrain,HARD,3,11
81.303,SAI,2023,45,Australia,HARD,3,38
81.166,VER,2023,43,Australia,HARD,2,35
93.338,HAM,2022,10,Silverstone,MEDIUM,2,9
78.409,VER,2024,40,Monaco,MEDIUM,2,39
81.378,GAS,2024,59,Monaco,MEDIUM,2,58
100.748,DEV,2023,2,Saudi Arabia,MEDIUM,1,2
86.97,VET,2022,20,Monaco,INTERMEDIATE,2,14
94.916,ALO,2024,51,Bahrain,HARD,3,10
97.103,OCO,2022,13,Saudi Arabia,MEDIUM,1,13
132.35,NOR,2022,45,Bahrain,SOFT,3,4
103.008,LEC,2023,56,Monaco,INTERMEDIATE,3,1
97.68,OCO,2022,56,Bahrain,SOFT,4,16
97.004,ALB,2023,6,Saudi Arabia,MEDIUM,1,6
77.992,TSU,2023,37,Monaco,MEDIUM,1,37
99.714,STR,2023,6,Bahrain,SOFT,1,9
94.852,MAG,2023,34,Saudi Arabia,HARD,2,26
81.902,OCO,2023,40,Australia,HARD,3,39
81.404,SAR,2024,12,Monaco,HARD,2,12
84.825,NOR,2022,45,Monza,SOFT,2,12
98.2,ALO,2023,22,Bahrain,HARD,2,8
80.554,GAS,2024,22,Monaco,MEDIUM,2,21
98.183,ALB,2024,32,Bahrain,HARD,2,17
97.234,HAM,2023,21,Saudi Arabia,MEDIUM,2,3
81.919,MAG,2023,47,Australia,HARD,3,40
81.516,ZHO,2024,28,Monaco,HARD,2,27
96.981,HUL,2023,28,Bahrain,HARD,3,2
98.657,SAR,2023,50,Singapore,MEDIUM,3,7
78.62,LEC,2024,22,Monaco,HARD,2,21
78.914,MAG,2023,9,Monaco,HARD,1,9
98.606,HAM,2022,20,Bahrain,HARD,2,10
87.119,BOT,2023,4,Monza,HARD,1,7
103.608,ALO,2023,1,Bahrain,SOFT,1,4
79.109,ALO,2024,47,Monaco,MEDIUM,2,47
99.516,PIA,2023,58,Singapore,HARD,2,38
98.059,HAM,2022,37,Saudi Arabia,HARD,1,38
97.264,SAI,2024,4,Bahrain,SOFT,1,7
94.087,ALB,2023,69,Monaco,INTERMEDIATE,3,17
78.214,PIA,2024,52,Monaco,HARD,2,52
80.877,ALO,2024,34,Monaco,MEDIUM,2,34
94.199,DEV,2023,48,Saudi Arabia,HARD,2,31
77.397,VER,2023,8,Monaco,MEDIUM,1,8
82.088,HUL,2023,32,Australia,HARD,2,24
93.935,MAG,2023,20,Silverstone,MEDIUM,1,20
87.095,LAT,2022,27,Monza,HARD,2,12
75.314,NOR,2022,61,Monaco,MEDIUM,5,10
95.433,SAI,2023,5,Saudi Arabia,MEDIUM,1,5
79.862,HAM,2024,26,Monaco,MEDIUM,2,25
98.34,LEC,2022,22,Australia,MEDIUM,1,22
130.782,TSU,2023,41,Bahrain,SOFT,4,4
75.733,VER,2024,72,Monaco,HARD,3,21
78.947,ZHO,2023,48,Monaco,HARD,2,47
119.988,TSU,2022,24,Australia,HARD,2,6
133.1,SAR,2023,2,Australia,MEDIUM,2,1
80.154,DEV,2023,27,Monaco,MEDIUM,1,27
92.66,PIA,2023,20,Silverstone,MEDIUM,1,20
78.99,RUS,2023,8,Monaco,HARD,1,8
111.374,ZHO,2022,1,Bahrain,SOFT,1,1
76.991,HUL,2023,6,Monaco,HARD,2,5
84.293,ALO,2023,4,Australia,MEDIUM,1,5
86.134,LAW,2023,45,Monza,MEDIUM,3,15
93.754,DEV,2023,26,Silverstone,SOFT,1,26
79.436,NOR,2024,42,Monaco,HARD,2,42
135.182,ALB,2023,22,Singapore,HARD,2,2
76.895,SAR,2024,64,Monaco,MEDIUM,3,7
77.885,SAI,2024,45,Monaco,HARD,2,44
95.23,BOT,2022,15,Monaco,WET,1,15
101.086,RUS,2023,4,Singapore,MEDIUM,1,4
79.991,TSU,2024,20,Monaco,HARD,2,20
98.183,SAI,2024,8,Bahrain,SOFT,1,11
93.426,PER,2023,25,Saudi Arabia,HARD,2,7
96.912,VER,2023,58,Singapore,MEDIUM,2,18
100.8,ALB,2022,19,Bahrain,MEDIUM,2,6
94.191,NOR,2022,14,Silverstone,MEDIUM,2,14
96.742,GAS,2024,40,Bahrain,HARD,3,9
87.316,LAT,2022,13,Monza,MEDIUM,1,13
78.973,TSU,2024,35,Monaco,HARD,2,35
80.323,ALB,2024,25,Monaco,HARD,2,24
102.39,OCO,2022,23,Australia,HARD,2,6
89.768,VET,2022,19,Monaco,INTERMEDIATE,2,13
98.861,MAG,2024,9,Bahrain,SOFT,1,9
83.473,RIC,2022,37,Australia,HARD,2,16
88.007,BOT,2023,13,Monza,HARD,1,16
78.764,BOT,2023,18,Monaco,HARD,1,18
85.065,ALO,2022,18,Australia,HARD,1,18
82.744,GAS,2022,34,Monaco,HARD,4,12
98.889,DEV,2023,45,Bahrain,HARD,3,18
99.806,PER,2022,10,Bahrain,SOFT,1,13
87.855,OCO,2023,13,Monza,MEDIUM,1,13
97.448,STR,2023,48,Bahrain,HARD,3,18
106.94,SAI,2022,16,Saudi Arabia,MEDIUM,1,16
87.207,RIC,2022,36,Monza,HARD,2,17
95.308,LEC,2024,48,Bahrain,HARD,3,14
93.102,PER,2022,31,Saudi Arabia,HARD,2,16
82.536,NOR,2023,24,Australia,HARD,2,16
93.509,LEC,2022,9,Silverstone,MEDIUM,2,8
91.752,PIA,2023,50,Silverstone,HARD,2,21
95.087,LEC,2024,39,Bahrain,HARD,3,5
93.998,OCO,2023,47,Saudi Arabia,HARD,2,31
101.708,ALB,2022,6,Bahrain,SOFT,1,6
95.466,STR,2022,14,Silverstone,MEDIUM,2,15
92.772,NOR,2023,4,Silverstone,MEDIUM,1,4
102.694,SAR,2023,7,Australia,HARD,3,6
93.751,ALB,2023,13,Silverstone,MEDIUM,1,13
83.914,BOT,2022,47,Australia,HARD,2,25
84.237,STR,2022,31,Australia,HARD,4,12
103.473,LEC,2023,58,Monaco,INTERMEDIATE,3,3
79.017,LEC,2024,13,Monaco,HARD,2,12
86.81,NOR,2023,43,Monza,HARD,2,25
79.971,HAM,2024,15,Monaco,MEDIUM,2,14
95.501,MAG,2023,27,Saudi Arabia,HARD,2,19
124.199,STR,2022,6,Australia,HARD,3,2
97.432,RUS,2023,47,Bahrain,HARD,3,16
94.105,ZHO,2023,50,Saudi Arabia,MEDIUM,3,32
98.226,ALB,2024,25,Bahrain,HARD,2,10
94.982,LEC,2024,42,Bahrain,HARD,3,8
78.842,GAS,2023,6,Monaco,HARD,1,6
96.082,PIA,2023,15,Saudi Arabia,HARD,2,14
77.498,OCO,2023,24,Monaco,MEDIUM,1,24
98.303,MAG,2023,38,Bahrain,SOFT,3,9
96.207,BOT,2023,14,Saudi Arabia,HARD,2,5
101.24,ZHO,2023,8,Singapore,HARD,2,6
80.658,BOT,2024,32,Monaco,HARD,3,18
88.533,OCO,2022,6,Monza,SOFT,1,6
2473.884,RUS,2024,1,Monaco,HARD,1,1
97.841,RUS,2023,53,Bahrain,HARD,3,22
84.804,TSU,2022,22,Australia,HARD,2,4
87.266,PER,2022,5,Monza,MEDIUM,1,5
99.322,RUS,2023,40,Singapore,HARD,2,20
114.475,ZHO,2022,3,Australia,MEDIUM,1,3
82.481,ZHO,2024,48,Monaco,HARD,2,47
87.228,ALO,2022,27,Australia,HARD,1,27
79.131,TSU,2023,20,Monaco,MEDIUM,1,20
83.29,ALO,2023,5,Australia,MEDIUM,1,6
100.177,DEV,2023,43,Bahrain,HARD,3,16
87.827,BOT,2022,24,Monza,MEDIUM,1,24
79.956,ALO,2024,45,Monaco,MEDIUM,2,45
102.258,ZHO,2022,9,Bahrain,SOFT,1,9
80.238,HUL,2023,50,Monaco,HARD,2,49
83.31,TSU,2023,36,Australia,HARD,2,28
100.5,PER,2023,54,Australia,HARD,4,47
84.634,VER,2022,11,Australia,MEDIUM,1,11
96.924,LEC,2024,24,Bahrain,HARD,2,13
86.928,NOR,2022,31,Monza,MEDIUM,1,31
121.689,ZHO,2022,50,Monza,HARD,2,32
97.652,ZHO,2024,19,Bahrain,HARD,2,10
95.4,ZHO,2023,28,Saudi Arabia,MEDIUM,3,10
95.302,SAI,2024,37,Bahrain,HARD,3,2
80.543,TSU,2024,48,Monaco,HARD,2,48
77.994,NOR,2024,38,Monaco,HARD,2,38
101.01,TSU,2023,9,Bahrain,SOFT,1,9
97.582,VER,2023,21,Bahrain,SOFT,2,7
92.882,TSU,2023,39,Silverstone,SOFT,3,7
96.424,VET,2022,15,Monaco,INTERMEDIATE,2,9
91.146,BOT,2022,40,Australia,HARD,2,18
85.927,HAM,2023,50,Monza,MEDIUM,2,23
117.545,RUS,2023,54,Monaco,HARD,1,54
136.298,PIA,2023,44,Singapore,HARD,2,24
97.413,LEC,2022,45,Bahrain,MEDIUM,3,14
105.842,LEC,2023,21,Monza,HARD,2,1
97.608,SAI,2024,10,Bahrain,SOFT,1,13
